股票代码,股票名称,所属市场,所属板块,热点标签,最新收盘价,MA5,可买股数,预计占用资金,最近5日振幅,最近5日涨幅,最近5日平均成交额,综合评分
002655,共达电声,深市主板,未知,未归类,36.37,35.13,800,29096.0,37.95,15.39,2014240036.35,153.0
300762,上海瀚讯,创业板,未知,未归类,48.16,45.65,600,28896.0,29.22,10.92,3106918611.18,151.44
002364,中恒电气,深市主板,未知,未归类,44.73,44.37,600,26838.0,20.33,9.66,2639565476.71,150.67
688005,容百科技,科创板,未知,未归类,38.24,37.75,700,26768.0,19.4,9.79,2013860231.54,148.81
300657,弘信电子,创业板,未知,未归类,38.65,38.29,700,27055.0,18.73,8.08,2126354693.62,147.46
601208,东材科技,沪市主板,未知,未归类,45.8,43.45,600,27480.0,26.54,17.02,4208644835.21,146.08
002436,兴森科技,深市主板,未知,未归类,33.17,30.96,900,29853.0,27.89,19.7,5075128397.04,143.78
301246,宏源药业,创业板,未知,未归类,31.8,31.15,900,28620.0,28.63,6.11,1206875341.75,143.46
000338,潍柴动力,深市主板,未知,未归类,33.53,33.42,800,26824.0,16.36,7.47,4833652975.24,142.72
300364,中文在线,创业板,未知,未归类,31.09,30.77,900,27981.0,16.24,8.03,1993761712.1,142.29
600176,中国巨石,沪市主板,未知,未归类,38.01,37.09,700,26607.0,21.96,10.17,5589973238.73,141.91
300285,国瓷材料,创业板,未知,化工,38.71,37.78,700,27097.0,15.67,8.19,2020380913.0,141.34
002636,金安国纪,深市主板,未知,未归类,48.5,47.48,600,29100.0,15.45,8.02,2363391313.99,140.9
603698,航天工程,沪市主板,未知,低空经济；军工,44.41,44.36,600,26646.0,15.38,1.0,2052299050.96,140.77
300115,长盈精密,创业板,未知,未归类,36.47,34.99,800,29176.0,17.09,9.68,2339613246.69,139.18
601698,中国卫通,沪市主板,未知,未归类,39.81,38.39,700,27867.0,16.84,8.56,3643059678.08,138.68
600580,卧龙电驱,沪市主板,未知,未归类,40.64,39.52,700,28448.0,14.34,7.37,2243065980.46,138.68
688249,晶合集成,科创板,未知,半导体,36.05,34.1,800,28840.0,17.07,6.66,1983123194.34,138.64
600330,天通股份,沪市主板,未知,未归类,32.08,28.82,900,28872.0,24.44,15.02,6428314005.23,136.88
600988,赤峰黄金,沪市主板,未知,有色金属,42.04,41.58,700,29428.0,19.33,10.63,2903724394.12,136.66
000960,锡业股份,深市主板,未知,未归类,41.31,39.06,700,28917.0,21.5,17.19,3400206424.8,136.0
300885,海昌新材,创业板,未知,未归类,30.14,29.65,900,27126.0,34.73,5.24,861053826.87,135.83
000426,兴业银锡,深市主板,未知,未归类,49.29,46.95,600,29574.0,21.18,16.3,4661833456.32,135.36
300339,润和软件,创业板,未知,未归类,47.98,46.92,600,28788.0,12.66,6.13,2268964050.14,135.31
300085,银之杰,创业板,未知,未归类,43.34,40.4,600,26004.0,23.41,16.26,2068742311.91,134.82
601231,环旭电子,沪市主板,未知,未归类,41.18,40.3,700,28826.0,12.33,8.94,2047124239.2,134.66
300433,蓝思科技,创业板,未知,未归类,30.82,27.86,900,27738.0,22.97,19.97,3128799264.14,133.94
300102,乾照光电,创业板,未知,未归类,33.42,32.84,800,26736.0,11.79,1.83,2424725743.59,133.57
601168,西部矿业,沪市主板,未知,未归类,32.3,31.37,900,29070.0,11.68,9.16,2188635282.28,133.36
600343,航天动力,沪市主板,未知,低空经济；军工,38.19,36.19,700,26733.0,20.91,10.63,1945552441.03,133.18
000062,深圳华强,深市主板,未知,未归类,39.09,37.18,700,27363.0,14.01,5.88,3962854849.66,133.01
300900,广联航空,创业板,未知,低空经济；军工,49.2,46.45,600,29520.0,19.76,10.69,2050008370.92,132.52
000063,中兴通讯,深市主板,未知,未归类,39.11,38.33,700,27377.0,10.62,6.57,5872502126.36,131.23
000034,神州数码,深市主板,未知,未归类,42.62,40.23,700,29834.0,18.6,13.14,2022262350.12,130.19
603881,数据港,沪市主板,未知,未归类,42.31,39.49,700,29617.0,20.89,14.63,2770934266.7,129.77
603220,中贝通信,沪市主板,未知,AI算力,31.1,30.47,900,27990.0,21.38,10.05,1625372844.19,129.52
001287,中电港,深市主板,未知,未归类,30.78,28.89,900,27702.0,21.38,16.33,1928872296.71,128.62
600961,株冶集团,沪市主板,未知,未归类,30.35,28.74,900,27315.0,17.6,14.57,2409915003.93,128.2
300458,全志科技,创业板,未知,未归类,37.4,36.49,800,29920.0,10.03,4.47,1926088462.78,127.85
300846,首都在线,创业板,未知,未归类,31.93,29.88,900,28737.0,26.29,19.36,1536750925.08,126.69
002273,水晶光电,深市主板,未知,未归类,37.74,35.03,700,26418.0,18.95,14.36,2825205324.11,125.89
300706,阿石创,创业板,未知,未归类,48.91,47.26,600,29346.0,27.99,15.08,1200071350.8,124.98
605090,九丰能源,沪市主板,未知,未归类,47.6,45.02,600,28560.0,13.68,4.48,1748884577.87,124.82
603031,安孚科技,沪市主板,未知,未归类,48.92,45.68,600,29352.0,31.67,17.88,1157837533.86,122.74
603127,昭衍新药,沪市主板,未知,未归类,40.13,39.34,700,28091.0,13.31,3.24,1518335611.81,122.16
603067,振华股份,沪市主板,未知,未归类,40.08,38.52,700,28056.0,19.25,14.58,1671806332.9,121.66
300499,高澜股份,创业板,未知,未归类,44.37,42.31,600,26622.0,19.5,15.4,1629269644.82,120.88
002151,北斗星通,深市主板,未知,未归类,44.35,43.07,600,26610.0,12.89,8.44,1449700509.14,119.26
688102,斯瑞新材,科创板,未知,未归类,47.36,44.41,600,28416.0,23.17,13.44,1491851780.57,119.1
002645,华宏科技,深市主板,未知,未归类,30.09,27.21,900,27081.0,22.14,16.76,1554183910.48,118.91
301638,南网数字,创业板,未知,未归类,31.22,30.13,900,28098.0,17.97,9.28,1261404879.72,118.79
000021,深科技,深市主板,未知,未归类,32.97,31.09,900,29673.0,15.32,12.83,3539613989.91,118.65
002625,光启技术,深市主板,未知,未归类,42.09,40.91,700,29463.0,11.33,7.43,1531345583.66,118.6
688172,燕东微,科创板,未知,未归类,48.3,46.06,600,28980.0,27.52,13.67,997753171.78,117.98
002138,顺络电子,深市主板,未知,未归类,37.31,35.92,800,29848.0,13.92,9.9,1475410163.57,117.1
002179,中航光电,深市主板,未知,未归类,40.61,37.57,700,28427.0,14.07,11.08,2036408687.45,116.15
300723,一品红,创业板,未知,未归类,42.82,42.26,700,29974.0,15.93,3.31,1128657584.85,115.72
300748,金力永磁,创业板,未知,未归类,37.21,34.87,800,29768.0,16.35,12.89,1826839614.67,115.51
300161,华中数控,创业板,未知,未归类,38.41,36.77,700,26887.0,34.75,18.26,746015412.36,115.38
300316,晶盛机电,创业板,未知,未归类,47.69,45.4,600,28614.0,17.06,11.9,1538859731.41,113.28
600141,兴发集团,沪市主板,未知,未归类,33.23,32.64,900,29907.0,11.01,1.81,1369637442.9,113.12
603319,美湖股份,沪市主板,未知,未归类,39.21,39.15,700,27447.0,15.61,2.62,1007326806.23,111.45
605222,起帆电缆,沪市主板,未知,未归类,40.92,37.05,700,28644.0,26.8,12.51,984314870.11,111.13
300790,宇瞳光学,创业板,未知,未归类,33.56,31.2,800,26848.0,24.85,15.72,1103175046.83,110.8
300766,每日互动,创业板,未知,未归类,31.72,31.2,900,28548.0,15.06,8.56,1018183509.59,110.67
300687,赛意信息,创业板,未知,未归类,30.2,28.0,900,27180.0,27.74,19.65,878448012.58,109.83
605111,新洁能,沪市主板,未知,未归类,47.08,43.09,600,28248.0,21.09,15.73,1312959159.23,109.58
002730,电光科技,深市主板,未知,未归类,35.05,33.64,800,28040.0,15.02,4.13,1149829158.8,109.53
600895,张江高科,沪市主板,未知,未归类,38.45,37.65,700,26915.0,11.33,5.0,1216137209.62,109.15
300547,川环科技,创业板,未知,未归类,41.5,40.81,700,29050.0,17.44,6.63,767838601.92,107.92
000603,盛达资源,深市主板,未知,未归类,39.46,38.57,700,27622.0,12.47,8.17,1066283371.79,106.93
600536,中国软件,沪市主板,未知,未归类,42.28,40.37,700,29596.0,18.14,11.91,1208162498.82,105.52
300007,汉威科技,创业板,未知,未归类,46.41,45.35,600,27846.0,14.6,8.06,833845411.83,104.22
002472,双环传动,深市主板,未知,未归类,42.43,40.91,700,29701.0,11.71,8.05,1145259009.82,102.78
601069,西部黄金,沪市主板,未知,有色金属,34.66,34.24,800,27728.0,12.35,6.35,927152129.12,102.52
600391,航发科技,沪市主板,未知,未归类,44.04,40.11,600,26424.0,23.96,18.42,865831480.57,101.89
300607,拓斯达,创业板,未知,未归类,31.55,30.47,900,28395.0,16.33,8.12,792160436.08,101.42
300257,开山股份,创业板,未知,未归类,35.3,33.49,800,28240.0,24.3,14.72,654212469.6,101.22
300747,锐科激光,创业板,未知,未归类,38.25,37.07,700,26775.0,12.27,6.25,1033283866.28,100.54
301297,富乐德,创业板,未知,未归类,49.07,45.7,600,29442.0,18.38,13.59,1179018185.7,100.13
688262,国芯科技,科创板,未知,未归类,41.14,40.55,700,28798.0,13.46,5.57,770374487.76,100.02
688135,利扬芯片,科创板,未知,半导体,38.84,38.26,700,27188.0,13.25,5.29,776616233.12,99.8
300255,常山药业,创业板,未知,未归类,46.01,45.06,600,27606.0,14.3,11.24,1091896229.76,99.36
301079,邵阳液压,创业板,未知,未归类,47.5,45.25,600,28500.0,18.76,9.42,544013896.09,98.83
002831,裕同科技,深市主板,未知,未归类,41.12,39.24,700,28784.0,16.97,8.67,631338723.0,97.87
600363,联创光电,沪市主板,未知,未归类,47.51,47.37,600,28506.0,13.37,-1.02,1023672094.01,97.46
603156,养元饮品,沪市主板,未知,未归类,42.61,40.75,700,29827.0,22.27,13.48,660037041.5,97.33
002922,伊戈尔,深市主板,未知,未归类,41.75,41.51,700,29225.0,10.1,5.59,887897901.94,96.84
300322,硕贝德,创业板,未知,未归类,33.5,31.76,800,26800.0,16.3,10.89,1034886278.05,96.64
301500,飞南资源,创业板,未知,未归类,31.31,30.6,900,28179.0,10.27,7.45,838528726.58,95.7
301236,软通动力,创业板,未知,未归类,42.71,41.45,700,29897.0,10.83,8.29,957406066.95,95.39
603341,龙旗科技,沪市主板,未知,未归类,40.23,38.15,700,28161.0,17.06,9.29,540143118.69,95.33
688107,安路科技,科创板,未知,未归类,39.2,36.49,700,27440.0,24.3,16.42,623932135.55,95.33
000733,振华科技,深市主板,未知,未归类,46.51,44.2,600,27906.0,12.66,9.15,818481596.53,94.86
688319,欧林生物,科创板,未知,医药,36.01,34.29,800,28808.0,22.93,16.61,503433374.27,93.96
000962,东方钽业,深市主板,未知,未归类,48.65,47.27,600,29190.0,13.84,10.9,928497148.84,93.53
300480,光力科技,创业板,未知,未归类,39.9,37.43,700,27930.0,18.62,11.24,928599458.31,93.1
603978,深圳新星,沪市主板,未知,未归类,30.78,29.25,900,27702.0,17.97,14.25,799764214.42,92.94
301382,蜂助手,创业板,未知,未归类,49.5,46.63,600,29700.0,18.87,12.5,902467065.57,92.82
300699,光威复材,创业板,未知,未归类,36.61,34.85,800,29288.0,14.33,10.94,1017664148.12,92.18
300775,三角防务,创业板,未知,未归类,31.95,30.69,900,28755.0,10.81,7.14,801136951.41,90.65
300619,金银河,创业板,未知,未归类,48.83,44.56,600,29298.0,23.06,19.01,540906346.8,90.34
688208,道通科技,科创板,未知,未归类,37.2,34.86,800,29760.0,16.45,9.83,578561606.1,90.27
605133,嵘泰股份,沪市主板,未知,未归类,39.05,36.05,700,27335.0,23.22,19.68,513519838.91,89.85
688006,杭可科技,科创板,未知,未归类,33.91,33.1,800,27128.0,11.01,6.3,554347337.56,88.65
300520,科大国创,创业板,未知,未归类,39.42,37.47,700,27594.0,17.44,12.95,687331451.01,88.51
603931,格林达,沪市主板,未知,未归类,42.95,41.74,600,25770.0,17.49,10.64,514561340.21,88.42
002430,杭氧股份,深市主板,未知,未归类,30.96,30.79,900,27864.0,10.27,-1.5,917527115.23,88.07
002683,广东宏大,深市主板,未知,未归类,40.66,38.45,700,28462.0,17.09,11.95,658998521.68,86.94
688180,君实生物,科创板,未知,医药,42.08,40.44,700,29456.0,10.1,4.21,692317611.32,85.97
603039,泛微网络,沪市主板,未知,未归类,49.65,47.75,600,29790.0,10.48,9.0,661660170.88,85.8
300812,易天股份,创业板,未知,未归类,41.8,38.51,700,29260.0,21.34,19.36,503983536.22,85.79
300777,中简科技,创业板,未知,未归类,41.52,39.36,700,29064.0,13.96,12.1,767297551.48,83.94
301012,扬电科技,创业板,未知,未归类,37.98,36.62,700,26586.0,11.58,7.81,525388903.07,83.91
300739,明阳电路,创业板,未知,未归类,30.29,28.88,900,27261.0,14.21,11.65,712608627.48,82.79
300378,鼎捷数智,创业板,未知,未归类,43.53,42.03,600,26118.0,14.4,11.84,688997842.26,82.48
002940,昂利康,深市主板,未知,未归类,34.25,33.04,800,27400.0,10.28,3.54,528700934.84,81.43
