decision_id,stock_code,stock_name,is_fixed_holding,predict_date,rule_version,rule_grade,rule_score,next_day_up_probability,direction_confidence,hit_1pct_probability,hit_2pct_probability,stop_2pct_probability,sector_name,sector_status,market_regime,model_quality_score,fusion_score,risk_reward_ratio,created_at,model_version,final_action,decision_reason
v3.0-decision-fusion-001_000725_,000725,京东方A,True,nan,nan,未评级,0.0,0.5,0.0,0.5,0.5,0.5,nan,未知,nan,0.5,46.5,1.50,2026-09-02 09:27:33,v3.0-decision-fusion-001,继续持有,继续持有：暂未触发卖点。
v3.0-decision-fusion-001_603799_,603799,华友钴业,True,nan,nan,未评级,0.0,0.5,0.0,0.5,0.5,0.5,nan,未知,nan,0.5,46.5,1.50,2026-09-02 09:27:33,v3.0-decision-fusion-001,继续持有,继续持有：暂未触发卖点。
v3.0-decision-fusion-001_300623_,300623,捷捷微电,True,nan,nan,未评级,0.0,0.5,0.0,0.5,0.5,0.5,nan,未知,nan,0.5,46.5,1.50,2026-09-02 09:27:33,v3.0-decision-fusion-001,继续持有,继续持有：暂未触发卖点。
v3.0-decision-fusion-001_002213_2026-08-25,002213,大为股份,True,2026-08-25,v2.0,未评级,0.0,0.48,0.04,0.5,0.5,0.5,nan,未知,偏弱,0.5,45.09,1.50,2026-09-02 09:27:33,v3.0-decision-fusion-001,减仓,减仓：风险升高，先降仓位。
v3.0-decision-fusion-001_000063_2026-07-24,000063,中兴通讯,False,2026-07-24,nan,未评级,0.0,0.5,0.0,0.5,0.5,0.5,通信,未知,nan,0.5,46.5,1.50,2026-09-02 09:27:33,v3.0-decision-fusion-001,只观察,只观察：条件不够，先不买。
v3.0-decision-fusion-001_000628_2026-07-24,000628,高新发展,False,2026-07-24,nan,未评级,0.0,0.5,0.0,0.5,0.5,0.5,房屋建设Ⅱ,未知,nan,0.5,46.5,1.50,2026-09-02 09:27:33,v3.0-decision-fusion-001,只观察,只观察：条件不够，先不买。
v3.0-decision-fusion-001_000811_2026-07-24,000811,冰轮环境,False,2026-07-24,nan,未评级,0.0,0.5,0.0,0.5,0.5,0.5,通用设备,未知,nan,0.5,46.5,1.50,2026-09-02 09:27:33,v3.0-decision-fusion-001,只观察,只观察：条件不够，先不买。
v3.0-decision-fusion-001_000831_2026-07-24,000831,中国稀土,False,2026-07-24,nan,未评级,0.0,0.5,0.0,0.5,0.5,0.5,稀土,未知,nan,0.5,46.5,1.50,2026-09-02 09:27:33,v3.0-decision-fusion-001,只观察,只观察：条件不够，先不买。
v3.0-decision-fusion-001_000960_2026-07-24,000960,锡业股份,False,2026-07-24,nan,未评级,0.0,0.5,0.0,0.5,0.5,0.5,nan,未知,nan,0.5,46.5,1.50,2026-09-02 09:27:33,v3.0-decision-fusion-001,只观察,只观察：条件不够，先不买。
v3.0-decision-fusion-001_002138_2026-07-24,002138,顺络电子,False,2026-07-24,nan,未评级,0.0,0.5,0.0,0.5,0.5,0.5,被动元件,未知,nan,0.5,46.5,1.50,2026-09-02 09:27:33,v3.0-decision-fusion-001,只观察,只观察：条件不够，先不买。
v3.0-decision-fusion-001_002149_2026-07-24,002149,西部材料,False,2026-07-24,nan,未评级,0.0,0.5,0.0,0.5,0.5,0.5,nan,未知,nan,0.5,46.5,1.50,2026-09-02 09:27:33,v3.0-decision-fusion-001,只观察,只观察：条件不够，先不买。
v3.0-decision-fusion-001_002407_2026-07-24,002407,多氟多,False,2026-07-24,nan,未评级,0.0,0.5,0.0,0.5,0.5,0.5,氟化工,未知,nan,0.5,46.5,1.50,2026-09-02 09:27:33,v3.0-decision-fusion-001,只观察,只观察：条件不够，先不买。
v3.0-decision-fusion-001_002990_2026-07-24,002990,盛视科技,False,2026-07-24,nan,未评级,0.0,0.5,0.0,0.5,0.5,0.5,其他计算机设备,未知,nan,0.5,46.5,1.50,2026-09-02 09:27:33,v3.0-decision-fusion-001,只观察,只观察：条件不够，先不买。
v3.0-decision-fusion-001_300316_2026-07-24,300316,晶盛机电,False,2026-07-24,nan,未评级,0.0,0.5,0.0,0.5,0.5,0.5,光伏加工设备,未知,nan,0.5,46.5,1.50,2026-09-02 09:27:33,v3.0-decision-fusion-001,只观察,只观察：条件不够，先不买。
v3.0-decision-fusion-001_300433_2026-07-24,300433,蓝思科技,False,2026-07-24,nan,未评级,0.0,0.5,0.0,0.5,0.5,0.5,消费电子,未知,nan,0.5,46.5,1.50,2026-09-02 09:27:33,v3.0-decision-fusion-001,只观察,只观察：条件不够，先不买。
v3.0-decision-fusion-001_300759_2026-07-24,300759,康龙化成,False,2026-07-24,nan,未评级,0.0,0.5,0.0,0.5,0.5,0.5,医疗服务,未知,nan,0.5,46.5,1.50,2026-09-02 09:27:33,v3.0-decision-fusion-001,只观察,只观察：条件不够，先不买。
v3.0-decision-fusion-001_600536_2026-07-24,600536,中国软件,False,2026-07-24,nan,未评级,0.0,0.5,0.0,0.5,0.5,0.5,IT服务Ⅲ,未知,nan,0.5,46.5,1.50,2026-09-02 09:27:33,v3.0-decision-fusion-001,只观察,只观察：条件不够，先不买。
v3.0-decision-fusion-001_601126_2026-07-24,601126,四方股份,False,2026-07-24,nan,未评级,0.0,0.5,0.0,0.5,0.5,0.5,电网自动化设备,未知,nan,0.5,46.5,1.50,2026-09-02 09:27:33,v3.0-decision-fusion-001,只观察,只观察：条件不够，先不买。
v3.0-decision-fusion-001_603127_2026-07-24,603127,昭衍新药,False,2026-07-24,nan,未评级,0.0,0.5,0.0,0.5,0.5,0.5,医疗服务,未知,nan,0.5,46.5,1.50,2026-09-02 09:27:33,v3.0-decision-fusion-001,只观察,只观察：条件不够，先不买。
v3.0-decision-fusion-001_688106_2026-07-24,688106,金宏气体,False,2026-07-24,nan,未评级,0.0,0.5,0.0,0.5,0.5,0.5,电子化学品Ⅱ,未知,nan,0.5,46.5,1.50,2026-09-02 09:27:33,v3.0-decision-fusion-001,只观察,只观察：条件不够，先不买。
v3.0-decision-fusion-001_688336_2026-07-24,688336,三生国健,False,2026-07-24,nan,未评级,0.0,0.5,0.0,0.5,0.5,0.5,nan,未知,nan,0.5,46.5,1.50,2026-09-02 09:27:33,v3.0-decision-fusion-001,只观察,只观察：条件不够，先不买。
v3.0-decision-fusion-001_300607_2026-09-02,300607,拓斯达,False,2026-09-02,nan,D,40.0,0.5,0.0,0.5,0.5,0.5,自动化设备,未知,nan,0.5,45.7,1.50,2026-09-02 09:27:33,v3.0-decision-fusion-001,放弃,放弃：风险不划算。
v3.0-decision-fusion-001_002536_2026-08-25,002536,飞龙股份,False,2026-08-25,v2.0,未评级,0.0,0.48,0.04,0.5,0.5,0.5,汽车,未知,偏弱,0.5,45.09,1.50,2026-09-02 09:27:33,v3.0-decision-fusion-001,只观察,只观察：条件不够，先不买。
v3.0-decision-fusion-001_002466_2026-08-25,002466,天齐锂业,False,2026-08-25,v2.0,未评级,0.0,0.48,0.04,0.5,0.5,0.5,能源金属,未知,偏弱,0.5,45.09,1.50,2026-09-02 09:27:33,v3.0-decision-fusion-001,只观察,只观察：条件不够，先不买。
v3.0-decision-fusion-001_002192_2026-08-25,002192,融捷股份,False,2026-08-25,v2.0,未评级,0.0,0.48,0.04,0.5,0.5,0.5,nan,未知,偏弱,0.5,45.09,1.50,2026-09-02 09:27:33,v3.0-decision-fusion-001,只观察,只观察：条件不够，先不买。
v3.0-decision-fusion-001_000933_2026-08-25,000933,神火股份,False,2026-08-25,v2.0,未评级,0.0,0.48,0.04,0.5,0.5,0.5,nan,未知,偏弱,0.5,45.09,1.50,2026-09-02 09:27:33,v3.0-decision-fusion-001,只观察,只观察：条件不够，先不买。
v3.0-decision-fusion-001_603039_2026-09-02,603039,泛微网络,False,2026-09-02,nan,D,36.0,0.5,0.0,0.5,0.5,0.5,横向通用软件,未知,nan,0.5,44.58,1.50,2026-09-02 09:27:33,v3.0-decision-fusion-001,放弃,放弃：风险不划算。
v3.0-decision-fusion-001_300747_2026-09-02,300747,锐科激光,False,2026-09-02,nan,D,36.0,0.5,0.0,0.5,0.5,0.5,自动化设备,未知,nan,0.5,44.58,1.50,2026-09-02 09:27:33,v3.0-decision-fusion-001,放弃,放弃：风险不划算。
v3.0-decision-fusion-001_000938_2026-09-02,000938,紫光股份,False,2026-09-02,nan,D,34.0,0.5,0.0,0.5,0.5,0.5,IT服务Ⅲ,未知,nan,0.5,44.02,1.50,2026-09-02 09:27:33,v3.0-decision-fusion-001,放弃,放弃：风险不划算。
v3.0-decision-fusion-001_301171_2026-09-02,301171,易点天下,False,2026-09-02,nan,D,40.0,0.5,0.0,0.5,0.5,0.5,营销代理,谨慎,nan,0.5,43.2,1.50,2026-09-02 09:27:33,v3.0-decision-fusion-001,放弃,放弃：风险不划算。
v3.0-decision-fusion-001_000426_2026-08-25,000426,兴业银锡,False,2026-08-25,v2.0,未评级,0.0,0.48,0.04,0.4,0.08,0.2,贵金属,未知,偏弱,0.5,42.59,1.40,2026-09-02 09:27:33,v3.0-decision-fusion-001,只观察,只观察：条件不够，先不买。
v3.0-decision-fusion-001_000688_2026-08-25,000688,国城矿业,False,2026-08-25,v2.0,未评级,0.0,0.48,0.04,0.4,0.08,0.2,铅锌,未知,偏弱,0.5,42.59,1.40,2026-09-02 09:27:33,v3.0-decision-fusion-001,只观察,只观察：条件不够，先不买。
v3.0-decision-fusion-001_688432_2026-08-25,688432,有研硅,False,2026-08-25,v2.0,未评级,0.0,0.48,0.04,0.4,0.08,0.2,半导体,未知,偏弱,0.5,42.59,1.40,2026-09-02 09:27:33,v3.0-decision-fusion-001,只观察,只观察：条件不够，先不买。
v3.0-decision-fusion-001_600460_2026-08-25,600460,士兰微,False,2026-08-25,v2.0,未评级,0.0,0.48,0.04,0.4,0.08,0.2,分立器件,未知,偏弱,0.5,42.59,1.40,2026-09-02 09:27:33,v3.0-decision-fusion-001,只观察,只观察：条件不够，先不买。
v3.0-decision-fusion-001_600367_2026-08-25,600367,红星发展,False,2026-08-25,v2.0,未评级,0.0,0.48,0.04,0.4,0.08,0.2,无机盐,未知,偏弱,0.5,42.59,1.40,2026-09-02 09:27:33,v3.0-decision-fusion-001,只观察,只观察：条件不够，先不买。
v3.0-decision-fusion-001_600353_2026-08-25,600353,旭光电子,False,2026-08-25,v2.0,未评级,0.0,0.48,0.04,0.4,0.08,0.2,其他电子Ⅲ,未知,偏弱,0.5,42.59,1.40,2026-09-02 09:27:33,v3.0-decision-fusion-001,只观察,只观察：条件不够，先不买。
v3.0-decision-fusion-001_301419_2026-08-25,301419,阿莱德,False,2026-08-25,v2.0,未评级,0.0,0.48,0.04,0.4,0.08,0.2,通信,未知,偏弱,0.5,42.59,1.40,2026-09-02 09:27:33,v3.0-decision-fusion-001,只观察,只观察：条件不够，先不买。
v3.0-decision-fusion-001_300769_2026-08-25,300769,德方纳米,False,2026-08-25,v2.0,未评级,0.0,0.48,0.04,0.4,0.08,0.2,电池化学品,未知,偏弱,0.5,42.59,1.40,2026-09-02 09:27:33,v3.0-decision-fusion-001,只观察,只观察：条件不够，先不买。
v3.0-decision-fusion-001_300676_2026-08-25,300676,华大基因,False,2026-08-25,v2.0,未评级,0.0,0.48,0.04,0.4,0.08,0.2,诊断服务,未知,偏弱,0.5,42.59,1.40,2026-09-02 09:27:33,v3.0-decision-fusion-001,只观察,只观察：条件不够，先不买。
v3.0-decision-fusion-001_002903_2026-08-25,002903,宇环数控,False,2026-08-25,v2.0,未评级,0.0,0.48,0.04,0.4,0.08,0.2,机床工具,未知,偏弱,0.5,42.59,1.40,2026-09-02 09:27:33,v3.0-decision-fusion-001,只观察,只观察：条件不够，先不买。
v3.0-decision-fusion-001_002842_2026-08-25,002842,翔鹭钨业,False,2026-08-25,v2.0,未评级,0.0,0.48,0.04,0.4,0.08,0.2,钨,未知,偏弱,0.5,42.59,1.40,2026-09-02 09:27:33,v3.0-decision-fusion-001,只观察,只观察：条件不够，先不买。
v3.0-decision-fusion-001_002396_2026-08-25,002396,星网锐捷,False,2026-08-25,v2.0,未评级,0.0,0.48,0.04,0.4,0.08,0.2,通信,未知,偏弱,0.5,42.59,1.40,2026-09-02 09:27:33,v3.0-decision-fusion-001,只观察,只观察：条件不够，先不买。
v3.0-decision-fusion-001_002240_2026-08-25,002240,盛新锂能,False,2026-08-25,v2.0,未评级,0.0,0.48,0.04,0.4,0.08,0.2,能源金属,未知,偏弱,0.5,42.59,1.40,2026-09-02 09:27:33,v3.0-decision-fusion-001,只观察,只观察：条件不够，先不买。
v3.0-decision-fusion-001_001267_2026-08-25,001267,汇绿生态,False,2026-08-25,v2.0,未评级,0.0,0.48,0.04,0.4,0.08,0.2,通信,未知,偏弱,0.5,42.59,1.40,2026-09-02 09:27:33,v3.0-decision-fusion-001,只观察,只观察：条件不够，先不买。
v3.0-decision-fusion-001_688598_2026-08-25,688598,金博股份,False,2026-08-25,v2.0,未评级,0.0,0.48,0.04,0.4,0.08,0.2,光伏设备,未知,偏弱,0.5,42.59,1.40,2026-09-02 09:27:33,v3.0-decision-fusion-001,只观察,只观察：条件不够，先不买。
v3.0-decision-fusion-001_603308_2026-09-02,603308,应流股份,False,2026-09-02,nan,D,36.0,0.5,0.0,0.5,0.5,0.5,通用设备,谨慎,nan,0.5,42.08,1.50,2026-09-02 09:27:33,v3.0-decision-fusion-001,放弃,放弃：风险不划算。
v3.0-decision-fusion-001_300085_2026-09-02,300085,银之杰,False,2026-09-02,nan,D,36.0,0.5,0.0,0.5,0.5,0.5,软件开发,谨慎,nan,0.5,42.08,1.50,2026-09-02 09:27:33,v3.0-decision-fusion-001,放弃,放弃：风险不划算。
v3.0-decision-fusion-001_601606_2026-09-02,601606,长城军工,False,2026-09-02,nan,D,32.0,0.5,0.0,0.5,0.5,0.5,国防军工,谨慎,nan,0.5,40.96,1.50,2026-09-02 09:27:33,v3.0-decision-fusion-001,放弃,放弃：风险不划算。
v3.0-decision-fusion-001_002881_2026-09-02,002881,美格智能,False,2026-09-02,nan,D,32.0,0.5,0.0,0.5,0.5,0.5,通信,谨慎,nan,0.5,40.96,1.50,2026-09-02 09:27:33,v3.0-decision-fusion-001,放弃,放弃：风险不划算。
v3.0-decision-fusion-001_601168_2026-09-02,601168,西部矿业,False,2026-09-02,nan,D,40.0,0.5,0.0,0.5,0.5,0.5,铜,回避,nan,0.5,39.7,1.50,2026-09-02 09:27:33,v3.0-decision-fusion-001,放弃,放弃：风险不划算。
v3.0-decision-fusion-001_600547_2026-09-02,600547,山东黄金,False,2026-09-02,nan,D,38.0,0.5,0.0,0.5,0.5,0.5,黄金,回避,nan,0.5,39.14,1.50,2026-09-02 09:27:33,v3.0-decision-fusion-001,放弃,放弃：风险不划算。
v3.0-decision-fusion-001_600176_2026-09-02,600176,中国巨石,False,2026-09-02,nan,D,38.0,0.5,0.0,0.5,0.5,0.5,玻纤制造,回避,nan,0.5,39.14,1.50,2026-09-02 09:27:33,v3.0-decision-fusion-001,放弃,放弃：风险不划算。
v3.0-decision-fusion-001_000893_2026-09-02,000893,亚钾国际,False,2026-09-02,nan,D,36.0,0.5,0.0,0.5,0.5,0.5,农化制品,回避,nan,0.5,38.58,1.50,2026-09-02 09:27:33,v3.0-decision-fusion-001,放弃,放弃：风险不划算。
v3.0-decision-fusion-001_300657_2026-09-02,300657,弘信电子,False,2026-09-02,nan,D,36.0,0.5,0.0,0.5,0.5,0.5,印制电路板,回避,nan,0.5,38.58,1.50,2026-09-02 09:27:33,v3.0-decision-fusion-001,放弃,放弃：风险不划算。
v3.0-decision-fusion-001_301297_2026-09-02,301297,富乐德,False,2026-09-02,nan,D,36.0,0.5,0.0,0.5,0.5,0.5,半导体,回避,nan,0.5,38.58,1.50,2026-09-02 09:27:33,v3.0-decision-fusion-001,放弃,放弃：风险不划算。
v3.0-decision-fusion-001_600096_2026-09-02,600096,云天化,False,2026-09-02,v2.0,D,40.0,0.48,0.04,0.5,0.5,0.5,农化制品,回避,偏弱,0.5,38.29,1.50,2026-09-02 09:27:33,v3.0-decision-fusion-001,放弃,放弃：风险不划算。
v3.0-decision-fusion-001_603179_2026-09-02,603179,新泉股份,False,2026-09-02,v2.0,D,36.0,0.48,0.04,0.4,0.08,0.2,汽车电子电气系统,谨慎,偏弱,0.5,38.17,1.40,2026-09-02 09:27:33,v3.0-decision-fusion-001,放弃,放弃：风险不划算。
v3.0-decision-fusion-001_300458_2026-09-02,300458,全志科技,False,2026-09-02,nan,D,32.0,0.5,0.0,0.5,0.5,0.5,数字芯片设计,回避,nan,0.5,37.46,1.50,2026-09-02 09:27:33,v3.0-decision-fusion-001,放弃,放弃：风险不划算。
v3.0-decision-fusion-001_300709_2026-09-02,300709,精研科技,False,2026-09-02,v2.0,D,36.0,0.48,0.04,0.4,0.08,0.2,消费电子,回避,偏弱,0.5,34.67,1.40,2026-09-02 09:27:33,v3.0-decision-fusion-001,放弃,放弃：风险不划算。
v3.0-decision-fusion-001_300602_2026-09-02,300602,飞荣达,False,2026-09-02,v2.0,D,36.0,0.48,0.04,0.4,0.08,0.2,消费电子,回避,偏弱,0.5,34.67,1.40,2026-09-02 09:27:33,v3.0-decision-fusion-001,放弃,放弃：风险不划算。
