股票代码,股票名称,所属市场,所属板块,板块映射来源,板块涨跌幅,主力净流入,主力净流入占比,板块当日资金排名,板块近5日排名,板块近5日平均涨幅,板块广度,龙头涨幅,板块数据状态,隔夜建议,最新收盘价,MA5,距MA5偏离率,可买股数,预计占用资金,最近5日振幅,最近5日涨幅,最近5日平均成交额,日线评分,风险扣分,候选评分,综合评分,风险等级,策略类型,买入优先级,操作建议
600096,云天化,沪市主板,农化制品,output/sector_cache.csv,-0.17,-177511734.0,-5.09,432.0,76.0,-1.24,0.0,0.0,回避,资金未去，避免隔夜,31.96,31.23,2.33,900,28764.0,10.4,5.72,1518670985.64,100.0,0.0,100.0,100.0,低,隔日T,A,主观察，低吸区间 30.92-31.54，不追高。
601168,西部矿业,沪市主板,铜,output/sector_cache.csv,-0.31,-466952240.0,-8.17,465.0,19.0,3.18,0.0,0.0,回避,资金未去，避免隔夜,39.96,39.28,1.73,700,27972.0,12.58,1.78,2451186724.67,100.0,0.0,100.0,100.0,低,隔日T,A,主观察，低吸区间 38.89-39.67，不追高。
300607,拓斯达,创业板,自动化设备,output/sector_cache.csv,1.06,118287872.0,0.94,21.0,38.0,0.88,0.0,0.0,未知,优先观察,36.01,35.82,0.53,800,28808.0,13.48,0.31,1480549289.17,100.0,0.0,100.0,100.0,低,隔日T,A,主观察，低吸区间 35.46-36.18，不追高。
301171,易点天下,创业板,营销代理,output/sector_cache.csv,0.73,-884214880.0,-7.12,480.0,167.0,-4.06,0.0,0.0,谨慎,涨但资金未跟，谨慎,36.77,35.91,2.38,800,29416.0,16.34,7.36,2777115430.62,100.0,0.0,100.0,100.0,低,隔日T,A,主观察，低吸区间 35.55-36.27，不追高。
600176,中国巨石,沪市主板,玻纤制造,output/sector_cache.csv,-4.26,-1078911792.0,-11.79,485.0,4.0,9.0,0.0,0.0,回避,资金未去，避免隔夜,43.02,42.46,1.32,600,25812.0,18.96,8.91,9136708424.53,95.0,0.0,95.0,95.0,低,隔日T,A,主观察，低吸区间 42.03-42.88，不追高。
600547,山东黄金,沪市主板,黄金,output/sector_cache.csv,-2.36,-356508176.0,-8.38,460.0,23.0,2.21,0.0,0.0,回避,资金未去，避免隔夜,36.89,35.92,2.69,800,29512.0,14.43,6.96,4257086492.28,95.0,0.0,95.0,95.0,低,隔日T,A,主观察，低吸区间 35.56-36.28，不追高。
603039,泛微网络,沪市主板,横向通用软件,output/sector_cache.csv,1.03,189621248.0,1.67,8.0,41.0,0.69,0.0,0.0,未知,优先观察,41.61,40.63,2.42,700,29127.0,10.23,5.5,906953733.38,90.0,0.0,90.0,90.0,低,隔日T,A,主观察，低吸区间 40.22-41.03，不追高。
603179,新泉股份,沪市主板,汽车电子电气系统,output/sector_cache.csv,0.84,-25470489.0,-1.31,314.0,126.0,-2.63,0.0,0.0,谨慎,涨但资金未跟，谨慎,39.4,39.16,0.62,700,27580.0,10.02,5.01,772881876.99,90.0,0.0,90.0,90.0,低,隔日T,A,主观察，低吸区间 38.76-39.55，不追高。
603308,应流股份,沪市主板,通用设备,output/sector_cache.csv,1.11,-328536128.0,-1.63,452.0,97.0,-1.99,0.0,0.0,谨慎,涨但资金未跟，谨慎,45.2,44.49,1.59,600,27120.0,13.28,2.84,915482200.46,90.0,0.0,90.0,90.0,低,隔日T,A,主观察，低吸区间 44.05-44.94，不追高。
000893,亚钾国际,深市主板,农化制品,output/sector_cache.csv,-0.17,-177511734.0,-5.09,432.0,76.0,-1.24,0.0,0.0,回避,资金未去，避免隔夜,48.56,48.37,0.39,600,29136.0,11.19,0.56,836520049.04,90.0,0.0,90.0,90.0,低,隔日T,A,主观察，低吸区间 47.89-48.85，不追高。
300085,银之杰,创业板,软件开发,output/sector_cache.csv,0.32,-241486848.0,-1.06,443.0,88.0,-1.54,0.0,0.0,谨慎,涨但资金未跟，谨慎,32.84,31.73,3.51,900,29556.0,19.13,9.07,2232666358.21,90.0,0.0,90.0,90.0,低,趋势观察,A,主观察，低吸区间 31.41-32.04，不追高。
300602,飞荣达,创业板,消费电子,output/sector_cache.csv,-0.07,-1555824848.0,-7.75,492.0,31.0,1.33,0.0,0.0,回避,资金未去，避免隔夜,46.09,44.51,3.54,600,27654.0,11.71,6.62,1689425844.24,90.0,0.0,90.0,90.0,低,趋势观察,A,主观察，低吸区间 44.07-44.96，不追高。
300657,弘信电子,创业板,印制电路板,output/sector_cache.csv,-1.22,-832815328.0,-4.87,478.0,3.0,9.76,0.0,0.0,回避,资金未去，避免隔夜,35.76,35.36,1.14,800,28608.0,13.23,6.52,878674869.75,90.0,0.0,90.0,90.0,低,隔日T,A,主观察，低吸区间 35.00-35.71，不追高。
300709,精研科技,创业板,消费电子,output/sector_cache.csv,-0.07,-1555824848.0,-7.75,492.0,31.0,1.33,0.0,0.0,回避,资金未去，避免隔夜,45.03,43.5,3.51,600,27018.0,24.43,9.51,991297357.33,90.0,0.0,90.0,90.0,中,尾盘套利,A,主观察，低吸区间 43.07-43.94，不追高。
300747,锐科激光,创业板,自动化设备,output/sector_cache.csv,1.06,118287872.0,0.94,21.0,38.0,0.88,0.0,0.0,未知,优先观察,37.86,37.52,0.91,700,26502.0,15.64,7.47,834853168.43,90.0,0.0,90.0,90.0,低,隔日T,A,主观察，低吸区间 37.14-37.90，不追高。
301297,富乐德,创业板,半导体,output/sector_cache.csv,-2.3,-6850149632.0,-6.59,495.0,15.0,4.02,0.0,0.0,回避,资金未去，避免隔夜,39.88,39.31,1.46,700,27916.0,22.81,10.65,886206591.75,90.0,0.0,90.0,90.0,中,尾盘套利,A,主观察，低吸区间 38.91-39.70，不追高。
000938,紫光股份,深市主板,IT服务Ⅲ,output/sector_cache.csv,0.7,191147280.0,1.0,7.0,115.0,-2.41,0.0,0.0,未知,优先观察,38.32,36.9,3.85,700,26824.0,13.98,9.8,6404335728.52,85.0,0.0,85.0,85.0,低,趋势观察,A,主观察，低吸区间 36.53-37.27，不追高。
601606,长城军工,沪市主板,国防军工,output/sector_cache.csv,0.72,-338735456.0,-2.65,456.0,55.0,-0.38,0.0,0.0,谨慎,涨但资金未跟，谨慎,33.29,31.77,4.8,900,29961.0,13.01,8.68,932386297.96,80.0,0.0,80.0,80.0,低,趋势观察,A,主观察，低吸区间 31.45-32.08，不追高。
002881,美格智能,深市主板,通信,output/sector_cache.csv,0.89,-1166717440.0,-2.88,488.0,28.0,1.99,0.0,0.0,谨慎,涨但资金未跟，谨慎,44.75,42.53,5.23,600,26850.0,15.76,9.41,587092249.38,80.0,0.0,80.0,80.0,中,趋势观察,A,主观察，低吸区间 42.10-42.95，不追高。
300458,全志科技,创业板,数字芯片设计,output/sector_cache.csv,-1.62,-3468898560.0,-6.76,494.0,16.0,3.88,0.0,0.0,回避,资金未去，避免隔夜,33.94,32.2,5.4,800,27152.0,13.47,10.84,1683958039.26,80.0,0.0,80.0,80.0,中,趋势观察,A,主观察，低吸区间 31.88-32.52，不追高。
300499,高澜股份,创业板,,未匹配,,,,,,,,,,,32.44,31.43,3.23,900,29196.0,14.49,8.68,988051616.03,80.0,0.0,80.0,80.0,低,趋势观察,A,主观察，低吸区间 31.11-31.74，不追高。
301282,金禄电子,创业板,印制电路板,output/sector_cache.csv,-1.22,-832815328.0,-4.87,478.0,3.0,9.76,0.0,0.0,回避,资金未去，避免隔夜,36.58,35.1,4.22,800,29264.0,13.82,8.64,637291058.42,80.0,0.0,80.0,80.0,低,趋势观察,A,主观察，低吸区间 34.75-35.45，不追高。
600316,洪都航空,沪市主板,国防军工,output/sector_cache.csv,0.72,-338735456.0,-2.65,456.0,55.0,-0.38,0.0,0.0,谨慎,涨但资金未跟，谨慎,31.77,30.4,4.51,900,28593.0,14.44,10.31,535173687.76,70.0,0.0,70.0,70.0,中,趋势观察,B,备选观察，只在接近 MA5 30.09-30.70 时考虑。
603171,税友股份,沪市主板,IT服务Ⅲ,output/sector_cache.csv,0.7,191147280.0,1.0,7.0,115.0,-2.41,0.0,0.0,未知,优先观察,45.67,43.21,5.69,600,27402.0,17.95,13.35,572617179.44,70.0,0.0,70.0,70.0,中,趋势观察,B,备选观察，只在接近 MA5 42.78-43.64 时考虑。
300598,诚迈科技,创业板,软件开发,output/sector_cache.csv,0.32,-241486848.0,-1.06,443.0,88.0,-1.54,0.0,0.0,谨慎,涨但资金未跟，谨慎,34.86,33.22,4.95,800,27888.0,14.48,10.95,570419373.59,70.0,0.0,70.0,70.0,中,趋势观察,B,备选观察，只在接近 MA5 32.88-33.55 时考虑。
605179,一鸣食品,沪市主板,乳品,output/sector_cache.csv,-0.25,-27692295.0,-1.71,322.0,56.0,-0.49,0.0,0.0,回避,资金未去，避免隔夜,34.67,32.34,7.21,800,27736.0,19.55,10.41,919246898.99,65.0,0.0,65.0,65.0,中,趋势观察,B,备选观察，只在接近 MA5 32.01-32.66 时考虑。
300418,昆仑万维,创业板,传媒,output/sector_cache.csv,0.74,-1180480448.0,-4.48,489.0,35.0,1.1,0.0,0.0,谨慎,涨但资金未跟，谨慎,45.94,42.18,8.9,600,27564.0,20.82,15.72,3576653499.25,50.0,20.0,30.0,30.0,高,观察,D,放弃。
