所属板块,板块涨跌幅,主力净流入,主力净流入占比,资金排名,板块资金标签,隔夜建议,板块股票数,板块上涨数,板块平均涨跌幅,龙头涨幅,板块广度,板块近5日平均涨幅,板块近5日样本数,板块近5日排名,板块当日资金排名,板块数据状态,生成时间,板块轮动状态,板块操作建议,DS盘面判断,DS操作指引,DS风险提示,DS固定持仓提示,DS状态
电网设备,2.23,423880832.0,2.87,1,资金流入,优先观察,47,10,-1.05,20.01,21.28,-0.96,47,65,1,未知,2026-09-07 09:26:20,观察,观察,电网、游戏、软件等板块获主力流入，但轮动状态多为观察，持续性待确认；被动元件低位轮动，资金流入…,关注电网设备、风电设备等资金流入且涨幅居前板块，可轻仓试探；被动元件等回踩确认后再介入，避免追…,数字芯片、半导体等板块资金大幅流出，跌幅风险高，坚决回避；市场整体轮动快，谨防冲高回落。,大为股份、融捷股份、捷捷微电所属板块资金流出，建议降权或减仓，等待企稳信号。,success
游戏Ⅱ,1.84,253284528.0,4.35,3,资金流入,优先观察,24,4,-1.07,8.74,16.67,-4.04,24,165,3,未知,2026-09-07 09:26:20,观察,观察,电网、游戏、软件等板块获主力流入，但轮动状态多为观察，持续性待确认；被动元件低位轮动，资金流入…,关注电网设备、风电设备等资金流入且涨幅居前板块，可轻仓试探；被动元件等回踩确认后再介入，避免追…,数字芯片、半导体等板块资金大幅流出，跌幅风险高，坚决回避；市场整体轮动快，谨防冲高回落。,大为股份、融捷股份、捷捷微电所属板块资金流出，建议降权或减仓，等待企稳信号。,success
计算机设备,0.82,201685136.0,1.93,5,资金流入,优先观察,22,2,-5.48,0.86,9.09,-4.55,22,179,5,未知,2026-09-07 09:26:20,观察,观察,电网、游戏、软件等板块获主力流入，但轮动状态多为观察，持续性待确认；被动元件低位轮动，资金流入…,关注电网设备、风电设备等资金流入且涨幅居前板块，可轻仓试探；被动元件等回踩确认后再介入，避免追…,数字芯片、半导体等板块资金大幅流出，跌幅风险高，坚决回避；市场整体轮动快，谨防冲高回落。,大为股份、融捷股份、捷捷微电所属板块资金流出，建议降权或减仓，等待企稳信号。,success
IT服务Ⅲ,0.7,191147280.0,1.0,7,资金流入,优先观察,110,17,-2.72,12.0,15.45,-2.41,110,115,7,未知,2026-09-07 09:26:20,观察,观察,电网、游戏、软件等板块获主力流入，但轮动状态多为观察，持续性待确认；被动元件低位轮动，资金流入…,关注电网设备、风电设备等资金流入且涨幅居前板块，可轻仓试探；被动元件等回踩确认后再介入，避免追…,数字芯片、半导体等板块资金大幅流出，跌幅风险高，坚决回避；市场整体轮动快，谨防冲高回落。,大为股份、融捷股份、捷捷微电所属板块资金流出，建议降权或减仓，等待企稳信号。,success
横向通用软件,1.03,189621248.0,1.67,8,资金流入,优先观察,32,9,-1.67,5.22,28.12,0.69,32,41,8,未知,2026-09-07 09:26:20,观察,观察,电网、游戏、软件等板块获主力流入，但轮动状态多为观察，持续性待确认；被动元件低位轮动，资金流入…,关注电网设备、风电设备等资金流入且涨幅居前板块，可轻仓试探；被动元件等回踩确认后再介入，避免追…,数字芯片、半导体等板块资金大幅流出，跌幅风险高，坚决回避；市场整体轮动快，谨防冲高回落。,大为股份、融捷股份、捷捷微电所属板块资金流出，建议降权或减仓，等待企稳信号。,success
风电设备,2.86,155902127.0,5.29,10,资金流入,优先观察,30,4,-1.62,8.65,13.33,-0.98,30,66,10,未知,2026-09-07 09:26:20,观察,观察,电网、游戏、软件等板块获主力流入，但轮动状态多为观察，持续性待确认；被动元件低位轮动，资金流入…,关注电网设备、风电设备等资金流入且涨幅居前板块，可轻仓试探；被动元件等回踩确认后再介入，避免追…,数字芯片、半导体等板块资金大幅流出，跌幅风险高，坚决回避；市场整体轮动快，谨防冲高回落。,大为股份、融捷股份、捷捷微电所属板块资金流出，建议降权或减仓，等待企稳信号。,success
其他计算机设备,0.62,140374032.0,1.88,15,资金流入,优先观察,59,6,-2.67,2.83,10.17,-3.75,59,159,15,未知,2026-09-07 09:26:20,观察,观察,电网、游戏、软件等板块获主力流入，但轮动状态多为观察，持续性待确认；被动元件低位轮动，资金流入…,关注电网设备、风电设备等资金流入且涨幅居前板块，可轻仓试探；被动元件等回踩确认后再介入，避免追…,数字芯片、半导体等板块资金大幅流出，跌幅风险高，坚决回避；市场整体轮动快，谨防冲高回落。,大为股份、融捷股份、捷捷微电所属板块资金流出，建议降权或减仓，等待企稳信号。,success
被动元件,-1.04,131051792.0,1.38,16,资金流入,资金流入但价格弱，谨慎,14,10,4.26,20.02,71.43,12.96,14,1,16,强,2026-09-07 09:26:20,低位轮动,只等回踩确认,电网、游戏、软件等板块获主力流入，但轮动状态多为观察，持续性待确认；被动元件低位轮动，资金流入…,关注电网设备、风电设备等资金流入且涨幅居前板块，可轻仓试探；被动元件等回踩确认后再介入，避免追…,数字芯片、半导体等板块资金大幅流出，跌幅风险高，坚决回避；市场整体轮动快，谨防冲高回落。,大为股份、融捷股份、捷捷微电所属板块资金流出，建议降权或减仓，等待企稳信号。,success
食品饮料,0.31,123532848.0,1.17,20,资金流入,优先观察,59,26,-0.31,7.84,44.07,-1.87,59,95,20,未知,2026-09-07 09:26:20,观察,观察,电网、游戏、软件等板块获主力流入，但轮动状态多为观察，持续性待确认；被动元件低位轮动，资金流入…,关注电网设备、风电设备等资金流入且涨幅居前板块，可轻仓试探；被动元件等回踩确认后再介入，避免追…,数字芯片、半导体等板块资金大幅流出，跌幅风险高，坚决回避；市场整体轮动快，谨防冲高回落。,大为股份、融捷股份、捷捷微电所属板块资金流出，建议降权或减仓，等待企稳信号。,success
自动化设备,1.06,118287872.0,0.94,21,资金流入,优先观察,79,18,-2.03,9.28,22.78,0.88,79,38,21,未知,2026-09-07 09:26:20,观察,观察,电网、游戏、软件等板块获主力流入，但轮动状态多为观察，持续性待确认；被动元件低位轮动，资金流入…,关注电网设备、风电设备等资金流入且涨幅居前板块，可轻仓试探；被动元件等回踩确认后再介入，避免追…,数字芯片、半导体等板块资金大幅流出，跌幅风险高，坚决回避；市场整体轮动快，谨防冲高回落。,大为股份、融捷股份、捷捷微电所属板块资金流出，建议降权或减仓，等待企稳信号。,success
其他电源设备Ⅱ,1.24,112388016.0,2.33,22,资金流入,优先观察,24,6,-1.58,5.4,25.0,-0.56,24,56,22,未知,2026-09-07 09:26:20,观察,观察,电网、游戏、软件等板块获主力流入，但轮动状态多为观察，持续性待确认；被动元件低位轮动，资金流入…,关注电网设备、风电设备等资金流入且涨幅居前板块，可轻仓试探；被动元件等回踩确认后再介入，避免追…,数字芯片、半导体等板块资金大幅流出，跌幅风险高，坚决回避；市场整体轮动快，谨防冲高回落。,大为股份、融捷股份、捷捷微电所属板块资金流出，建议降权或减仓，等待企稳信号。,success
综合电力设备商,3.9,95581879.0,8.42,24,资金流入,优先观察,2,1,-0.22,2.68,50.0,2.17,2,24,24,强,2026-09-07 09:26:20,观察,观察,电网、游戏、软件等板块获主力流入，但轮动状态多为观察，持续性待确认；被动元件低位轮动，资金流入…,关注电网设备、风电设备等资金流入且涨幅居前板块，可轻仓试探；被动元件等回踩确认后再介入，避免追…,数字芯片、半导体等板块资金大幅流出，跌幅风险高，坚决回避；市场整体轮动快，谨防冲高回落。,大为股份、融捷股份、捷捷微电所属板块资金流出，建议降权或减仓，等待企稳信号。,success
电网自动化设备,2.12,86298669.0,3.2,25,资金流入,优先观察,26,9,-0.73,7.26,34.62,0.19,26,47,25,未知,2026-09-07 09:26:20,观察,观察,电网、游戏、软件等板块获主力流入，但轮动状态多为观察，持续性待确认；被动元件低位轮动，资金流入…,关注电网设备、风电设备等资金流入且涨幅居前板块，可轻仓试探；被动元件等回踩确认后再介入，避免追…,数字芯片、半导体等板块资金大幅流出，跌幅风险高，坚决回避；市场整体轮动快，谨防冲高回落。,大为股份、融捷股份、捷捷微电所属板块资金流出，建议降权或减仓，等待企稳信号。,success
其他化学制品,0.82,81043308.0,3.1,26,资金流入,优先观察,69,10,-2.02,8.96,14.49,-1.2,69,73,26,未知,2026-09-07 09:26:20,观察,观察,电网、游戏、软件等板块获主力流入，但轮动状态多为观察，持续性待确认；被动元件低位轮动，资金流入…,关注电网设备、风电设备等资金流入且涨幅居前板块，可轻仓试探；被动元件等回踩确认后再介入，避免追…,数字芯片、半导体等板块资金大幅流出，跌幅风险高，坚决回避；市场整体轮动快，谨防冲高回落。,大为股份、融捷股份、捷捷微电所属板块资金流出，建议降权或减仓，等待企稳信号。,success
金属新材料,1.66,74288306.0,2.08,27,资金流入,优先观察,18,6,-0.4,6.15,33.33,4.78,18,7,27,未知,2026-09-07 09:26:20,观察,观察,电网、游戏、软件等板块获主力流入，但轮动状态多为观察，持续性待确认；被动元件低位轮动，资金流入…,关注电网设备、风电设备等资金流入且涨幅居前板块，可轻仓试探；被动元件等回踩确认后再介入，避免追…,数字芯片、半导体等板块资金大幅流出，跌幅风险高，坚决回避；市场整体轮动快，谨防冲高回落。,大为股份、融捷股份、捷捷微电所属板块资金流出，建议降权或减仓，等待企稳信号。,success
输变电设备,2.49,69423056.0,1.24,28,资金流入,优先观察,26,11,-0.01,7.98,42.31,-1.38,26,83,28,未知,2026-09-07 09:26:20,观察,观察,电网、游戏、软件等板块获主力流入，但轮动状态多为观察，持续性待确认；被动元件低位轮动，资金流入…,关注电网设备、风电设备等资金流入且涨幅居前板块，可轻仓试探；被动元件等回踩确认后再介入，避免追…,数字芯片、半导体等板块资金大幅流出，跌幅风险高，坚决回避；市场整体轮动快，谨防冲高回落。,大为股份、融捷股份、捷捷微电所属板块资金流出，建议降权或减仓，等待企稳信号。,success
白酒Ⅲ,-0.56,68136272.0,1.79,30,资金流入,资金流入但价格弱，谨慎,19,17,1.64,4.8,89.47,0.5,19,45,30,强,2026-09-07 09:26:20,低位轮动,只等回踩确认,电网、游戏、软件等板块获主力流入，但轮动状态多为观察，持续性待确认；被动元件低位轮动，资金流入…,关注电网设备、风电设备等资金流入且涨幅居前板块，可轻仓试探；被动元件等回踩确认后再介入，避免追…,数字芯片、半导体等板块资金大幅流出，跌幅风险高，坚决回避；市场整体轮动快，谨防冲高回落。,大为股份、融捷股份、捷捷微电所属板块资金流出，建议降权或减仓，等待企稳信号。,success
磁性材料,0.96,58260904.0,4.58,35,资金流入,优先观察,15,4,-2.96,4.9,26.67,5.86,15,5,35,未知,2026-09-07 09:26:20,观察,观察,电网、游戏、软件等板块获主力流入，但轮动状态多为观察，持续性待确认；被动元件低位轮动，资金流入…,关注电网设备、风电设备等资金流入且涨幅居前板块，可轻仓试探；被动元件等回踩确认后再介入，避免追…,数字芯片、半导体等板块资金大幅流出，跌幅风险高，坚决回避；市场整体轮动快，谨防冲高回落。,大为股份、融捷股份、捷捷微电所属板块资金流出，建议降权或减仓，等待企稳信号。,success
房屋建设Ⅱ,1.48,43882302.0,5.59,38,资金流入,优先观察,7,1,-1.32,1.92,14.29,-2.27,7,111,38,未知,2026-09-07 09:26:20,观察,观察,电网、游戏、软件等板块获主力流入，但轮动状态多为观察，持续性待确认；被动元件低位轮动，资金流入…,关注电网设备、风电设备等资金流入且涨幅居前板块，可轻仓试探；被动元件等回踩确认后再介入，避免追…,数字芯片、半导体等板块资金大幅流出，跌幅风险高，坚决回避；市场整体轮动快，谨防冲高回落。,大为股份、融捷股份、捷捷微电所属板块资金流出，建议降权或减仓，等待企稳信号。,success
农林牧渔,0.8,43402352.0,1.06,40,资金流入,优先观察,42,9,-1.2,4.56,21.43,-2.79,42,132,40,未知,2026-09-07 09:26:20,观察,观察,电网、游戏、软件等板块获主力流入，但轮动状态多为观察，持续性待确认；被动元件低位轮动，资金流入…,关注电网设备、风电设备等资金流入且涨幅居前板块，可轻仓试探；被动元件等回踩确认后再介入，避免追…,数字芯片、半导体等板块资金大幅流出，跌幅风险高，坚决回避；市场整体轮动快，谨防冲高回落。,大为股份、融捷股份、捷捷微电所属板块资金流出，建议降权或减仓，等待企稳信号。,success
配电设备,1.57,39914409.0,3.17,41,资金流入,优先观察,25,10,0.77,10.03,40.0,1.19,25,34,41,未知,2026-09-07 09:26:20,观察,观察,电网、游戏、软件等板块获主力流入，但轮动状态多为观察，持续性待确认；被动元件低位轮动，资金流入…,关注电网设备、风电设备等资金流入且涨幅居前板块，可轻仓试探；被动元件等回踩确认后再介入，避免追…,数字芯片、半导体等板块资金大幅流出，跌幅风险高，坚决回避；市场整体轮动快，谨防冲高回落。,大为股份、融捷股份、捷捷微电所属板块资金流出，建议降权或减仓，等待企稳信号。,success
环保设备Ⅱ,2.18,36994995.0,2.39,42,资金流入,优先观察,22,3,-1.98,10.01,13.64,-1.25,22,76,42,未知,2026-09-07 09:26:20,观察,观察,电网、游戏、软件等板块获主力流入，但轮动状态多为观察，持续性待确认；被动元件低位轮动，资金流入…,关注电网设备、风电设备等资金流入且涨幅居前板块，可轻仓试探；被动元件等回踩确认后再介入，避免追…,数字芯片、半导体等板块资金大幅流出，跌幅风险高，坚决回避；市场整体轮动快，谨防冲高回落。,大为股份、融捷股份、捷捷微电所属板块资金流出，建议降权或减仓，等待企稳信号。,success
电机Ⅱ,2.06,32239470.0,1.08,49,资金流入,优先观察,25,8,-2.6,6.18,32.0,-0.66,25,58,49,未知,2026-09-07 09:26:20,观察,观察,电网、游戏、软件等板块获主力流入，但轮动状态多为观察，持续性待确认；被动元件低位轮动，资金流入…,关注电网设备、风电设备等资金流入且涨幅居前板块，可轻仓试探；被动元件等回踩确认后再介入，避免追…,数字芯片、半导体等板块资金大幅流出，跌幅风险高，坚决回避；市场整体轮动快，谨防冲高回落。,大为股份、融捷股份、捷捷微电所属板块资金流出，建议降权或减仓，等待企稳信号。,success
互联网电商,0.41,31597380.0,2.75,51,资金流入,优先观察,8,3,-0.74,2.82,37.5,-2.22,8,108,51,未知,2026-09-07 09:26:20,观察,观察,电网、游戏、软件等板块获主力流入，但轮动状态多为观察，持续性待确认；被动元件低位轮动，资金流入…,关注电网设备、风电设备等资金流入且涨幅居前板块，可轻仓试探；被动元件等回踩确认后再介入，避免追…,数字芯片、半导体等板块资金大幅流出，跌幅风险高，坚决回避；市场整体轮动快，谨防冲高回落。,大为股份、融捷股份、捷捷微电所属板块资金流出，建议降权或减仓，等待企稳信号。,success
环境治理,1.29,29798729.0,0.88,52,资金流入,优先观察,99,17,-1.86,6.85,17.17,-1.86,99,94,52,未知,2026-09-07 09:26:20,观察,观察,电网、游戏、软件等板块获主力流入，但轮动状态多为观察，持续性待确认；被动元件低位轮动，资金流入…,关注电网设备、风电设备等资金流入且涨幅居前板块，可轻仓试探；被动元件等回踩确认后再介入，避免追…,数字芯片、半导体等板块资金大幅流出，跌幅风险高，坚决回避；市场整体轮动快，谨防冲高回落。,大为股份、融捷股份、捷捷微电所属板块资金流出，建议降权或减仓，等待企稳信号。,success
非运动服装,0.28,26884709.0,2.61,56,资金流入,优先观察,31,3,-2.63,4.01,9.68,-3.84,31,163,56,未知,2026-09-07 09:26:20,观察,观察,电网、游戏、软件等板块获主力流入，但轮动状态多为观察，持续性待确认；被动元件低位轮动，资金流入…,关注电网设备、风电设备等资金流入且涨幅居前板块，可轻仓试探；被动元件等回踩确认后再介入，避免追…,数字芯片、半导体等板块资金大幅流出，跌幅风险高，坚决回避；市场整体轮动快，谨防冲高回落。,大为股份、融捷股份、捷捷微电所属板块资金流出，建议降权或减仓，等待企稳信号。,success
轨交设备Ⅱ,1.06,24427994.0,2.76,60,资金流入,优先观察,28,3,-2.36,4.08,10.71,-3.15,28,142,60,未知,2026-09-07 09:26:20,观察,观察,电网、游戏、软件等板块获主力流入，但轮动状态多为观察，持续性待确认；被动元件低位轮动，资金流入…,关注电网设备、风电设备等资金流入且涨幅居前板块，可轻仓试探；被动元件等回踩确认后再介入，避免追…,数字芯片、半导体等板块资金大幅流出，跌幅风险高，坚决回避；市场整体轮动快，谨防冲高回落。,大为股份、融捷股份、捷捷微电所属板块资金流出，建议降权或减仓，等待企稳信号。,success
航天装备Ⅱ,2.11,17828000.0,1.48,74,资金流入,优先观察,9,0,-2.2,-0.51,0.0,-1.58,9,88,74,未知,2026-09-07 09:26:20,观察,观察,电网、游戏、软件等板块获主力流入，但轮动状态多为观察，持续性待确认；被动元件低位轮动，资金流入…,关注电网设备、风电设备等资金流入且涨幅居前板块，可轻仓试探；被动元件等回踩确认后再介入，避免追…,数字芯片、半导体等板块资金大幅流出，跌幅风险高，坚决回避；市场整体轮动快，谨防冲高回落。,大为股份、融捷股份、捷捷微电所属板块资金流出，建议降权或减仓，等待企稳信号。,success
火电设备,2.31,16462360.0,3.92,77,资金流入,优先观察,3,2,1.13,5.54,66.67,3.6,3,18,77,强,2026-09-07 09:26:20,观察,观察,电网、游戏、软件等板块获主力流入，但轮动状态多为观察，持续性待确认；被动元件低位轮动，资金流入…,关注电网设备、风电设备等资金流入且涨幅居前板块，可轻仓试探；被动元件等回踩确认后再介入，避免追…,数字芯片、半导体等板块资金大幅流出，跌幅风险高，坚决回避；市场整体轮动快，谨防冲高回落。,大为股份、融捷股份、捷捷微电所属板块资金流出，建议降权或减仓，等待企稳信号。,success
光伏加工设备,0.16,15442943.0,1.6,80,资金流入,优先观察,8,1,-1.36,9.97,12.5,0.58,8,44,80,未知,2026-09-07 09:26:20,观察,观察,电网、游戏、软件等板块获主力流入，但轮动状态多为观察，持续性待确认；被动元件低位轮动，资金流入…,关注电网设备、风电设备等资金流入且涨幅居前板块，可轻仓试探；被动元件等回踩确认后再介入，避免追…,数字芯片、半导体等板块资金大幅流出，跌幅风险高，坚决回避；市场整体轮动快，谨防冲高回落。,大为股份、融捷股份、捷捷微电所属板块资金流出，建议降权或减仓，等待企稳信号。,success
燃气Ⅲ,1.62,14039532.0,1.33,81,资金流入,优先观察,28,4,-1.53,10.02,14.29,-3.37,28,148,81,未知,2026-09-07 09:26:20,观察,观察,电网、游戏、软件等板块获主力流入，但轮动状态多为观察，持续性待确认；被动元件低位轮动，资金流入…,关注电网设备、风电设备等资金流入且涨幅居前板块，可轻仓试探；被动元件等回踩确认后再介入，避免追…,数字芯片、半导体等板块资金大幅流出，跌幅风险高，坚决回避；市场整体轮动快，谨防冲高回落。,大为股份、融捷股份、捷捷微电所属板块资金流出，建议降权或减仓，等待企稳信号。,success
管材,2.03,13686569.0,5.55,83,资金流入,优先观察,5,0,-4.18,-2.2,0.0,-4.75,5,185,83,未知,2026-09-07 09:26:20,观察,观察,电网、游戏、软件等板块获主力流入，但轮动状态多为观察，持续性待确认；被动元件低位轮动，资金流入…,关注电网设备、风电设备等资金流入且涨幅居前板块，可轻仓试探；被动元件等回踩确认后再介入，避免追…,数字芯片、半导体等板块资金大幅流出，跌幅风险高，坚决回避；市场整体轮动快，谨防冲高回落。,大为股份、融捷股份、捷捷微电所属板块资金流出，建议降权或减仓，等待企稳信号。,success
车身附件及饰件,0.27,13372281.0,0.84,84,资金流入,优先观察,36,8,-2.38,11.86,22.22,-1.42,36,85,84,未知,2026-09-07 09:26:20,观察,观察,电网、游戏、软件等板块获主力流入，但轮动状态多为观察，持续性待确认；被动元件低位轮动，资金流入…,关注电网设备、风电设备等资金流入且涨幅居前板块，可轻仓试探；被动元件等回踩确认后再介入，避免追…,数字芯片、半导体等板块资金大幅流出，跌幅风险高，坚决回避；市场整体轮动快，谨防冲高回落。,大为股份、融捷股份、捷捷微电所属板块资金流出，建议降权或减仓，等待企稳信号。,success
保险Ⅱ,-0.34,13055615.0,0.81,86,资金流入,资金流入但价格弱，谨慎,5,2,-0.45,3.34,40.0,0.31,5,46,86,谨慎,2026-09-07 09:26:20,低位轮动,只等回踩确认,电网、游戏、软件等板块获主力流入，但轮动状态多为观察，持续性待确认；被动元件低位轮动，资金流入…,关注电网设备、风电设备等资金流入且涨幅居前板块，可轻仓试探；被动元件等回踩确认后再介入，避免追…,数字芯片、半导体等板块资金大幅流出，跌幅风险高，坚决回避；市场整体轮动快，谨防冲高回落。,大为股份、融捷股份、捷捷微电所属板块资金流出，建议降权或减仓，等待企稳信号。,success
医疗服务,-0.03,11948784.0,0.17,88,资金流入,资金流入但价格弱，谨慎,29,10,-0.33,9.85,34.48,-3.97,29,164,88,谨慎,2026-09-07 09:26:20,低位轮动,只等回踩确认,电网、游戏、软件等板块获主力流入，但轮动状态多为观察，持续性待确认；被动元件低位轮动，资金流入…,关注电网设备、风电设备等资金流入且涨幅居前板块，可轻仓试探；被动元件等回踩确认后再介入，避免追…,数字芯片、半导体等板块资金大幅流出，跌幅风险高，坚决回避；市场整体轮动快，谨防冲高回落。,大为股份、融捷股份、捷捷微电所属板块资金流出，建议降权或减仓，等待企稳信号。,success
光伏主材,1.56,11743274.0,2.07,89,资金流入,优先观察,3,1,-1.1,0.2,33.33,-3.8,3,162,89,未知,2026-09-07 09:26:20,观察,观察,电网、游戏、软件等板块获主力流入，但轮动状态多为观察，持续性待确认；被动元件低位轮动，资金流入…,关注电网设备、风电设备等资金流入且涨幅居前板块，可轻仓试探；被动元件等回踩确认后再介入，避免追…,数字芯片、半导体等板块资金大幅流出，跌幅风险高，坚决回避；市场整体轮动快，谨防冲高回落。,大为股份、融捷股份、捷捷微电所属板块资金流出，建议降权或减仓，等待企稳信号。,success
港口,1.0,10437695.0,1.28,92,资金流入,优先观察,16,1,-1.9,1.51,6.25,-2.61,16,124,92,未知,2026-09-07 09:26:20,观察,观察,电网、游戏、软件等板块获主力流入，但轮动状态多为观察，持续性待确认；被动元件低位轮动，资金流入…,关注电网设备、风电设备等资金流入且涨幅居前板块，可轻仓试探；被动元件等回踩确认后再介入，避免追…,数字芯片、半导体等板块资金大幅流出，跌幅风险高，坚决回避；市场整体轮动快，谨防冲高回落。,大为股份、融捷股份、捷捷微电所属板块资金流出，建议降权或减仓，等待企稳信号。,success
能源及重型设备,1.17,10070194.0,0.31,95,资金流入,优先观察,53,9,-2.83,10.0,16.98,-4.09,53,168,95,未知,2026-09-07 09:26:20,观察,观察,电网、游戏、软件等板块获主力流入，但轮动状态多为观察，持续性待确认；被动元件低位轮动，资金流入…,关注电网设备、风电设备等资金流入且涨幅居前板块，可轻仓试探；被动元件等回踩确认后再介入，避免追…,数字芯片、半导体等板块资金大幅流出，跌幅风险高，坚决回避；市场整体轮动快，谨防冲高回落。,大为股份、融捷股份、捷捷微电所属板块资金流出，建议降权或减仓，等待企稳信号。,success
其他黑色家电,-0.37,10032263.0,4.08,96,资金流入,资金流入但价格弱，谨慎,6,0,-3.01,-0.92,0.0,-5.76,6,193,96,谨慎,2026-09-07 09:26:20,低位轮动,只等回踩确认,电网、游戏、软件等板块获主力流入，但轮动状态多为观察，持续性待确认；被动元件低位轮动，资金流入…,关注电网设备、风电设备等资金流入且涨幅居前板块，可轻仓试探；被动元件等回踩确认后再介入，避免追…,数字芯片、半导体等板块资金大幅流出，跌幅风险高，坚决回避；市场整体轮动快，谨防冲高回落。,大为股份、融捷股份、捷捷微电所属板块资金流出，建议降权或减仓，等待企稳信号。,success
仓储物流,0.83,8326693.0,8.9,100,资金流入,优先观察,6,1,-2.44,1.22,16.67,-3.32,6,147,100,未知,2026-09-07 09:26:20,观察,观察,电网、游戏、软件等板块获主力流入，但轮动状态多为观察，持续性待确认；被动元件低位轮动，资金流入…,关注电网设备、风电设备等资金流入且涨幅居前板块，可轻仓试探；被动元件等回踩确认后再介入，避免追…,数字芯片、半导体等板块资金大幅流出，跌幅风险高，坚决回避；市场整体轮动快，谨防冲高回落。,大为股份、融捷股份、捷捷微电所属板块资金流出，建议降权或减仓，等待企稳信号。,success
教育,0.83,7722886.0,0.71,103,资金流入,优先观察,8,2,-1.45,5.19,25.0,-0.73,8,60,103,未知,2026-09-07 09:26:20,观察,观察,电网、游戏、软件等板块获主力流入，但轮动状态多为观察，持续性待确认；被动元件低位轮动，资金流入…,关注电网设备、风电设备等资金流入且涨幅居前板块，可轻仓试探；被动元件等回踩确认后再介入，避免追…,数字芯片、半导体等板块资金大幅流出，跌幅风险高，坚决回避；市场整体轮动快，谨防冲高回落。,大为股份、融捷股份、捷捷微电所属板块资金流出，建议降权或减仓，等待企稳信号。,success
期货,1.41,7399920.0,6.29,104,资金流入,优先观察,4,0,-3.59,-1.33,0.0,-5.02,4,189,104,未知,2026-09-07 09:26:20,观察,观察,电网、游戏、软件等板块获主力流入，但轮动状态多为观察，持续性待确认；被动元件低位轮动，资金流入…,关注电网设备、风电设备等资金流入且涨幅居前板块，可轻仓试探；被动元件等回踩确认后再介入，避免追…,数字芯片、半导体等板块资金大幅流出，跌幅风险高，坚决回避；市场整体轮动快，谨防冲高回落。,大为股份、融捷股份、捷捷微电所属板块资金流出，建议降权或减仓，等待企稳信号。,success
大众出版,-0.1,7141009.0,1.17,105,资金流入,资金流入但价格弱，谨慎,17,1,-1.45,3.52,5.88,-2.75,17,129,105,谨慎,2026-09-07 09:26:20,低位轮动,只等回踩确认,电网、游戏、软件等板块获主力流入，但轮动状态多为观察，持续性待确认；被动元件低位轮动，资金流入…,关注电网设备、风电设备等资金流入且涨幅居前板块，可轻仓试探；被动元件等回踩确认后再介入，避免追…,数字芯片、半导体等板块资金大幅流出，跌幅风险高，坚决回避；市场整体轮动快，谨防冲高回落。,大为股份、融捷股份、捷捷微电所属板块资金流出，建议降权或减仓，等待企稳信号。,success
旅游零售Ⅲ,0.71,6439487.0,1.05,111,资金流入,优先观察,2,0,-1.17,-0.53,0.0,-2.02,2,97,111,未知,2026-09-07 09:26:20,观察,观察,电网、游戏、软件等板块获主力流入，但轮动状态多为观察，持续性待确认；被动元件低位轮动，资金流入…,关注电网设备、风电设备等资金流入且涨幅居前板块，可轻仓试探；被动元件等回踩确认后再介入，避免追…,数字芯片、半导体等板块资金大幅流出，跌幅风险高，坚决回避；市场整体轮动快，谨防冲高回落。,大为股份、融捷股份、捷捷微电所属板块资金流出，建议降权或减仓，等待企稳信号。,success
检测服务,-0.06,5695003.0,0.71,114,资金流入,资金流入但价格弱，谨慎,21,6,-2.73,2.41,28.57,-4.05,21,166,114,谨慎,2026-09-07 09:26:20,低位轮动,只等回踩确认,电网、游戏、软件等板块获主力流入，但轮动状态多为观察，持续性待确认；被动元件低位轮动，资金流入…,关注电网设备、风电设备等资金流入且涨幅居前板块，可轻仓试探；被动元件等回踩确认后再介入，避免追…,数字芯片、半导体等板块资金大幅流出，跌幅风险高，坚决回避；市场整体轮动快，谨防冲高回落。,大为股份、融捷股份、捷捷微电所属板块资金流出，建议降权或减仓，等待企稳信号。,success
视频媒体,-0.49,3732221.0,4.19,120,资金流入,资金流入但价格弱，谨慎,1,1,0.11,0.11,100.0,-3.69,1,155,120,强,2026-09-07 09:26:20,低位轮动,只等回踩确认,电网、游戏、软件等板块获主力流入，但轮动状态多为观察，持续性待确认；被动元件低位轮动，资金流入…,关注电网设备、风电设备等资金流入且涨幅居前板块，可轻仓试探；被动元件等回踩确认后再介入，避免追…,数字芯片、半导体等板块资金大幅流出，跌幅风险高，坚决回避；市场整体轮动快，谨防冲高回落。,大为股份、融捷股份、捷捷微电所属板块资金流出，建议降权或减仓，等待企稳信号。,success
油品石化贸易,0.49,3580651.0,2.25,122,资金流入,优先观察,7,1,-3.12,0.86,14.29,-0.74,7,61,122,未知,2026-09-07 09:26:20,观察,观察,电网、游戏、软件等板块获主力流入，但轮动状态多为观察，持续性待确认；被动元件低位轮动，资金流入…,关注电网设备、风电设备等资金流入且涨幅居前板块，可轻仓试探；被动元件等回踩确认后再介入，避免追…,数字芯片、半导体等板块资金大幅流出，跌幅风险高，坚决回避；市场整体轮动快，谨防冲高回落。,大为股份、融捷股份、捷捷微电所属板块资金流出，建议降权或减仓，等待企稳信号。,success
合成树脂,0.95,2855444.0,0.22,126,资金流入,优先观察,13,1,-3.19,0.34,7.69,-1.41,13,84,126,未知,2026-09-07 09:26:20,观察,观察,电网、游戏、软件等板块获主力流入，但轮动状态多为观察，持续性待确认；被动元件低位轮动，资金流入…,关注电网设备、风电设备等资金流入且涨幅居前板块，可轻仓试探；被动元件等回踩确认后再介入，避免追…,数字芯片、半导体等板块资金大幅流出，跌幅风险高，坚决回避；市场整体轮动快，谨防冲高回落。,大为股份、融捷股份、捷捷微电所属板块资金流出，建议降权或减仓，等待企稳信号。,success
生活用纸,0.54,2842683.0,1.67,127,资金流入,优先观察,9,2,-0.29,6.49,22.22,-0.22,9,52,127,未知,2026-09-07 09:26:20,观察,观察,电网、游戏、软件等板块获主力流入，但轮动状态多为观察，持续性待确认；被动元件低位轮动，资金流入…,关注电网设备、风电设备等资金流入且涨幅居前板块，可轻仓试探；被动元件等回踩确认后再介入，避免追…,数字芯片、半导体等板块资金大幅流出，跌幅风险高，坚决回避；市场整体轮动快，谨防冲高回落。,大为股份、融捷股份、捷捷微电所属板块资金流出，建议降权或减仓，等待企稳信号。,success
综合,1.06,2731810.0,0.18,131,资金流入,优先观察,16,0,-2.46,-0.95,0.0,-3.46,16,150,131,未知,2026-09-07 09:26:20,观察,观察,电网、游戏、软件等板块获主力流入，但轮动状态多为观察，持续性待确认；被动元件低位轮动，资金流入…,关注电网设备、风电设备等资金流入且涨幅居前板块，可轻仓试探；被动元件等回踩确认后再介入，避免追…,数字芯片、半导体等板块资金大幅流出，跌幅风险高，坚决回避；市场整体轮动快，谨防冲高回落。,大为股份、融捷股份、捷捷微电所属板块资金流出，建议降权或减仓，等待企稳信号。,success
特钢Ⅱ,1.61,1691492.0,0.47,139,资金流入,优先观察,13,0,-2.03,-0.25,0.0,0.99,13,37,139,未知,2026-09-07 09:26:20,观察,观察,电网、游戏、软件等板块获主力流入，但轮动状态多为观察，持续性待确认；被动元件低位轮动，资金流入…,关注电网设备、风电设备等资金流入且涨幅居前板块，可轻仓试探；被动元件等回踩确认后再介入，避免追…,数字芯片、半导体等板块资金大幅流出，跌幅风险高，坚决回避；市场整体轮动快，谨防冲高回落。,大为股份、融捷股份、捷捷微电所属板块资金流出，建议降权或减仓，等待企稳信号。,success
大宗用纸,0.41,1537312.0,0.48,140,资金流入,优先观察,10,3,-1.78,2.29,30.0,0.63,10,42,140,未知,2026-09-07 09:26:20,观察,观察,电网、游戏、软件等板块获主力流入，但轮动状态多为观察，持续性待确认；被动元件低位轮动，资金流入…,关注电网设备、风电设备等资金流入且涨幅居前板块，可轻仓试探；被动元件等回踩确认后再介入，避免追…,数字芯片、半导体等板块资金大幅流出，跌幅风险高，坚决回避；市场整体轮动快，谨防冲高回落。,大为股份、融捷股份、捷捷微电所属板块资金流出，建议降权或减仓，等待企稳信号。,success
其他能源发电,1.15,1432208.0,6.06,143,资金流入,优先观察,2,0,-1.12,-0.29,0.0,4.11,2,14,143,未知,2026-09-07 09:26:20,观察,观察,电网、游戏、软件等板块获主力流入，但轮动状态多为观察，持续性待确认；被动元件低位轮动，资金流入…,关注电网设备、风电设备等资金流入且涨幅居前板块，可轻仓试探；被动元件等回踩确认后再介入，避免追…,数字芯片、半导体等板块资金大幅流出，跌幅风险高，坚决回避；市场整体轮动快，谨防冲高回落。,大为股份、融捷股份、捷捷微电所属板块资金流出，建议降权或减仓，等待企稳信号。,success
公用事业,1.44,1358480.0,0.01,144,资金流入,优先观察,104,62,1.22,10.04,59.62,4.5,104,11,144,强,2026-09-07 09:26:20,观察,观察,电网、游戏、软件等板块获主力流入，但轮动状态多为观察，持续性待确认；被动元件低位轮动，资金流入…,关注电网设备、风电设备等资金流入且涨幅居前板块，可轻仓试探；被动元件等回踩确认后再介入，避免追…,数字芯片、半导体等板块资金大幅流出，跌幅风险高，坚决回避；市场整体轮动快，谨防冲高回落。,大为股份、融捷股份、捷捷微电所属板块资金流出，建议降权或减仓，等待企稳信号。,success
成品家居,1.21,1148366.0,0.32,147,资金流入,优先观察,13,3,-2.04,1.77,23.08,-2.9,13,135,147,未知,2026-09-07 09:26:20,观察,观察,电网、游戏、软件等板块获主力流入，但轮动状态多为观察，持续性待确认；被动元件低位轮动，资金流入…,关注电网设备、风电设备等资金流入且涨幅居前板块，可轻仓试探；被动元件等回踩确认后再介入，避免追…,数字芯片、半导体等板块资金大幅流出，跌幅风险高，坚决回避；市场整体轮动快，谨防冲高回落。,大为股份、融捷股份、捷捷微电所属板块资金流出，建议降权或减仓，等待企稳信号。,success
其他家电Ⅱ,0.88,813869.0,3.11,150,资金流入,优先观察,3,0,-3.14,-1.33,0.0,-5.55,3,192,150,未知,2026-09-07 09:26:20,观察,观察,电网、游戏、软件等板块获主力流入，但轮动状态多为观察，持续性待确认；被动元件低位轮动，资金流入…,关注电网设备、风电设备等资金流入且涨幅居前板块，可轻仓试探；被动元件等回踩确认后再介入，避免追…,数字芯片、半导体等板块资金大幅流出，跌幅风险高，坚决回避；市场整体轮动快，谨防冲高回落。,大为股份、融捷股份、捷捷微电所属板块资金流出，建议降权或减仓，等待企稳信号。,success
其他纺织,0.86,541221.0,0.26,152,资金流入,优先观察,15,4,-2.3,1.29,26.67,-6.31,15,196,152,未知,2026-09-07 09:26:20,观察,观察,电网、游戏、软件等板块获主力流入，但轮动状态多为观察，持续性待确认；被动元件低位轮动，资金流入…,关注电网设备、风电设备等资金流入且涨幅居前板块，可轻仓试探；被动元件等回踩确认后再介入，避免追…,数字芯片、半导体等板块资金大幅流出，跌幅风险高，坚决回避；市场整体轮动快，谨防冲高回落。,大为股份、融捷股份、捷捷微电所属板块资金流出，建议降权或减仓，等待企稳信号。,success
光伏电池组件,1.52,46408.0,0.0,158,资金流入,优先观察,19,3,-1.52,4.56,15.79,-3.24,19,145,158,未知,2026-09-07 09:26:20,观察,观察,电网、游戏、软件等板块获主力流入，但轮动状态多为观察，持续性待确认；被动元件低位轮动，资金流入…,关注电网设备、风电设备等资金流入且涨幅居前板块，可轻仓试探；被动元件等回踩确认后再介入，避免追…,数字芯片、半导体等板块资金大幅流出，跌幅风险高，坚决回避；市场整体轮动快，谨防冲高回落。,大为股份、融捷股份、捷捷微电所属板块资金流出，建议降权或减仓，等待企稳信号。,success
照明设备Ⅱ,0.26,-483075.0,-0.23,163,资金流出,涨但资金未跟，谨慎,11,5,-0.11,6.47,45.45,0.84,11,40,163,谨慎,2026-09-07 09:26:20,冲高分歧,追高谨慎,电网、游戏、软件等板块获主力流入，但轮动状态多为观察，持续性待确认；被动元件低位轮动，资金流入…,关注电网设备、风电设备等资金流入且涨幅居前板块，可轻仓试探；被动元件等回踩确认后再介入，避免追…,数字芯片、半导体等板块资金大幅流出，跌幅风险高，坚决回避；市场整体轮动快，谨防冲高回落。,大为股份、融捷股份、捷捷微电所属板块资金流出，建议降权或减仓，等待企稳信号。,success
畜禽饲料,0.95,-498885.0,-0.25,164,资金流出,涨但资金未跟，谨慎,9,2,-2.39,0.95,22.22,-1.3,9,80,164,谨慎,2026-09-07 09:26:20,冲高分歧,追高谨慎,电网、游戏、软件等板块获主力流入，但轮动状态多为观察，持续性待确认；被动元件低位轮动，资金流入…,关注电网设备、风电设备等资金流入且涨幅居前板块，可轻仓试探；被动元件等回踩确认后再介入，避免追…,数字芯片、半导体等板块资金大幅流出，跌幅风险高，坚决回避；市场整体轮动快，谨防冲高回落。,大为股份、融捷股份、捷捷微电所属板块资金流出，建议降权或减仓，等待企稳信号。,success
其他专业服务,-0.1,-566256.0,-1.82,167,资金流出,资金未去，避免隔夜,3,2,2.15,8.51,66.67,0.09,3,49,167,回避,2026-09-07 09:26:20,资金流出,降权回避,电网、游戏、软件等板块获主力流入，但轮动状态多为观察，持续性待确认；被动元件低位轮动，资金流入…,关注电网设备、风电设备等资金流入且涨幅居前板块，可轻仓试探；被动元件等回踩确认后再介入，避免追…,数字芯片、半导体等板块资金大幅流出，跌幅风险高，坚决回避；市场整体轮动快，谨防冲高回落。,大为股份、融捷股份、捷捷微电所属板块资金流出，建议降权或减仓，等待企稳信号。,success
线下药店,1.18,-573729.0,-0.22,168,资金流出,涨但资金未跟，谨慎,8,2,-0.55,2.38,25.0,-2.99,8,138,168,谨慎,2026-09-07 09:26:20,冲高分歧,追高谨慎,电网、游戏、软件等板块获主力流入，但轮动状态多为观察，持续性待确认；被动元件低位轮动，资金流入…,关注电网设备、风电设备等资金流入且涨幅居前板块，可轻仓试探；被动元件等回踩确认后再介入，避免追…,数字芯片、半导体等板块资金大幅流出，跌幅风险高，坚决回避；市场整体轮动快，谨防冲高回落。,大为股份、融捷股份、捷捷微电所属板块资金流出，建议降权或减仓，等待企稳信号。,success
公路货运,0.43,-698638.0,-1.02,170,资金流出,涨但资金未跟，谨慎,4,0,-2.11,-1.62,0.0,-2.13,4,104,170,谨慎,2026-09-07 09:26:20,冲高分歧,追高谨慎,电网、游戏、软件等板块获主力流入，但轮动状态多为观察，持续性待确认；被动元件低位轮动，资金流入…,关注电网设备、风电设备等资金流入且涨幅居前板块，可轻仓试探；被动元件等回踩确认后再介入，避免追…,数字芯片、半导体等板块资金大幅流出，跌幅风险高，坚决回避；市场整体轮动快，谨防冲高回落。,大为股份、融捷股份、捷捷微电所属板块资金流出，建议降权或减仓，等待企稳信号。,success
印刷,0.31,-714318.0,-2.05,171,资金流出,涨但资金未跟，谨慎,4,0,-3.5,-2.25,0.0,-6.27,4,195,171,谨慎,2026-09-07 09:26:20,冲高分歧,追高谨慎,电网、游戏、软件等板块获主力流入，但轮动状态多为观察，持续性待确认；被动元件低位轮动，资金流入…,关注电网设备、风电设备等资金流入且涨幅居前板块，可轻仓试探；被动元件等回踩确认后再介入，避免追…,数字芯片、半导体等板块资金大幅流出，跌幅风险高，坚决回避；市场整体轮动快，谨防冲高回落。,大为股份、融捷股份、捷捷微电所属板块资金流出，建议降权或减仓，等待企稳信号。,success
纺织鞋类制造,0.93,-1048741.0,-5.26,175,资金流出,涨但资金未跟，谨慎,1,1,0.54,0.54,100.0,-2.07,1,99,175,谨慎,2026-09-07 09:26:20,冲高分歧,追高谨慎,电网、游戏、软件等板块获主力流入，但轮动状态多为观察，持续性待确认；被动元件低位轮动，资金流入…,关注电网设备、风电设备等资金流入且涨幅居前板块，可轻仓试探；被动元件等回踩确认后再介入，避免追…,数字芯片、半导体等板块资金大幅流出，跌幅风险高，坚决回避；市场整体轮动快，谨防冲高回落。,大为股份、融捷股份、捷捷微电所属板块资金流出，建议降权或减仓，等待企稳信号。,success
房地产综合服务,0.58,-1372699.0,-13.5,177,资金流出,涨但资金未跟，谨慎,1,0,-1.61,-1.61,0.0,-3.43,1,149,177,谨慎,2026-09-07 09:26:20,冲高分歧,追高谨慎,电网、游戏、软件等板块获主力流入，但轮动状态多为观察，持续性待确认；被动元件低位轮动，资金流入…,关注电网设备、风电设备等资金流入且涨幅居前板块，可轻仓试探；被动元件等回踩确认后再介入，避免追…,数字芯片、半导体等板块资金大幅流出，跌幅风险高，坚决回避；市场整体轮动快，谨防冲高回落。,大为股份、融捷股份、捷捷微电所属板块资金流出，建议降权或减仓，等待企稳信号。,success
旅游及景区,0.8,-1385800.0,-0.24,178,资金流出,涨但资金未跟，谨慎,16,5,-0.59,1.55,31.25,-0.87,16,63,178,谨慎,2026-09-07 09:26:20,冲高分歧,追高谨慎,电网、游戏、软件等板块获主力流入，但轮动状态多为观察，持续性待确认；被动元件低位轮动，资金流入…,关注电网设备、风电设备等资金流入且涨幅居前板块，可轻仓试探；被动元件等回踩确认后再介入，避免追…,数字芯片、半导体等板块资金大幅流出，跌幅风险高，坚决回避；市场整体轮动快，谨防冲高回落。,大为股份、融捷股份、捷捷微电所属板块资金流出，建议降权或减仓，等待企稳信号。,success
个护小家电,0.12,-1439975.0,-2.93,180,资金流出,涨但资金未跟，谨慎,3,1,-3.16,2.86,33.33,-9.46,3,200,180,谨慎,2026-09-07 09:26:20,冲高分歧,追高谨慎,电网、游戏、软件等板块获主力流入，但轮动状态多为观察，持续性待确认；被动元件低位轮动，资金流入…,关注电网设备、风电设备等资金流入且涨幅居前板块，可轻仓试探；被动元件等回踩确认后再介入，避免追…,数字芯片、半导体等板块资金大幅流出，跌幅风险高，坚决回避；市场整体轮动快，谨防冲高回落。,大为股份、融捷股份、捷捷微电所属板块资金流出，建议降权或减仓，等待企稳信号。,success
锦纶,0.43,-1565096.0,-2.58,182,资金流出,涨但资金未跟，谨慎,5,0,-3.85,-1.91,0.0,-4.58,5,181,182,谨慎,2026-09-07 09:26:20,冲高分歧,追高谨慎,电网、游戏、软件等板块获主力流入，但轮动状态多为观察，持续性待确认；被动元件低位轮动，资金流入…,关注电网设备、风电设备等资金流入且涨幅居前板块，可轻仓试探；被动元件等回踩确认后再介入，避免追…,数字芯片、半导体等板块资金大幅流出，跌幅风险高，坚决回避；市场整体轮动快，谨防冲高回落。,大为股份、融捷股份、捷捷微电所属板块资金流出，建议降权或减仓，等待企稳信号。,success
光伏设备,1.06,-1845552.0,-0.03,184,资金流出,涨但资金未跟，谨慎,29,9,-0.21,11.47,31.03,-2.1,29,103,184,谨慎,2026-09-07 09:26:20,冲高分歧,追高谨慎,电网、游戏、软件等板块获主力流入，但轮动状态多为观察，持续性待确认；被动元件低位轮动，资金流入…,关注电网设备、风电设备等资金流入且涨幅居前板块，可轻仓试探；被动元件等回踩确认后再介入，避免追…,数字芯片、半导体等板块资金大幅流出，跌幅风险高，坚决回避；市场整体轮动快，谨防冲高回落。,大为股份、融捷股份、捷捷微电所属板块资金流出，建议降权或减仓，等待企稳信号。,success
肉制品,1.03,-1957907.0,-0.5,187,资金流出,涨但资金未跟，谨慎,6,1,-1.16,0.65,16.67,-4.55,6,179,187,谨慎,2026-09-07 09:26:20,冲高分歧,追高谨慎,电网、游戏、软件等板块获主力流入，但轮动状态多为观察，持续性待确认；被动元件低位轮动，资金流入…,关注电网设备、风电设备等资金流入且涨幅居前板块，可轻仓试探；被动元件等回踩确认后再介入，避免追…,数字芯片、半导体等板块资金大幅流出，跌幅风险高，坚决回避；市场整体轮动快，谨防冲高回落。,大为股份、融捷股份、捷捷微电所属板块资金流出，建议降权或减仓，等待企稳信号。,success
动物保健Ⅱ,0.3,-1968763.0,-1.2,188,资金流出,涨但资金未跟，谨慎,9,0,-2.07,-0.79,0.0,-4.89,9,187,188,谨慎,2026-09-07 09:26:20,冲高分歧,追高谨慎,电网、游戏、软件等板块获主力流入，但轮动状态多为观察，持续性待确认；被动元件低位轮动，资金流入…,关注电网设备、风电设备等资金流入且涨幅居前板块，可轻仓试探；被动元件等回踩确认后再介入，避免追…,数字芯片、半导体等板块资金大幅流出，跌幅风险高，坚决回避；市场整体轮动快，谨防冲高回落。,大为股份、融捷股份、捷捷微电所属板块资金流出，建议降权或减仓，等待企稳信号。,success
其他医疗服务,0.7,-2485852.0,-2.21,192,资金流出,涨但资金未跟，谨慎,3,0,-2.88,-1.82,0.0,-4.18,3,172,192,谨慎,2026-09-07 09:26:20,冲高分歧,追高谨慎,电网、游戏、软件等板块获主力流入，但轮动状态多为观察，持续性待确认；被动元件低位轮动，资金流入…,关注电网设备、风电设备等资金流入且涨幅居前板块，可轻仓试探；被动元件等回踩确认后再介入，避免追…,数字芯片、半导体等板块资金大幅流出，跌幅风险高，坚决回避；市场整体轮动快，谨防冲高回落。,大为股份、融捷股份、捷捷微电所属板块资金流出，建议降权或减仓，等待企稳信号。,success
纺织服装设备,0.64,-2954496.0,-0.42,196,资金流出,涨但资金未跟，谨慎,11,4,-1.3,2.65,36.36,-2.08,11,100,196,谨慎,2026-09-07 09:26:20,冲高分歧,追高谨慎,电网、游戏、软件等板块获主力流入，但轮动状态多为观察，持续性待确认；被动元件低位轮动，资金流入…,关注电网设备、风电设备等资金流入且涨幅居前板块，可轻仓试探；被动元件等回踩确认后再介入，避免追…,数字芯片、半导体等板块资金大幅流出，跌幅风险高，坚决回避；市场整体轮动快，谨防冲高回落。,大为股份、融捷股份、捷捷微电所属板块资金流出，建议降权或减仓，等待企稳信号。,success
纺织服饰,0.17,-3107263.0,-0.1,197,资金流出,涨但资金未跟，谨慎,21,1,-2.08,3.19,4.76,-4.14,21,171,197,谨慎,2026-09-07 09:26:20,冲高分歧,追高谨慎,电网、游戏、软件等板块获主力流入，但轮动状态多为观察，持续性待确认；被动元件低位轮动，资金流入…,关注电网设备、风电设备等资金流入且涨幅居前板块，可轻仓试探；被动元件等回踩确认后再介入，避免追…,数字芯片、半导体等板块资金大幅流出，跌幅风险高，坚决回避；市场整体轮动快，谨防冲高回落。,大为股份、融捷股份、捷捷微电所属板块资金流出，建议降权或减仓，等待企稳信号。,success
体育Ⅱ,0.6,-3148259.0,-3.21,198,资金流出,涨但资金未跟，谨慎,2,0,-3.13,-2.38,0.0,-5.11,2,190,198,谨慎,2026-09-07 09:26:20,冲高分歧,追高谨慎,电网、游戏、软件等板块获主力流入，但轮动状态多为观察，持续性待确认；被动元件低位轮动，资金流入…,关注电网设备、风电设备等资金流入且涨幅居前板块，可轻仓试探；被动元件等回踩确认后再介入，避免追…,数字芯片、半导体等板块资金大幅流出，跌幅风险高，坚决回避；市场整体轮动快，谨防冲高回落。,大为股份、融捷股份、捷捷微电所属板块资金流出，建议降权或减仓，等待企稳信号。,success
定制家居,0.3,-3171390.0,-1.35,200,资金流出,涨但资金未跟，谨慎,14,2,-2.14,1.04,14.29,-4.62,14,183,200,谨慎,2026-09-07 09:26:20,冲高分歧,追高谨慎,电网、游戏、软件等板块获主力流入，但轮动状态多为观察，持续性待确认；被动元件低位轮动，资金流入…,关注电网设备、风电设备等资金流入且涨幅居前板块，可轻仓试探；被动元件等回踩确认后再介入，避免追…,数字芯片、半导体等板块资金大幅流出，跌幅风险高，坚决回避；市场整体轮动快，谨防冲高回落。,大为股份、融捷股份、捷捷微电所属板块资金流出，建议降权或减仓，等待企稳信号。,success
洗护用品,0.06,-3321108.0,-6.37,201,资金流出,涨但资金未跟，谨慎,4,0,-1.48,0.0,0.0,-4.42,4,178,201,谨慎,2026-09-07 09:26:20,冲高分歧,追高谨慎,电网、游戏、软件等板块获主力流入，但轮动状态多为观察，持续性待确认；被动元件低位轮动，资金流入…,关注电网设备、风电设备等资金流入且涨幅居前板块，可轻仓试探；被动元件等回踩确认后再介入，避免追…,数字芯片、半导体等板块资金大幅流出，跌幅风险高，坚决回避；市场整体轮动快，谨防冲高回落。,大为股份、融捷股份、捷捷微电所属板块资金流出，建议降权或减仓，等待企稳信号。,success
餐饮,0.09,-3342024.0,-3.48,203,资金流出,涨但资金未跟，谨慎,3,1,-0.71,0.61,33.33,-1.25,3,76,203,谨慎,2026-09-07 09:26:20,冲高分歧,追高谨慎,电网、游戏、软件等板块获主力流入，但轮动状态多为观察，持续性待确认；被动元件低位轮动，资金流入…,关注电网设备、风电设备等资金流入且涨幅居前板块，可轻仓试探；被动元件等回踩确认后再介入，避免追…,数字芯片、半导体等板块资金大幅流出，跌幅风险高，坚决回避；市场整体轮动快，谨防冲高回落。,大为股份、融捷股份、捷捷微电所属板块资金流出，建议降权或减仓，等待企稳信号。,success
厨房电器,-0.16,-3940671.0,-1.8,206,资金流出,资金未去，避免隔夜,5,0,-3.66,-1.81,0.0,-6.26,5,194,206,回避,2026-09-07 09:26:20,资金流出,降权回避,电网、游戏、软件等板块获主力流入，但轮动状态多为观察，持续性待确认；被动元件低位轮动，资金流入…,关注电网设备、风电设备等资金流入且涨幅居前板块，可轻仓试探；被动元件等回踩确认后再介入，避免追…,数字芯片、半导体等板块资金大幅流出，跌幅风险高，坚决回避；市场整体轮动快，谨防冲高回落。,大为股份、融捷股份、捷捷微电所属板块资金流出，建议降权或减仓，等待企稳信号。,success
厨卫电器,0.1,-4514890.0,-1.78,212,资金流出,涨但资金未跟，谨慎,3,0,-2.89,-1.2,0.0,-4.18,3,172,212,谨慎,2026-09-07 09:26:20,冲高分歧,追高谨慎,电网、游戏、软件等板块获主力流入，但轮动状态多为观察，持续性待确认；被动元件低位轮动，资金流入…,关注电网设备、风电设备等资金流入且涨幅居前板块，可轻仓试探；被动元件等回踩确认后再介入，避免追…,数字芯片、半导体等板块资金大幅流出，跌幅风险高，坚决回避；市场整体轮动快，谨防冲高回落。,大为股份、融捷股份、捷捷微电所属板块资金流出，建议降权或减仓，等待企稳信号。,success
学历教育,-0.76,-4606057.0,-3.83,213,资金流出,资金未去，避免隔夜,2,0,-2.64,-2.42,0.0,-4.67,2,184,213,回避,2026-09-07 09:26:20,资金流出,降权回避,电网、游戏、软件等板块获主力流入，但轮动状态多为观察，持续性待确认；被动元件低位轮动，资金流入…,关注电网设备、风电设备等资金流入且涨幅居前板块，可轻仓试探；被动元件等回踩确认后再介入，避免追…,数字芯片、半导体等板块资金大幅流出，跌幅风险高，坚决回避；市场整体轮动快，谨防冲高回落。,大为股份、融捷股份、捷捷微电所属板块资金流出，建议降权或减仓，等待企稳信号。,success
医药流通,0.53,-4660281.0,-0.77,214,资金流出,涨但资金未跟，谨慎,21,4,-0.25,19.98,19.05,-1.08,21,68,214,谨慎,2026-09-07 09:26:20,冲高分歧,追高谨慎,电网、游戏、软件等板块获主力流入，但轮动状态多为观察，持续性待确认；被动元件低位轮动，资金流入…,关注电网设备、风电设备等资金流入且涨幅居前板块，可轻仓试探；被动元件等回踩确认后再介入，避免追…,数字芯片、半导体等板块资金大幅流出，跌幅风险高，坚决回避；市场整体轮动快，谨防冲高回落。,大为股份、融捷股份、捷捷微电所属板块资金流出，建议降权或减仓，等待企稳信号。,success
人力资源服务,1.92,-4847985.0,-6.42,215,资金流出,涨但资金未跟，谨慎,3,0,-2.49,-1.66,0.0,-4.19,3,174,215,谨慎,2026-09-07 09:26:20,冲高分歧,追高谨慎,电网、游戏、软件等板块获主力流入，但轮动状态多为观察，持续性待确认；被动元件低位轮动，资金流入…,关注电网设备、风电设备等资金流入且涨幅居前板块，可轻仓试探；被动元件等回踩确认后再介入，避免追…,数字芯片、半导体等板块资金大幅流出，跌幅风险高，坚决回避；市场整体轮动快，谨防冲高回落。,大为股份、融捷股份、捷捷微电所属板块资金流出，建议降权或减仓，等待企稳信号。,success
旅游综合,0.63,-4855292.0,-3.32,216,资金流出,涨但资金未跟，谨慎,6,1,-0.8,2.61,16.67,0.86,6,39,216,谨慎,2026-09-07 09:26:20,冲高分歧,追高谨慎,电网、游戏、软件等板块获主力流入，但轮动状态多为观察，持续性待确认；被动元件低位轮动，资金流入…,关注电网设备、风电设备等资金流入且涨幅居前板块，可轻仓试探；被动元件等回踩确认后再介入，避免追…,数字芯片、半导体等板块资金大幅流出，跌幅风险高，坚决回避；市场整体轮动快，谨防冲高回落。,大为股份、融捷股份、捷捷微电所属板块资金流出，建议降权或减仓，等待企稳信号。,success
钴,-1.99,-5241773.0,-3.05,222,资金流出,资金未去，避免隔夜,2,0,-1.1,-0.55,0.0,-2.82,2,134,222,回避,2026-09-07 09:26:20,资金流出,降权回避,电网、游戏、软件等板块获主力流入，但轮动状态多为观察，持续性待确认；被动元件低位轮动，资金流入…,关注电网设备、风电设备等资金流入且涨幅居前板块，可轻仓试探；被动元件等回踩确认后再介入，避免追…,数字芯片、半导体等板块资金大幅流出，跌幅风险高，坚决回避；市场整体轮动快，谨防冲高回落。,大为股份、融捷股份、捷捷微电所属板块资金流出，建议降权或减仓，等待企稳信号。,success
会展服务,-3.15,-5261860.0,-1.71,223,资金流出,资金未去，避免隔夜,3,1,-2.95,0.39,33.33,4.13,3,13,223,回避,2026-09-07 09:26:20,资金流出,降权回避,电网、游戏、软件等板块获主力流入，但轮动状态多为观察，持续性待确认；被动元件低位轮动，资金流入…,关注电网设备、风电设备等资金流入且涨幅居前板块，可轻仓试探；被动元件等回踩确认后再介入，避免追…,数字芯片、半导体等板块资金大幅流出，跌幅风险高，坚决回避；市场整体轮动快，谨防冲高回落。,大为股份、融捷股份、捷捷微电所属板块资金流出，建议降权或减仓，等待企稳信号。,success
多业态零售,1.0,-6480753.0,-2.27,229,资金流出,涨但资金未跟，谨慎,14,1,-2.15,0.88,7.14,-2.57,14,121,229,谨慎,2026-09-07 09:26:20,冲高分歧,追高谨慎,电网、游戏、软件等板块获主力流入，但轮动状态多为观察，持续性待确认；被动元件低位轮动，资金流入…,关注电网设备、风电设备等资金流入且涨幅居前板块，可轻仓试探；被动元件等回踩确认后再介入，避免追…,数字芯片、半导体等板块资金大幅流出，跌幅风险高，坚决回避；市场整体轮动快，谨防冲高回落。,大为股份、融捷股份、捷捷微电所属板块资金流出，建议降权或减仓，等待企稳信号。,success
水产养殖,1.25,-7114952.0,-7.7,234,资金流出,涨但资金未跟，谨慎,4,0,-1.44,-0.92,0.0,-2.42,4,116,234,谨慎,2026-09-07 09:26:20,冲高分歧,追高谨慎,电网、游戏、软件等板块获主力流入，但轮动状态多为观察，持续性待确认；被动元件低位轮动，资金流入…,关注电网设备、风电设备等资金流入且涨幅居前板块，可轻仓试探；被动元件等回踩确认后再介入，避免追…,数字芯片、半导体等板块资金大幅流出，跌幅风险高，坚决回避；市场整体轮动快，谨防冲高回落。,大为股份、融捷股份、捷捷微电所属板块资金流出，建议降权或减仓，等待企稳信号。,success
渔业,1.02,-7626584.0,-7.0,237,资金流出,涨但资金未跟，谨慎,2,0,-1.79,-1.76,0.0,-3.71,2,156,237,谨慎,2026-09-07 09:26:20,冲高分歧,追高谨慎,电网、游戏、软件等板块获主力流入，但轮动状态多为观察，持续性待确认；被动元件低位轮动，资金流入…,关注电网设备、风电设备等资金流入且涨幅居前板块，可轻仓试探；被动元件等回踩确认后再介入，避免追…,数字芯片、半导体等板块资金大幅流出，跌幅风险高，坚决回避；市场整体轮动快，谨防冲高回落。,大为股份、融捷股份、捷捷微电所属板块资金流出，建议降权或减仓，等待企稳信号。,success
电商服务,-0.51,-7720360.0,-1.83,238,资金流出,资金未去，避免隔夜,8,4,0.49,7.1,50.0,4.64,8,9,238,回避,2026-09-07 09:26:20,资金流出,降权回避,电网、游戏、软件等板块获主力流入，但轮动状态多为观察，持续性待确认；被动元件低位轮动，资金流入…,关注电网设备、风电设备等资金流入且涨幅居前板块，可轻仓试探；被动元件等回踩确认后再介入，避免追…,数字芯片、半导体等板块资金大幅流出，跌幅风险高，坚决回避；市场整体轮动快，谨防冲高回落。,大为股份、融捷股份、捷捷微电所属板块资金流出，建议降权或减仓，等待企稳信号。,success
房地产服务,0.46,-8933220.0,-4.96,244,资金流出,涨但资金未跟，谨慎,8,1,-1.59,6.23,12.5,-2.28,8,112,244,谨慎,2026-09-07 09:26:20,冲高分歧,追高谨慎,电网、游戏、软件等板块获主力流入，但轮动状态多为观察，持续性待确认；被动元件低位轮动，资金流入…,关注电网设备、风电设备等资金流入且涨幅居前板块，可轻仓试探；被动元件等回踩确认后再介入，避免追…,数字芯片、半导体等板块资金大幅流出，跌幅风险高，坚决回避；市场整体轮动快，谨防冲高回落。,大为股份、融捷股份、捷捷微电所属板块资金流出，建议降权或减仓，等待企稳信号。,success
煤炭开采,0.53,-9176537.0,-0.43,246,资金流出,涨但资金未跟，谨慎,25,19,1.38,9.95,76.0,2.03,25,27,246,谨慎,2026-09-07 09:26:20,冲高分歧,追高谨慎,电网、游戏、软件等板块获主力流入，但轮动状态多为观察，持续性待确认；被动元件低位轮动，资金流入…,关注电网设备、风电设备等资金流入且涨幅居前板块，可轻仓试探；被动元件等回踩确认后再介入，避免追…,数字芯片、半导体等板块资金大幅流出，跌幅风险高，坚决回避；市场整体轮动快，谨防冲高回落。,大为股份、融捷股份、捷捷微电所属板块资金流出，建议降权或减仓，等待企稳信号。,success
文娱用品,0.84,-10691111.0,-2.17,256,资金流出,涨但资金未跟，谨慎,23,7,-1.17,4.16,30.43,-2.77,23,131,256,谨慎,2026-09-07 09:26:20,冲高分歧,追高谨慎,电网、游戏、软件等板块获主力流入，但轮动状态多为观察，持续性待确认；被动元件低位轮动，资金流入…,关注电网设备、风电设备等资金流入且涨幅居前板块，可轻仓试探；被动元件等回踩确认后再介入，避免追…,数字芯片、半导体等板块资金大幅流出，跌幅风险高，坚决回避；市场整体轮动快，谨防冲高回落。,大为股份、融捷股份、捷捷微电所属板块资金流出，建议降权或减仓，等待企稳信号。,success
租赁,0.38,-10985940.0,-6.66,259,资金流出,涨但资金未跟，谨慎,3,1,-2.92,0.16,33.33,-1.58,3,88,259,谨慎,2026-09-07 09:26:20,冲高分歧,追高谨慎,电网、游戏、软件等板块获主力流入，但轮动状态多为观察，持续性待确认；被动元件低位轮动，资金流入…,关注电网设备、风电设备等资金流入且涨幅居前板块，可轻仓试探；被动元件等回踩确认后再介入，避免追…,数字芯片、半导体等板块资金大幅流出，跌幅风险高，坚决回避；市场整体轮动快，谨防冲高回落。,大为股份、融捷股份、捷捷微电所属板块资金流出，建议降权或减仓，等待企稳信号。,success
油气开采Ⅱ,-0.1,-11624071.0,-1.72,262,资金流出,资金未去，避免隔夜,3,0,-2.01,-0.58,0.0,-2.13,3,104,262,回避,2026-09-07 09:26:20,资金流出,降权回避,电网、游戏、软件等板块获主力流入，但轮动状态多为观察，持续性待确认；被动元件低位轮动，资金流入…,关注电网设备、风电设备等资金流入且涨幅居前板块，可轻仓试探；被动元件等回踩确认后再介入，避免追…,数字芯片、半导体等板块资金大幅流出，跌幅风险高，坚决回避；市场整体轮动快，谨防冲高回落。,大为股份、融捷股份、捷捷微电所属板块资金流出，建议降权或减仓，等待企稳信号。,success
专业工程,1.17,-12305183.0,-0.44,266,资金流出,涨但资金未跟，谨慎,34,9,-0.72,10.01,26.47,-0.85,34,62,266,谨慎,2026-09-07 09:26:20,冲高分歧,追高谨慎,电网、游戏、软件等板块获主力流入，但轮动状态多为观察，持续性待确认；被动元件低位轮动，资金流入…,关注电网设备、风电设备等资金流入且涨幅居前板块，可轻仓试探；被动元件等回踩确认后再介入，避免追…,数字芯片、半导体等板块资金大幅流出，跌幅风险高，坚决回避；市场整体轮动快，谨防冲高回落。,大为股份、融捷股份、捷捷微电所属板块资金流出，建议降权或减仓，等待企稳信号。,success
楼宇设备,0.65,-12431975.0,-4.49,269,资金流出,涨但资金未跟，谨慎,13,2,-1.42,10.0,15.38,2.17,13,24,269,谨慎,2026-09-07 09:26:20,冲高分歧,追高谨慎,电网、游戏、软件等板块获主力流入，但轮动状态多为观察，持续性待确认；被动元件低位轮动，资金流入…,关注电网设备、风电设备等资金流入且涨幅居前板块，可轻仓试探；被动元件等回踩确认后再介入，避免追…,数字芯片、半导体等板块资金大幅流出，跌幅风险高，坚决回避；市场整体轮动快，谨防冲高回落。,大为股份、融捷股份、捷捷微电所属板块资金流出，建议降权或减仓，等待企稳信号。,success
金融信息服务,-0.56,-12862329.0,-4.01,272,资金流出,资金未去，避免隔夜,3,1,-1.96,1.86,33.33,-2.26,3,110,272,回避,2026-09-07 09:26:20,资金流出,降权回避,电网、游戏、软件等板块获主力流入，但轮动状态多为观察，持续性待确认；被动元件低位轮动，资金流入…,关注电网设备、风电设备等资金流入且涨幅居前板块，可轻仓试探；被动元件等回踩确认后再介入，避免追…,数字芯片、半导体等板块资金大幅流出，跌幅风险高，坚决回避；市场整体轮动快，谨防冲高回落。,大为股份、融捷股份、捷捷微电所属板块资金流出，建议降权或减仓，等待企稳信号。,success
饲料,0.22,-13418387.0,-2.32,273,资金流出,涨但资金未跟，谨慎,7,3,-0.76,2.17,42.86,-1.17,7,72,273,谨慎,2026-09-07 09:26:20,冲高分歧,追高谨慎,电网、游戏、软件等板块获主力流入，但轮动状态多为观察，持续性待确认；被动元件低位轮动，资金流入…,关注电网设备、风电设备等资金流入且涨幅居前板块，可轻仓试探；被动元件等回踩确认后再介入，避免追…,数字芯片、半导体等板块资金大幅流出，跌幅风险高，坚决回避；市场整体轮动快，谨防冲高回落。,大为股份、融捷股份、捷捷微电所属板块资金流出，建议降权或减仓，等待企稳信号。,success
造纸,0.74,-13905586.0,-1.84,275,资金流出,涨但资金未跟，谨慎,12,5,-0.2,10.03,41.67,2.96,12,20,275,谨慎,2026-09-07 09:26:20,冲高分歧,追高谨慎,电网、游戏、软件等板块获主力流入，但轮动状态多为观察，持续性待确认；被动元件低位轮动，资金流入…,关注电网设备、风电设备等资金流入且涨幅居前板块，可轻仓试探；被动元件等回踩确认后再介入，避免追…,数字芯片、半导体等板块资金大幅流出，跌幅风险高，坚决回避；市场整体轮动快，谨防冲高回落。,大为股份、融捷股份、捷捷微电所属板块资金流出，建议降权或减仓，等待企稳信号。,success
仪器仪表,0.41,-14547856.0,-0.39,277,资金流出,涨但资金未跟，谨慎,1,1,3.84,3.84,100.0,10.01,1,2,277,谨慎,2026-09-07 09:26:20,冲高分歧,追高谨慎,电网、游戏、软件等板块获主力流入，但轮动状态多为观察，持续性待确认；被动元件低位轮动，资金流入…,关注电网设备、风电设备等资金流入且涨幅居前板块，可轻仓试探；被动元件等回踩确认后再介入，避免追…,数字芯片、半导体等板块资金大幅流出，跌幅风险高，坚决回避；市场整体轮动快，谨防冲高回落。,大为股份、融捷股份、捷捷微电所属板块资金流出，建议降权或减仓，等待企稳信号。,success
专业连锁Ⅱ,0.09,-15355354.0,-6.85,281,资金流出,涨但资金未跟，谨慎,7,0,-2.41,-1.12,0.0,-2.56,7,120,281,谨慎,2026-09-07 09:26:20,冲高分歧,追高谨慎,电网、游戏、软件等板块获主力流入，但轮动状态多为观察，持续性待确认；被动元件低位轮动，资金流入…,关注电网设备、风电设备等资金流入且涨幅居前板块，可轻仓试探；被动元件等回踩确认后再介入，避免追…,数字芯片、半导体等板块资金大幅流出，跌幅风险高，坚决回避；市场整体轮动快，谨防冲高回落。,大为股份、融捷股份、捷捷微电所属板块资金流出，建议降权或减仓，等待企稳信号。,success
物流,0.59,-15434449.0,-1.28,282,资金流出,涨但资金未跟，谨慎,32,4,-2.01,1.74,12.5,-2.75,32,129,282,谨慎,2026-09-07 09:26:20,冲高分歧,追高谨慎,电网、游戏、软件等板块获主力流入，但轮动状态多为观察，持续性待确认；被动元件低位轮动，资金流入…,关注电网设备、风电设备等资金流入且涨幅居前板块，可轻仓试探；被动元件等回踩确认后再介入，避免追…,数字芯片、半导体等板块资金大幅流出，跌幅风险高，坚决回避；市场整体轮动快，谨防冲高回落。,大为股份、融捷股份、捷捷微电所属板块资金流出，建议降权或减仓，等待企稳信号。,success
分立器件,-1.25,-15790416.0,-0.3,286,资金流出,资金未去，避免隔夜,1,0,-5.3,-5.3,0.0,-2.18,1,107,286,回避,2026-09-07 09:26:20,资金流出,降权回避,电网、游戏、软件等板块获主力流入，但轮动状态多为观察，持续性待确认；被动元件低位轮动，资金流入…,关注电网设备、风电设备等资金流入且涨幅居前板块，可轻仓试探；被动元件等回踩确认后再介入，避免追…,数字芯片、半导体等板块资金大幅流出，跌幅风险高，坚决回避；市场整体轮动快，谨防冲高回落。,大为股份、融捷股份、捷捷微电所属板块资金流出，建议降权或减仓，等待企稳信号。,success
汽车综合服务,-0.58,-15853134.0,-12.64,288,资金流出,资金未去，避免隔夜,4,1,-1.43,0.31,25.0,-3.59,4,152,288,回避,2026-09-07 09:26:20,资金流出,降权回避,电网、游戏、软件等板块获主力流入，但轮动状态多为观察，持续性待确认；被动元件低位轮动，资金流入…,关注电网设备、风电设备等资金流入且涨幅居前板块，可轻仓试探；被动元件等回踩确认后再介入，避免追…,数字芯片、半导体等板块资金大幅流出，跌幅风险高，坚决回避；市场整体轮动快，谨防冲高回落。,大为股份、融捷股份、捷捷微电所属板块资金流出，建议降权或减仓，等待企稳信号。,success
养殖业,0.56,-16413725.0,-1.39,291,资金流出,涨但资金未跟，谨慎,20,2,-1.51,5.74,10.0,-2.09,20,102,291,谨慎,2026-09-07 09:26:20,冲高分歧,追高谨慎,电网、游戏、软件等板块获主力流入，但轮动状态多为观察，持续性待确认；被动元件低位轮动，资金流入…,关注电网设备、风电设备等资金流入且涨幅居前板块，可轻仓试探；被动元件等回踩确认后再介入，避免追…,数字芯片、半导体等板块资金大幅流出，跌幅风险高，坚决回避；市场整体轮动快，谨防冲高回落。,大为股份、融捷股份、捷捷微电所属板块资金流出，建议降权或减仓，等待企稳信号。,success
彩电,0.62,-17493849.0,-5.73,294,资金流出,涨但资金未跟，谨慎,3,0,-2.86,-1.38,0.0,-0.61,3,57,294,谨慎,2026-09-07 09:26:20,冲高分歧,追高谨慎,电网、游戏、软件等板块获主力流入，但轮动状态多为观察，持续性待确认；被动元件低位轮动，资金流入…,关注电网设备、风电设备等资金流入且涨幅居前板块，可轻仓试探；被动元件等回踩确认后再介入，避免追…,数字芯片、半导体等板块资金大幅流出，跌幅风险高，坚决回避；市场整体轮动快，谨防冲高回落。,大为股份、融捷股份、捷捷微电所属板块资金流出，建议降权或减仓，等待企稳信号。,success
纺织制造,0.56,-18763603.0,-1.74,296,资金流出,涨但资金未跟，谨慎,15,2,-1.56,10.02,13.33,-3.75,15,159,296,谨慎,2026-09-07 09:26:20,冲高分歧,追高谨慎,电网、游戏、软件等板块获主力流入，但轮动状态多为观察，持续性待确认；被动元件低位轮动，资金流入…,关注电网设备、风电设备等资金流入且涨幅居前板块，可轻仓试探；被动元件等回踩确认后再介入，避免追…,数字芯片、半导体等板块资金大幅流出，跌幅风险高，坚决回避；市场整体轮动快，谨防冲高回落。,大为股份、融捷股份、捷捷微电所属板块资金流出，建议降权或减仓，等待企稳信号。,success
清洁小家电,0.71,-19769729.0,-5.01,297,资金流出,涨但资金未跟，谨慎,8,1,-2.03,3.22,12.5,-4.13,8,170,297,谨慎,2026-09-07 09:26:20,冲高分歧,追高谨慎,电网、游戏、软件等板块获主力流入，但轮动状态多为观察，持续性待确认；被动元件低位轮动，资金流入…,关注电网设备、风电设备等资金流入且涨幅居前板块，可轻仓试探；被动元件等回踩确认后再介入，避免追…,数字芯片、半导体等板块资金大幅流出，跌幅风险高，坚决回避；市场整体轮动快，谨防冲高回落。,大为股份、融捷股份、捷捷微电所属板块资金流出，建议降权或减仓，等待企稳信号。,success
汽车服务,0.1,-19857681.0,-12.16,298,资金流出,涨但资金未跟，谨慎,4,0,-2.17,-1.74,0.0,-3.29,4,146,298,谨慎,2026-09-07 09:26:20,冲高分歧,追高谨慎,电网、游戏、软件等板块获主力流入，但轮动状态多为观察，持续性待确认；被动元件低位轮动，资金流入…,关注电网设备、风电设备等资金流入且涨幅居前板块，可轻仓试探；被动元件等回踩确认后再介入，避免追…,数字芯片、半导体等板块资金大幅流出，跌幅风险高，坚决回避；市场整体轮动快，谨防冲高回落。,大为股份、融捷股份、捷捷微电所属板块资金流出，建议降权或减仓，等待企稳信号。,success
小家电,0.79,-20458322.0,-3.33,299,资金流出,涨但资金未跟，谨慎,8,1,-1.7,0.76,12.5,-4.12,8,169,299,谨慎,2026-09-07 09:26:20,冲高分歧,追高谨慎,电网、游戏、软件等板块获主力流入，但轮动状态多为观察，持续性待确认；被动元件低位轮动，资金流入…,关注电网设备、风电设备等资金流入且涨幅居前板块，可轻仓试探；被动元件等回踩确认后再介入，避免追…,数字芯片、半导体等板块资金大幅流出，跌幅风险高，坚决回避；市场整体轮动快，谨防冲高回落。,大为股份、融捷股份、捷捷微电所属板块资金流出，建议降权或减仓，等待企稳信号。,success
钟表珠宝,-0.59,-20872088.0,-4.66,301,资金流出,资金未去，避免隔夜,12,1,-3.12,0.82,8.33,-3.18,12,143,301,回避,2026-09-07 09:26:20,资金流出,降权回避,电网、游戏、软件等板块获主力流入，但轮动状态多为观察，持续性待确认；被动元件低位轮动，资金流入…,关注电网设备、风电设备等资金流入且涨幅居前板块，可轻仓试探；被动元件等回踩确认后再介入，避免追…,数字芯片、半导体等板块资金大幅流出，跌幅风险高，坚决回避；市场整体轮动快，谨防冲高回落。,大为股份、融捷股份、捷捷微电所属板块资金流出，建议降权或减仓，等待企稳信号。,success
预加工食品,-0.3,-22509742.0,-5.59,306,资金流出,资金未去，避免隔夜,10,3,-0.34,2.11,30.0,-2.29,10,113,306,回避,2026-09-07 09:26:20,资金流出,降权回避,电网、游戏、软件等板块获主力流入，但轮动状态多为观察，持续性待确认；被动元件低位轮动，资金流入…,关注电网设备、风电设备等资金流入且涨幅居前板块，可轻仓试探；被动元件等回踩确认后再介入，避免追…,数字芯片、半导体等板块资金大幅流出，跌幅风险高，坚决回避；市场整体轮动快，谨防冲高回落。,大为股份、融捷股份、捷捷微电所属板块资金流出，建议降权或减仓，等待企稳信号。,success
非金属材料Ⅱ,-0.43,-23044900.0,-3.11,308,资金流出,资金未去，避免隔夜,7,1,-2.23,2.21,14.29,-1.06,7,67,308,回避,2026-09-07 09:26:20,资金流出,降权回避,电网、游戏、软件等板块获主力流入，但轮动状态多为观察，持续性待确认；被动元件低位轮动，资金流入…,关注电网设备、风电设备等资金流入且涨幅居前板块，可轻仓试探；被动元件等回踩确认后再介入，避免追…,数字芯片、半导体等板块资金大幅流出，跌幅风险高，坚决回避；市场整体轮动快，谨防冲高回落。,大为股份、融捷股份、捷捷微电所属板块资金流出，建议降权或减仓，等待企稳信号。,success
无机盐,-0.06,-23772107.0,-2.93,311,资金流出,资金未去，避免隔夜,11,0,-3.79,-0.44,0.0,-3.6,11,153,311,回避,2026-09-07 09:26:20,资金流出,降权回避,电网、游戏、软件等板块获主力流入，但轮动状态多为观察，持续性待确认；被动元件低位轮动，资金流入…,关注电网设备、风电设备等资金流入且涨幅居前板块，可轻仓试探；被动元件等回踩确认后再介入，避免追…,数字芯片、半导体等板块资金大幅流出，跌幅风险高，坚决回避；市场整体轮动快，谨防冲高回落。,大为股份、融捷股份、捷捷微电所属板块资金流出，建议降权或减仓，等待企稳信号。,success
汽车电子电气系统,0.84,-25470489.0,-1.31,314,资金流出,涨但资金未跟，谨慎,39,9,-1.34,10.01,23.08,-2.63,39,126,314,谨慎,2026-09-07 09:26:20,冲高分歧,追高谨慎,电网、游戏、软件等板块获主力流入，但轮动状态多为观察，持续性待确认；被动元件低位轮动，资金流入…,关注电网设备、风电设备等资金流入且涨幅居前板块，可轻仓试探；被动元件等回踩确认后再介入，避免追…,数字芯片、半导体等板块资金大幅流出，跌幅风险高，坚决回避；市场整体轮动快，谨防冲高回落。,大为股份、融捷股份、捷捷微电所属板块资金流出，建议降权或减仓，等待企稳信号。,success
纸包装,0.01,-26723129.0,-5.15,317,资金流出,涨但资金未跟，谨慎,18,4,-1.2,4.63,22.22,-2.91,18,136,317,谨慎,2026-09-07 09:26:20,冲高分歧,追高谨慎,电网、游戏、软件等板块获主力流入，但轮动状态多为观察，持续性待确认；被动元件低位轮动，资金流入…,关注电网设备、风电设备等资金流入且涨幅居前板块，可轻仓试探；被动元件等回踩确认后再介入，避免追…,数字芯片、半导体等板块资金大幅流出，跌幅风险高，坚决回避；市场整体轮动快，谨防冲高回落。,大为股份、融捷股份、捷捷微电所属板块资金流出，建议降权或减仓，等待企稳信号。,success
乳品,-0.25,-27692295.0,-1.71,322,资金流出,资金未去，避免隔夜,18,8,0.99,9.99,44.44,-0.49,18,55,322,回避,2026-09-07 09:26:20,资金流出,降权回避,电网、游戏、软件等板块获主力流入，但轮动状态多为观察，持续性待确认；被动元件低位轮动，资金流入…,关注电网设备、风电设备等资金流入且涨幅居前板块，可轻仓试探；被动元件等回踩确认后再介入，避免追…,数字芯片、半导体等板块资金大幅流出，跌幅风险高，坚决回避；市场整体轮动快，谨防冲高回落。,大为股份、融捷股份、捷捷微电所属板块资金流出，建议降权或减仓，等待企稳信号。,success
机床工具,0.68,-27897911.0,-4.04,323,资金流出,涨但资金未跟，谨慎,17,4,-2.13,10.32,23.53,-1.79,17,92,323,谨慎,2026-09-07 09:26:20,冲高分歧,追高谨慎,电网、游戏、软件等板块获主力流入，但轮动状态多为观察，持续性待确认；被动元件低位轮动，资金流入…,关注电网设备、风电设备等资金流入且涨幅居前板块，可轻仓试探；被动元件等回踩确认后再介入，避免追…,数字芯片、半导体等板块资金大幅流出，跌幅风险高，坚决回避；市场整体轮动快，谨防冲高回落。,大为股份、融捷股份、捷捷微电所属板块资金流出，建议降权或减仓，等待企稳信号。,success
金融控股,0.33,-28579553.0,-7.77,325,资金流出,涨但资金未跟，谨慎,9,0,-2.36,-0.92,0.0,-3.72,9,157,325,谨慎,2026-09-07 09:26:20,冲高分歧,追高谨慎,电网、游戏、软件等板块获主力流入，但轮动状态多为观察，持续性待确认；被动元件低位轮动，资金流入…,关注电网设备、风电设备等资金流入且涨幅居前板块，可轻仓试探；被动元件等回踩确认后再介入，避免追…,数字芯片、半导体等板块资金大幅流出，跌幅风险高，坚决回避；市场整体轮动快，谨防冲高回落。,大为股份、融捷股份、捷捷微电所属板块资金流出，建议降权或减仓，等待企稳信号。,success
橡胶助剂,-2.15,-28614239.0,-8.76,326,资金流出,资金未去，避免隔夜,2,0,-5.11,-3.97,0.0,-3.76,2,161,326,回避,2026-09-07 09:26:20,资金流出,降权回避,电网、游戏、软件等板块获主力流入，但轮动状态多为观察，持续性待确认；被动元件低位轮动，资金流入…,关注电网设备、风电设备等资金流入且涨幅居前板块，可轻仓试探；被动元件等回踩确认后再介入，避免追…,数字芯片、半导体等板块资金大幅流出，跌幅风险高，坚决回避；市场整体轮动快，谨防冲高回落。,大为股份、融捷股份、捷捷微电所属板块资金流出，建议降权或减仓，等待企稳信号。,success
疫苗,1.11,-29183072.0,-5.96,328,资金流出,涨但资金未跟，谨慎,13,4,-1.71,2.99,30.77,-4.34,13,176,328,谨慎,2026-09-07 09:26:20,冲高分歧,追高谨慎,电网、游戏、软件等板块获主力流入，但轮动状态多为观察，持续性待确认；被动元件低位轮动，资金流入…,关注电网设备、风电设备等资金流入且涨幅居前板块，可轻仓试探；被动元件等回踩确认后再介入，避免追…,数字芯片、半导体等板块资金大幅流出，跌幅风险高，坚决回避；市场整体轮动快，谨防冲高回落。,大为股份、融捷股份、捷捷微电所属板块资金流出，建议降权或减仓，等待企稳信号。,success
电视广播Ⅲ,0.91,-30935165.0,-6.59,331,资金流出,涨但资金未跟，谨慎,12,5,-0.5,3.7,41.67,-1.08,12,68,331,谨慎,2026-09-07 09:26:20,冲高分歧,追高谨慎,电网、游戏、软件等板块获主力流入，但轮动状态多为观察，持续性待确认；被动元件低位轮动，资金流入…,关注电网设备、风电设备等资金流入且涨幅居前板块，可轻仓试探；被动元件等回踩确认后再介入，避免追…,数字芯片、半导体等板块资金大幅流出，跌幅风险高，坚决回避；市场整体轮动快，谨防冲高回落。,大为股份、融捷股份、捷捷微电所属板块资金流出，建议降权或减仓，等待企稳信号。,success
磨具磨料,0.17,-31076646.0,-2.76,333,资金流出,涨但资金未跟，谨慎,12,2,-2.07,6.89,16.67,3.65,12,17,333,谨慎,2026-09-07 09:26:20,冲高分歧,追高谨慎,电网、游戏、软件等板块获主力流入，但轮动状态多为观察，持续性待确认；被动元件低位轮动，资金流入…,关注电网设备、风电设备等资金流入且涨幅居前板块，可轻仓试探；被动元件等回踩确认后再介入，避免追…,数字芯片、半导体等板块资金大幅流出，跌幅风险高，坚决回避；市场整体轮动快，谨防冲高回落。,大为股份、融捷股份、捷捷微电所属板块资金流出，建议降权或减仓，等待企稳信号。,success
商用车,-0.38,-31643488.0,-1.74,334,资金流出,资金未去，避免隔夜,13,1,-2.34,2.52,7.69,-2.79,13,132,334,回避,2026-09-07 09:26:20,资金流出,降权回避,电网、游戏、软件等板块获主力流入，但轮动状态多为观察，持续性待确认；被动元件低位轮动，资金流入…,关注电网设备、风电设备等资金流入且涨幅居前板块，可轻仓试探；被动元件等回踩确认后再介入，避免追…,数字芯片、半导体等板块资金大幅流出，跌幅风险高，坚决回避；市场整体轮动快，谨防冲高回落。,大为股份、融捷股份、捷捷微电所属板块资金流出，建议降权或减仓，等待企稳信号。,success
橡胶,0.43,-33543551.0,-5.24,338,资金流出,涨但资金未跟，谨慎,15,3,-1.39,4.04,20.0,-0.21,15,51,338,谨慎,2026-09-07 09:26:20,冲高分歧,追高谨慎,电网、游戏、软件等板块获主力流入，但轮动状态多为观察，持续性待确认；被动元件低位轮动，资金流入…,关注电网设备、风电设备等资金流入且涨幅居前板块，可轻仓试探；被动元件等回踩确认后再介入，避免追…,数字芯片、半导体等板块资金大幅流出，跌幅风险高，坚决回避；市场整体轮动快，谨防冲高回落。,大为股份、融捷股份、捷捷微电所属板块资金流出，建议降权或减仓，等待企稳信号。,success
蓄电池及其他电池,-0.16,-35927012.0,-4.36,342,资金流出,资金未去，避免隔夜,8,1,-1.82,3.35,12.5,-3.47,8,151,342,回避,2026-09-07 09:26:20,资金流出,降权回避,电网、游戏、软件等板块获主力流入，但轮动状态多为观察，持续性待确认；被动元件低位轮动，资金流入…,关注电网设备、风电设备等资金流入且涨幅居前板块，可轻仓试探；被动元件等回踩确认后再介入，避免追…,数字芯片、半导体等板块资金大幅流出，跌幅风险高，坚决回避；市场整体轮动快，谨防冲高回落。,大为股份、融捷股份、捷捷微电所属板块资金流出，建议降权或减仓，等待企稳信号。,success
航空机场,0.43,-38306234.0,-4.77,345,资金流出,涨但资金未跟，谨慎,13,1,-1.46,0.37,7.69,0.11,13,48,345,谨慎,2026-09-07 09:26:20,冲高分歧,追高谨慎,电网、游戏、软件等板块获主力流入，但轮动状态多为观察，持续性待确认；被动元件低位轮动，资金流入…,关注电网设备、风电设备等资金流入且涨幅居前板块，可轻仓试探；被动元件等回踩确认后再介入，避免追…,数字芯片、半导体等板块资金大幅流出，跌幅风险高，坚决回避；市场整体轮动快，谨防冲高回落。,大为股份、融捷股份、捷捷微电所属板块资金流出，建议降权或减仓，等待企稳信号。,success
其他化学原料,0.26,-41087110.0,-6.6,349,资金流出,涨但资金未跟，谨慎,12,2,-0.96,20.0,16.67,-1.62,12,90,349,谨慎,2026-09-07 09:26:20,冲高分歧,追高谨慎,电网、游戏、软件等板块获主力流入，但轮动状态多为观察，持续性待确认；被动元件低位轮动，资金流入…,关注电网设备、风电设备等资金流入且涨幅居前板块，可轻仓试探；被动元件等回踩确认后再介入，避免追…,数字芯片、半导体等板块资金大幅流出，跌幅风险高，坚决回避；市场整体轮动快，谨防冲高回落。,大为股份、融捷股份、捷捷微电所属板块资金流出，建议降权或减仓，等待企稳信号。,success
诊断服务,-0.93,-43686376.0,-12.37,352,资金流出,资金未去，避免隔夜,5,1,-2.03,0.89,20.0,-2.96,5,137,352,回避,2026-09-07 09:26:20,资金流出,降权回避,电网、游戏、软件等板块获主力流入，但轮动状态多为观察，持续性待确认；被动元件低位轮动，资金流入…,关注电网设备、风电设备等资金流入且涨幅居前板块，可轻仓试探；被动元件等回踩确认后再介入，避免追…,数字芯片、半导体等板块资金大幅流出，跌幅风险高，坚决回避；市场整体轮动快，谨防冲高回落。,大为股份、融捷股份、捷捷微电所属板块资金流出，建议降权或减仓，等待企稳信号。,success
煤化工,-0.18,-43973711.0,-4.19,353,资金流出,资金未去，避免隔夜,8,0,-2.15,-0.72,0.0,-4.86,8,186,353,回避,2026-09-07 09:26:20,资金流出,降权回避,电网、游戏、软件等板块获主力流入，但轮动状态多为观察，持续性待确认；被动元件低位轮动，资金流入…,关注电网设备、风电设备等资金流入且涨幅居前板块，可轻仓试探；被动元件等回踩确认后再介入，避免追…,数字芯片、半导体等板块资金大幅流出，跌幅风险高，坚决回避；市场整体轮动快，谨防冲高回落。,大为股份、融捷股份、捷捷微电所属板块资金流出，建议降权或减仓，等待企稳信号。,success
其他汽车零部件,0.84,-44456204.0,-2.06,357,资金流出,涨但资金未跟，谨慎,49,8,-1.78,8.11,16.33,-2.54,49,119,357,谨慎,2026-09-07 09:26:20,冲高分歧,追高谨慎,电网、游戏、软件等板块获主力流入，但轮动状态多为观察，持续性待确认；被动元件低位轮动，资金流入…,关注电网设备、风电设备等资金流入且涨幅居前板块，可轻仓试探；被动元件等回踩确认后再介入，避免追…,数字芯片、半导体等板块资金大幅流出，跌幅风险高，坚决回避；市场整体轮动快，谨防冲高回落。,大为股份、融捷股份、捷捷微电所属板块资金流出，建议降权或减仓，等待企稳信号。,success
工程机械,0.58,-44792873.0,-2.55,358,资金流出,涨但资金未跟，谨慎,9,2,-4.35,2.23,22.22,-2.65,9,127,358,谨慎,2026-09-07 09:26:20,冲高分歧,追高谨慎,电网、游戏、软件等板块获主力流入，但轮动状态多为观察，持续性待确认；被动元件低位轮动，资金流入…,关注电网设备、风电设备等资金流入且涨幅居前板块，可轻仓试探；被动元件等回踩确认后再介入，避免追…,数字芯片、半导体等板块资金大幅流出，跌幅风险高，坚决回避；市场整体轮动快，谨防冲高回落。,大为股份、融捷股份、捷捷微电所属板块资金流出，建议降权或减仓，等待企稳信号。,success
钢铁,0.88,-44868213.0,-2.1,359,资金流出,涨但资金未跟，谨慎,30,2,-2.84,1.56,6.67,-2.02,30,97,359,谨慎,2026-09-07 09:26:20,冲高分歧,追高谨慎,电网、游戏、软件等板块获主力流入，但轮动状态多为观察，持续性待确认；被动元件低位轮动，资金流入…,关注电网设备、风电设备等资金流入且涨幅居前板块，可轻仓试探；被动元件等回踩确认后再介入，避免追…,数字芯片、半导体等板块资金大幅流出，跌幅风险高，坚决回避；市场整体轮动快，谨防冲高回落。,大为股份、融捷股份、捷捷微电所属板块资金流出，建议降权或减仓，等待企稳信号。,success
纺织化学制品,0.11,-47273131.0,-3.64,363,资金流出,涨但资金未跟，谨慎,13,1,-2.98,0.18,7.69,-3.14,13,140,363,谨慎,2026-09-07 09:26:20,冲高分歧,追高谨慎,电网、游戏、软件等板块获主力流入，但轮动状态多为观察，持续性待确认；被动元件低位轮动，资金流入…,关注电网设备、风电设备等资金流入且涨幅居前板块，可轻仓试探；被动元件等回踩确认后再介入，避免追…,数字芯片、半导体等板块资金大幅流出，跌幅风险高，坚决回避；市场整体轮动快，谨防冲高回落。,大为股份、融捷股份、捷捷微电所属板块资金流出，建议降权或减仓，等待企稳信号。,success
工程机械整机,0.38,-47801188.0,-3.62,366,资金流出,涨但资金未跟，谨慎,19,4,-1.87,1.68,21.05,-2.15,19,106,366,谨慎,2026-09-07 09:26:20,冲高分歧,追高谨慎,电网、游戏、软件等板块获主力流入，但轮动状态多为观察，持续性待确认；被动元件低位轮动，资金流入…,关注电网设备、风电设备等资金流入且涨幅居前板块，可轻仓试探；被动元件等回踩确认后再介入，避免追…,数字芯片、半导体等板块资金大幅流出，跌幅风险高，坚决回避；市场整体轮动快，谨防冲高回落。,大为股份、融捷股份、捷捷微电所属板块资金流出，建议降权或减仓，等待企稳信号。,success
钨,-0.66,-49736952.0,-3.38,369,资金流出,资金未去，避免隔夜,4,2,-1.41,4.56,50.0,-9.35,4,199,369,回避,2026-09-07 09:26:20,资金流出,降权回避,电网、游戏、软件等板块获主力流入，但轮动状态多为观察，持续性待确认；被动元件低位轮动，资金流入…,关注电网设备、风电设备等资金流入且涨幅居前板块，可轻仓试探；被动元件等回踩确认后再介入，避免追…,数字芯片、半导体等板块资金大幅流出，跌幅风险高，坚决回避；市场整体轮动快，谨防冲高回落。,大为股份、融捷股份、捷捷微电所属板块资金流出，建议降权或减仓，等待企稳信号。,success
农药,-0.19,-49956698.0,-4.93,370,资金流出,资金未去，避免隔夜,30,0,-2.59,-0.96,0.0,-2.68,30,128,370,回避,2026-09-07 09:26:20,资金流出,降权回避,电网、游戏、软件等板块获主力流入，但轮动状态多为观察，持续性待确认；被动元件低位轮动，资金流入…,关注电网设备、风电设备等资金流入且涨幅居前板块，可轻仓试探；被动元件等回踩确认后再介入，避免追…,数字芯片、半导体等板块资金大幅流出，跌幅风险高，坚决回避；市场整体轮动快，谨防冲高回落。,大为股份、融捷股份、捷捷微电所属板块资金流出，建议降权或减仓，等待企稳信号。,success
产业地产,-0.32,-54159110.0,-6.6,377,资金流出,资金未去，避免隔夜,8,1,-2.09,0.79,12.5,-4.4,8,177,377,回避,2026-09-07 09:26:20,资金流出,降权回避,电网、游戏、软件等板块获主力流入，但轮动状态多为观察，持续性待确认；被动元件低位轮动，资金流入…,关注电网设备、风电设备等资金流入且涨幅居前板块，可轻仓试探；被动元件等回踩确认后再介入，避免追…,数字芯片、半导体等板块资金大幅流出，跌幅风险高，坚决回避；市场整体轮动快，谨防冲高回落。,大为股份、融捷股份、捷捷微电所属板块资金流出，建议降权或减仓，等待企稳信号。,success
油气及炼化工程,-1.97,-58447066.0,-5.9,381,资金流出,资金未去，避免隔夜,6,0,-2.56,-1.59,0.0,-8.22,6,198,381,回避,2026-09-07 09:26:20,资金流出,降权回避,电网、游戏、软件等板块获主力流入，但轮动状态多为观察，持续性待确认；被动元件低位轮动，资金流入…,关注电网设备、风电设备等资金流入且涨幅居前板块，可轻仓试探；被动元件等回踩确认后再介入，避免追…,数字芯片、半导体等板块资金大幅流出，跌幅风险高，坚决回避；市场整体轮动快，谨防冲高回落。,大为股份、融捷股份、捷捷微电所属板块资金流出，建议降权或减仓，等待企稳信号。,success
化学纤维,0.33,-60811545.0,-6.78,383,资金流出,涨但资金未跟，谨慎,19,2,-3.0,0.58,10.53,-1.28,19,79,383,谨慎,2026-09-07 09:26:20,冲高分歧,追高谨慎,电网、游戏、软件等板块获主力流入，但轮动状态多为观察，持续性待确认；被动元件低位轮动，资金流入…,关注电网设备、风电设备等资金流入且涨幅居前板块，可轻仓试探；被动元件等回踩确认后再介入，避免追…,数字芯片、半导体等板块资金大幅流出，跌幅风险高，坚决回避；市场整体轮动快，谨防冲高回落。,大为股份、融捷股份、捷捷微电所属板块资金流出，建议降权或减仓，等待企稳信号。,success
稀土,0.7,-61040531.0,-6.48,384,资金流出,涨但资金未跟，谨慎,4,2,1.68,10.01,50.0,4.63,4,10,384,谨慎,2026-09-07 09:26:20,冲高分歧,追高谨慎,电网、游戏、软件等板块获主力流入，但轮动状态多为观察，持续性待确认；被动元件低位轮动，资金流入…,关注电网设备、风电设备等资金流入且涨幅居前板块，可轻仓试探；被动元件等回踩确认后再介入，避免追…,数字芯片、半导体等板块资金大幅流出，跌幅风险高，坚决回避；市场整体轮动快，谨防冲高回落。,大为股份、融捷股份、捷捷微电所属板块资金流出，建议降权或减仓，等待企稳信号。,success
美容护理,0.29,-64378411.0,-5.0,386,资金流出,涨但资金未跟，谨慎,16,6,-0.93,9.44,37.5,-1.48,16,86,386,谨慎,2026-09-07 09:26:20,冲高分歧,追高谨慎,电网、游戏、软件等板块获主力流入，但轮动状态多为观察，持续性待确认；被动元件低位轮动，资金流入…,关注电网设备、风电设备等资金流入且涨幅居前板块，可轻仓试探；被动元件等回踩确认后再介入，避免追…,数字芯片、半导体等板块资金大幅流出，跌幅风险高，坚决回避；市场整体轮动快，谨防冲高回落。,大为股份、融捷股份、捷捷微电所属板块资金流出，建议降权或减仓，等待企稳信号。,success
体外诊断,0.43,-64872954.0,-4.25,387,资金流出,涨但资金未跟，谨慎,37,8,-1.3,12.05,21.62,-1.25,37,76,387,谨慎,2026-09-07 09:26:20,冲高分歧,追高谨慎,电网、游戏、软件等板块获主力流入，但轮动状态多为观察，持续性待确认；被动元件低位轮动，资金流入…,关注电网设备、风电设备等资金流入且涨幅居前板块，可轻仓试探；被动元件等回踩确认后再介入，避免追…,数字芯片、半导体等板块资金大幅流出，跌幅风险高，坚决回避；市场整体轮动快，谨防冲高回落。,大为股份、融捷股份、捷捷微电所属板块资金流出，建议降权或减仓，等待企稳信号。,success
医院,-0.15,-69276381.0,-7.13,390,资金流出,资金未去，避免隔夜,14,2,-2.13,1.36,14.29,-3.14,14,140,390,回避,2026-09-07 09:26:20,资金流出,降权回避,电网、游戏、软件等板块获主力流入，但轮动状态多为观察，持续性待确认；被动元件低位轮动，资金流入…,关注电网设备、风电设备等资金流入且涨幅居前板块，可轻仓试探；被动元件等回踩确认后再介入，避免追…,数字芯片、半导体等板块资金大幅流出，跌幅风险高，坚决回避；市场整体轮动快，谨防冲高回落。,大为股份、融捷股份、捷捷微电所属板块资金流出，建议降权或减仓，等待企稳信号。,success
白色家电,-0.14,-69344159.0,-4.5,391,资金流出,资金未去，避免隔夜,6,0,-2.02,-0.3,0.0,-2.51,6,118,391,回避,2026-09-07 09:26:20,资金流出,降权回避,电网、游戏、软件等板块获主力流入，但轮动状态多为观察，持续性待确认；被动元件低位轮动，资金流入…,关注电网设备、风电设备等资金流入且涨幅居前板块，可轻仓试探；被动元件等回踩确认后再介入，避免追…,数字芯片、半导体等板块资金大幅流出，跌幅风险高，坚决回避；市场整体轮动快，谨防冲高回落。,大为股份、融捷股份、捷捷微电所属板块资金流出，建议降权或减仓，等待企稳信号。,success
空调,-0.39,-75887083.0,-6.22,393,资金流出,资金未去，避免隔夜,3,1,-0.18,0.6,33.33,-2.58,3,122,393,回避,2026-09-07 09:26:20,资金流出,降权回避,电网、游戏、软件等板块获主力流入，但轮动状态多为观察，持续性待确认；被动元件低位轮动，资金流入…,关注电网设备、风电设备等资金流入且涨幅居前板块，可轻仓试探；被动元件等回踩确认后再介入，避免追…,数字芯片、半导体等板块资金大幅流出，跌幅风险高，坚决回避；市场整体轮动快，谨防冲高回落。,大为股份、融捷股份、捷捷微电所属板块资金流出，建议降权或减仓，等待企稳信号。,success
航海装备Ⅲ,0.37,-77310980.0,-5.62,394,资金流出,涨但资金未跟，谨慎,10,2,-2.04,1.03,20.0,-4.24,10,175,394,谨慎,2026-09-07 09:26:20,冲高分歧,追高谨慎,电网、游戏、软件等板块获主力流入，但轮动状态多为观察，持续性待确认；被动元件低位轮动，资金流入…,关注电网设备、风电设备等资金流入且涨幅居前板块，可轻仓试探；被动元件等回踩确认后再介入，避免追…,数字芯片、半导体等板块资金大幅流出，跌幅风险高，坚决回避；市场整体轮动快，谨防冲高回落。,大为股份、融捷股份、捷捷微电所属板块资金流出，建议降权或减仓，等待企稳信号。,success
通信工程及服务,1.44,-78783160.0,-6.61,396,资金流出,涨但资金未跟，谨慎,15,2,-2.73,10.0,13.33,-4.99,15,188,396,谨慎,2026-09-07 09:26:20,冲高分歧,追高谨慎,电网、游戏、软件等板块获主力流入，但轮动状态多为观察，持续性待确认；被动元件低位轮动，资金流入…,关注电网设备、风电设备等资金流入且涨幅居前板块，可轻仓试探；被动元件等回踩确认后再介入，避免追…,数字芯片、半导体等板块资金大幅流出，跌幅风险高，坚决回避；市场整体轮动快，谨防冲高回落。,大为股份、融捷股份、捷捷微电所属板块资金流出，建议降权或减仓，等待企稳信号。,success
膜材料,-0.06,-81187527.0,-3.24,399,资金流出,资金未去，避免隔夜,20,3,-4.15,2.82,15.0,-0.3,20,53,399,回避,2026-09-07 09:26:20,资金流出,降权回避,电网、游戏、软件等板块获主力流入，但轮动状态多为观察，持续性待确认；被动元件低位轮动，资金流入…,关注电网设备、风电设备等资金流入且涨幅居前板块，可轻仓试探；被动元件等回踩确认后再介入，避免追…,数字芯片、半导体等板块资金大幅流出，跌幅风险高，坚决回避；市场整体轮动快，谨防冲高回落。,大为股份、融捷股份、捷捷微电所属板块资金流出，建议降权或减仓，等待企稳信号。,success
医疗器械,0.25,-82072688.0,-1.69,402,资金流出,涨但资金未跟，谨慎,86,24,-0.68,20.0,27.91,-1.31,86,81,402,谨慎,2026-09-07 09:26:20,冲高分歧,追高谨慎,电网、游戏、软件等板块获主力流入，但轮动状态多为观察，持续性待确认；被动元件低位轮动，资金流入…,关注电网设备、风电设备等资金流入且涨幅居前板块，可轻仓试探；被动元件等回踩确认后再介入，避免追…,数字芯片、半导体等板块资金大幅流出，跌幅风险高，坚决回避；市场整体轮动快，谨防冲高回落。,大为股份、融捷股份、捷捷微电所属板块资金流出，建议降权或减仓，等待企稳信号。,success
中药Ⅱ,0.68,-82591668.0,-2.43,404,资金流出,涨但资金未跟，谨慎,59,17,-0.63,4.46,28.81,-0.93,59,64,404,谨慎,2026-09-07 09:26:20,冲高分歧,追高谨慎,电网、游戏、软件等板块获主力流入，但轮动状态多为观察，持续性待确认；被动元件低位轮动，资金流入…,关注电网设备、风电设备等资金流入且涨幅居前板块，可轻仓试探；被动元件等回踩确认后再介入，避免追…,数字芯片、半导体等板块资金大幅流出，跌幅风险高，坚决回避；市场整体轮动快，谨防冲高回落。,大为股份、融捷股份、捷捷微电所属板块资金流出，建议降权或减仓，等待企稳信号。,success
塑料,0.44,-84572560.0,-1.5,405,资金流出,涨但资金未跟，谨慎,37,12,-1.07,6.72,32.43,2.55,37,21,405,谨慎,2026-09-07 09:26:20,冲高分歧,追高谨慎,电网、游戏、软件等板块获主力流入，但轮动状态多为观察，持续性待确认；被动元件低位轮动，资金流入…,关注电网设备、风电设备等资金流入且涨幅居前板块，可轻仓试探；被动元件等回踩确认后再介入，避免追…,数字芯片、半导体等板块资金大幅流出，跌幅风险高，坚决回避；市场整体轮动快，谨防冲高回落。,大为股份、融捷股份、捷捷微电所属板块资金流出，建议降权或减仓，等待企稳信号。,success
股份制银行Ⅲ,0.48,-85249872.0,-2.83,406,资金流出,涨但资金未跟，谨慎,9,3,0.05,1.84,33.33,0.61,9,43,406,谨慎,2026-09-07 09:26:20,冲高分歧,追高谨慎,电网、游戏、软件等板块获主力流入，但轮动状态多为观察，持续性待确认；被动元件低位轮动，资金流入…,关注电网设备、风电设备等资金流入且涨幅居前板块，可轻仓试探；被动元件等回踩确认后再介入，避免追…,数字芯片、半导体等板块资金大幅流出，跌幅风险高，坚决回避；市场整体轮动快，谨防冲高回落。,大为股份、融捷股份、捷捷微电所属板块资金流出，建议降权或减仓，等待企稳信号。,success
铅锌,0.16,-100845722.0,-10.19,409,资金流出,涨但资金未跟，谨慎,11,2,-3.26,7.94,18.18,1.25,11,33,409,谨慎,2026-09-07 09:26:20,冲高分歧,追高谨慎,电网、游戏、软件等板块获主力流入，但轮动状态多为观察，持续性待确认；被动元件低位轮动，资金流入…,关注电网设备、风电设备等资金流入且涨幅居前板块，可轻仓试探；被动元件等回踩确认后再介入，避免追…,数字芯片、半导体等板块资金大幅流出，跌幅风险高，坚决回避；市场整体轮动快，谨防冲高回落。,大为股份、融捷股份、捷捷微电所属板块资金流出，建议降权或减仓，等待企稳信号。,success
城商行Ⅲ,0.57,-105999216.0,-4.65,411,资金流出,涨但资金未跟，谨慎,17,4,-0.47,1.13,23.53,-1.37,17,82,411,谨慎,2026-09-07 09:26:20,冲高分歧,追高谨慎,电网、游戏、软件等板块获主力流入，但轮动状态多为观察，持续性待确认；被动元件低位轮动，资金流入…,关注电网设备、风电设备等资金流入且涨幅居前板块，可轻仓试探；被动元件等回踩确认后再介入，避免追…,数字芯片、半导体等板块资金大幅流出，跌幅风险高，坚决回避；市场整体轮动快，谨防冲高回落。,大为股份、融捷股份、捷捷微电所属板块资金流出，建议降权或减仓，等待企稳信号。,success
轻工制造,0.57,-110070827.0,-2.6,414,资金流出,涨但资金未跟，谨慎,58,10,-1.95,10.01,17.24,-2.59,58,123,414,谨慎,2026-09-07 09:26:20,冲高分歧,追高谨慎,电网、游戏、软件等板块获主力流入，但轮动状态多为观察，持续性待确认；被动元件低位轮动，资金流入…,关注电网设备、风电设备等资金流入且涨幅居前板块，可轻仓试探；被动元件等回踩确认后再介入，避免追…,数字芯片、半导体等板块资金大幅流出，跌幅风险高，坚决回避；市场整体轮动快，谨防冲高回落。,大为股份、融捷股份、捷捷微电所属板块资金流出，建议降权或减仓，等待企稳信号。,success
文字媒体,-1.59,-112615427.0,-8.45,415,资金流出,资金未去，避免隔夜,2,2,6.56,10.0,100.0,1.26,2,32,415,回避,2026-09-07 09:26:20,资金流出,降权回避,电网、游戏、软件等板块获主力流入，但轮动状态多为观察，持续性待确认；被动元件低位轮动，资金流入…,关注电网设备、风电设备等资金流入且涨幅居前板块，可轻仓试探；被动元件等回踩确认后再介入，避免追…,数字芯片、半导体等板块资金大幅流出，跌幅风险高，坚决回避；市场整体轮动快，谨防冲高回落。,大为股份、融捷股份、捷捷微电所属板块资金流出，建议降权或减仓，等待企稳信号。,success
通信服务,1.26,-113460400.0,-2.28,417,资金流出,涨但资金未跟，谨慎,19,6,-1.64,5.53,31.58,-1.81,19,93,417,谨慎,2026-09-07 09:26:20,冲高分歧,追高谨慎,电网、游戏、软件等板块获主力流入，但轮动状态多为观察，持续性待确认；被动元件低位轮动，资金流入…,关注电网设备、风电设备等资金流入且涨幅居前板块，可轻仓试探；被动元件等回踩确认后再介入，避免追…,数字芯片、半导体等板块资金大幅流出，跌幅风险高，坚决回避；市场整体轮动快，谨防冲高回落。,大为股份、融捷股份、捷捷微电所属板块资金流出，建议降权或减仓，等待企稳信号。,success
商贸零售,0.77,-139337792.0,-2.79,421,资金流出,涨但资金未跟，谨慎,58,21,-0.16,10.12,36.21,1.08,58,36,421,谨慎,2026-09-07 09:26:20,冲高分歧,追高谨慎,电网、游戏、软件等板块获主力流入，但轮动状态多为观察，持续性待确认；被动元件低位轮动，资金流入…,关注电网设备、风电设备等资金流入且涨幅居前板块，可轻仓试探；被动元件等回踩确认后再介入，避免追…,数字芯片、半导体等板块资金大幅流出，跌幅风险高，坚决回避；市场整体轮动快，谨防冲高回落。,大为股份、融捷股份、捷捷微电所属板块资金流出，建议降权或减仓，等待企稳信号。,success
建筑装饰,0.97,-141000592.0,-1.38,423,资金流出,涨但资金未跟，谨慎,91,16,-1.94,10.01,17.58,-2.48,91,117,423,谨慎,2026-09-07 09:26:20,冲高分歧,追高谨慎,电网、游戏、软件等板块获主力流入，但轮动状态多为观察，持续性待确认；被动元件低位轮动，资金流入…,关注电网设备、风电设备等资金流入且涨幅居前板块，可轻仓试探；被动元件等回踩确认后再介入，避免追…,数字芯片、半导体等板块资金大幅流出，跌幅风险高，坚决回避；市场整体轮动快，谨防冲高回落。,大为股份、融捷股份、捷捷微电所属板块资金流出，建议降权或减仓，等待企稳信号。,success
LED,0.53,-146207658.0,-8.08,425,资金流出,涨但资金未跟，谨慎,28,10,-0.76,6.97,35.71,2.08,28,26,425,谨慎,2026-09-07 09:26:20,冲高分歧,追高谨慎,电网、游戏、软件等板块获主力流入，但轮动状态多为观察，持续性待确认；被动元件低位轮动，资金流入…,关注电网设备、风电设备等资金流入且涨幅居前板块，可轻仓试探；被动元件等回踩确认后再介入，避免追…,数字芯片、半导体等板块资金大幅流出，跌幅风险高，坚决回避；市场整体轮动快，谨防冲高回落。,大为股份、融捷股份、捷捷微电所属板块资金流出，建议降权或减仓，等待企稳信号。,success
汽车零部件,0.79,-150148912.0,-1.16,428,资金流出,涨但资金未跟，谨慎,1,0,-2.96,-2.96,0.0,-8.0,1,197,428,谨慎,2026-09-07 09:26:20,冲高分歧,追高谨慎,电网、游戏、软件等板块获主力流入，但轮动状态多为观察，持续性待确认；被动元件低位轮动，资金流入…,关注电网设备、风电设备等资金流入且涨幅居前板块，可轻仓试探；被动元件等回踩确认后再介入，避免追…,数字芯片、半导体等板块资金大幅流出，跌幅风险高，坚决回避；市场整体轮动快，谨防冲高回落。,大为股份、融捷股份、捷捷微电所属板块资金流出，建议降权或减仓，等待企稳信号。,success
乘用车,-0.67,-160751424.0,-5.57,429,资金流出,资金未去，避免隔夜,8,0,-1.85,-0.32,0.0,-2.61,8,124,429,回避,2026-09-07 09:26:20,资金流出,降权回避,电网、游戏、软件等板块获主力流入，但轮动状态多为观察，持续性待确认；被动元件低位轮动，资金流入…,关注电网设备、风电设备等资金流入且涨幅居前板块，可轻仓试探；被动元件等回踩确认后再介入，避免追…,数字芯片、半导体等板块资金大幅流出，跌幅风险高，坚决回避；市场整体轮动快，谨防冲高回落。,大为股份、融捷股份、捷捷微电所属板块资金流出，建议降权或减仓，等待企稳信号。,success
石油石化,0.1,-162754976.0,-3.42,430,资金流出,涨但资金未跟，谨慎,29,1,-2.97,0.56,3.45,-4.6,29,182,430,谨慎,2026-09-07 09:26:20,冲高分歧,追高谨慎,电网、游戏、软件等板块获主力流入，但轮动状态多为观察，持续性待确认；被动元件低位轮动，资金流入…,关注电网设备、风电设备等资金流入且涨幅居前板块，可轻仓试探；被动元件等回踩确认后再介入，避免追…,数字芯片、半导体等板块资金大幅流出，跌幅风险高，坚决回避；市场整体轮动快，谨防冲高回落。,大为股份、融捷股份、捷捷微电所属板块资金流出，建议降权或减仓，等待企稳信号。,success
农化制品,-0.17,-177511734.0,-5.09,432,资金流出,资金未去，避免隔夜,27,5,-1.99,5.69,18.52,-1.24,27,75,432,回避,2026-09-07 09:26:20,资金流出,降权回避,电网、游戏、软件等板块获主力流入，但轮动状态多为观察，持续性待确认；被动元件低位轮动，资金流入…,关注电网设备、风电设备等资金流入且涨幅居前板块，可轻仓试探；被动元件等回踩确认后再介入，避免追…,数字芯片、半导体等板块资金大幅流出，跌幅风险高，坚决回避；市场整体轮动快，谨防冲高回落。,大为股份、融捷股份、捷捷微电所属板块资金流出，建议降权或减仓，等待企稳信号。,success
铝,-0.11,-186509168.0,-4.51,433,资金流出,资金未去，避免隔夜,29,6,-2.39,5.51,20.69,2.46,29,22,433,回避,2026-09-07 09:26:20,资金流出,降权回避,电网、游戏、软件等板块获主力流入，但轮动状态多为观察，持续性待确认；被动元件低位轮动，资金流入…,关注电网设备、风电设备等资金流入且涨幅居前板块，可轻仓试探；被动元件等回踩确认后再介入，避免追…,数字芯片、半导体等板块资金大幅流出，跌幅风险高，坚决回避；市场整体轮动快，谨防冲高回落。,大为股份、融捷股份、捷捷微电所属板块资金流出，建议降权或减仓，等待企稳信号。,success
能源金属,-0.98,-192881140.0,-7.0,436,资金流出,资金未去，避免隔夜,9,1,-1.64,1.82,11.11,-2.08,9,100,436,回避,2026-09-07 09:26:20,资金流出,降权回避,电网、游戏、软件等板块获主力流入，但轮动状态多为观察，持续性待确认；被动元件低位轮动，资金流入…,关注电网设备、风电设备等资金流入且涨幅居前板块，可轻仓试探；被动元件等回踩确认后再介入，避免追…,数字芯片、半导体等板块资金大幅流出，跌幅风险高，坚决回避；市场整体轮动快，谨防冲高回落。,大为股份、融捷股份、捷捷微电所属板块资金流出，建议降权或减仓，等待企稳信号。,success
房地产,0.34,-205073608.0,-4.82,438,资金流出,涨但资金未跟，谨慎,64,6,-2.24,10.0,9.38,-1.13,64,70,438,谨慎,2026-09-07 09:26:20,冲高分歧,追高谨慎,电网、游戏、软件等板块获主力流入，但轮动状态多为观察，持续性待确认；被动元件低位轮动，资金流入…,关注电网设备、风电设备等资金流入且涨幅居前板块，可轻仓试探；被动元件等回踩确认后再介入，避免追…,数字芯片、半导体等板块资金大幅流出，跌幅风险高，坚决回避；市场整体轮动快，谨防冲高回落。,大为股份、融捷股份、捷捷微电所属板块资金流出，建议降权或减仓，等待企稳信号。,success
化学原料,0.23,-206361835.0,-5.4,439,资金流出,涨但资金未跟，谨慎,25,3,-2.44,3.22,12.0,-1.64,25,91,439,谨慎,2026-09-07 09:26:20,冲高分歧,追高谨慎,电网、游戏、软件等板块获主力流入，但轮动状态多为观察，持续性待确认；被动元件低位轮动，资金流入…,关注电网设备、风电设备等资金流入且涨幅居前板块，可轻仓试探；被动元件等回踩确认后再介入，避免追…,数字芯片、半导体等板块资金大幅流出，跌幅风险高，坚决回避；市场整体轮动快，谨防冲高回落。,大为股份、融捷股份、捷捷微电所属板块资金流出，建议降权或减仓，等待企稳信号。,success
其他电子Ⅲ,-0.46,-216428080.0,-4.62,441,资金流出,资金未去，避免隔夜,33,13,-1.04,5.61,39.39,5.08,33,6,441,回避,2026-09-07 09:26:20,资金流出,降权回避,电网、游戏、软件等板块获主力流入，但轮动状态多为观察，持续性待确认；被动元件低位轮动，资金流入…,关注电网设备、风电设备等资金流入且涨幅居前板块，可轻仓试探；被动元件等回踩确认后再介入，避免追…,数字芯片、半导体等板块资金大幅流出，跌幅风险高，坚决回避；市场整体轮动快，谨防冲高回落。,大为股份、融捷股份、捷捷微电所属板块资金流出，建议降权或减仓，等待企稳信号。,success
门户网站,-0.37,-237194320.0,-9.26,442,资金流出,资金未去，避免隔夜,1,0,-1.61,-1.61,0.0,-5.35,1,191,442,回避,2026-09-07 09:26:20,资金流出,降权回避,电网、游戏、软件等板块获主力流入，但轮动状态多为观察，持续性待确认；被动元件低位轮动，资金流入…,关注电网设备、风电设备等资金流入且涨幅居前板块，可轻仓试探；被动元件等回踩确认后再介入，避免追…,数字芯片、半导体等板块资金大幅流出，跌幅风险高，坚决回避；市场整体轮动快，谨防冲高回落。,大为股份、融捷股份、捷捷微电所属板块资金流出，建议降权或减仓，等待企稳信号。,success
软件开发,0.32,-241486848.0,-1.06,443,资金流出,涨但资金未跟，谨慎,89,15,-2.45,11.83,16.85,-1.54,89,87,443,谨慎,2026-09-07 09:26:20,冲高分歧,追高谨慎,电网、游戏、软件等板块获主力流入，但轮动状态多为观察，持续性待确认；被动元件低位轮动，资金流入…,关注电网设备、风电设备等资金流入且涨幅居前板块，可轻仓试探；被动元件等回踩确认后再介入，避免追…,数字芯片、半导体等板块资金大幅流出，跌幅风险高，坚决回避；市场整体轮动快，谨防冲高回落。,大为股份、融捷股份、捷捷微电所属板块资金流出，建议降权或减仓，等待企稳信号。,success
电池化学品,-0.56,-266999900.0,-5.93,444,资金流出,资金未去，避免隔夜,39,10,-1.08,7.39,25.64,-2.29,39,113,444,回避,2026-09-07 09:26:20,资金流出,降权回避,电网、游戏、软件等板块获主力流入，但轮动状态多为观察，持续性待确认；被动元件低位轮动，资金流入…,关注电网设备、风电设备等资金流入且涨幅居前板块，可轻仓试探；被动元件等回踩确认后再介入，避免追…,数字芯片、半导体等板块资金大幅流出，跌幅风险高，坚决回避；市场整体轮动快，谨防冲高回落。,大为股份、融捷股份、捷捷微电所属板块资金流出，建议降权或减仓，等待企稳信号。,success
面板,-0.13,-299836544.0,-5.94,448,资金流出,资金未去，避免隔夜,36,14,-0.39,10.01,38.89,4.75,36,8,448,回避,2026-09-07 09:26:20,资金流出,降权回避,电网、游戏、软件等板块获主力流入，但轮动状态多为观察，持续性待确认；被动元件低位轮动，资金流入…,关注电网设备、风电设备等资金流入且涨幅居前板块，可轻仓试探；被动元件等回踩确认后再介入，避免追…,数字芯片、半导体等板块资金大幅流出，跌幅风险高，坚决回避；市场整体轮动快，谨防冲高回落。,大为股份、融捷股份、捷捷微电所属板块资金流出，建议降权或减仓，等待企稳信号。,success
化学制剂,0.01,-301497216.0,-4.28,449,资金流出,涨但资金未跟，谨慎,102,24,-1.18,4.46,23.53,-3.11,102,139,449,谨慎,2026-09-07 09:26:20,冲高分歧,追高谨慎,电网、游戏、软件等板块获主力流入，但轮动状态多为观察，持续性待确认；被动元件低位轮动，资金流入…,关注电网设备、风电设备等资金流入且涨幅居前板块，可轻仓试探；被动元件等回踩确认后再介入，避免追…,数字芯片、半导体等板块资金大幅流出，跌幅风险高，坚决回避；市场整体轮动快，谨防冲高回落。,大为股份、融捷股份、捷捷微电所属板块资金流出，建议降权或减仓，等待企稳信号。,success
氟化工,-0.88,-303454534.0,-10.84,450,资金流出,资金未去，避免隔夜,9,1,-3.69,1.92,11.11,1.36,9,30,450,回避,2026-09-07 09:26:20,资金流出,降权回避,电网、游戏、软件等板块获主力流入，但轮动状态多为观察，持续性待确认；被动元件低位轮动，资金流入…,关注电网设备、风电设备等资金流入且涨幅居前板块，可轻仓试探；被动元件等回踩确认后再介入，避免追…,数字芯片、半导体等板块资金大幅流出，跌幅风险高，坚决回避；市场整体轮动快，谨防冲高回落。,大为股份、融捷股份、捷捷微电所属板块资金流出，建议降权或减仓，等待企稳信号。,success
化学制药,0.15,-322742176.0,-3.67,451,资金流出,涨但资金未跟，谨慎,39,6,-1.59,8.61,15.38,-3.74,39,158,451,谨慎,2026-09-07 09:26:20,冲高分歧,追高谨慎,电网、游戏、软件等板块获主力流入，但轮动状态多为观察，持续性待确认；被动元件低位轮动，资金流入…,关注电网设备、风电设备等资金流入且涨幅居前板块，可轻仓试探；被动元件等回踩确认后再介入，避免追…,数字芯片、半导体等板块资金大幅流出，跌幅风险高，坚决回避；市场整体轮动快，谨防冲高回落。,大为股份、融捷股份、捷捷微电所属板块资金流出，建议降权或减仓，等待企稳信号。,success
通用设备,1.11,-328536128.0,-1.63,452,资金流出,涨但资金未跟，谨慎,180,35,-2.41,10.0,19.44,-1.99,180,96,452,谨慎,2026-09-07 09:26:20,冲高分歧,追高谨慎,电网、游戏、软件等板块获主力流入，但轮动状态多为观察，持续性待确认；被动元件低位轮动，资金流入…,关注电网设备、风电设备等资金流入且涨幅居前板块，可轻仓试探；被动元件等回踩确认后再介入，避免追…,数字芯片、半导体等板块资金大幅流出，跌幅风险高，坚决回避；市场整体轮动快，谨防冲高回落。,大为股份、融捷股份、捷捷微电所属板块资金流出，建议降权或减仓，等待企稳信号。,success
银行Ⅱ,0.38,-332434064.0,-3.64,454,资金流出,涨但资金未跟，谨慎,16,0,-0.82,0.0,0.0,-1.13,16,70,454,谨慎,2026-09-07 09:26:20,冲高分歧,追高谨慎,电网、游戏、软件等板块获主力流入，但轮动状态多为观察，持续性待确认；被动元件低位轮动，资金流入…,关注电网设备、风电设备等资金流入且涨幅居前板块，可轻仓试探；被动元件等回踩确认后再介入，避免追…,数字芯片、半导体等板块资金大幅流出，跌幅风险高，坚决回避；市场整体轮动快，谨防冲高回落。,大为股份、融捷股份、捷捷微电所属板块资金流出，建议降权或减仓，等待企稳信号。,success
化学制品,0.65,-336575616.0,-3.15,455,资金流出,涨但资金未跟，谨慎,72,15,-1.8,10.02,20.83,-0.14,72,50,455,谨慎,2026-09-07 09:26:20,冲高分歧,追高谨慎,电网、游戏、软件等板块获主力流入，但轮动状态多为观察，持续性待确认；被动元件低位轮动，资金流入…,关注电网设备、风电设备等资金流入且涨幅居前板块，可轻仓试探；被动元件等回踩确认后再介入，避免追…,数字芯片、半导体等板块资金大幅流出，跌幅风险高，坚决回避；市场整体轮动快，谨防冲高回落。,大为股份、融捷股份、捷捷微电所属板块资金流出，建议降权或减仓，等待企稳信号。,success
国防军工,0.72,-338735456.0,-2.65,456,资金流出,涨但资金未跟，谨慎,113,25,-1.63,10.01,22.12,-0.38,113,54,456,谨慎,2026-09-07 09:26:20,冲高分歧,追高谨慎,电网、游戏、软件等板块获主力流入，但轮动状态多为观察，持续性待确认；被动元件低位轮动，资金流入…,关注电网设备、风电设备等资金流入且涨幅居前板块，可轻仓试探；被动元件等回踩确认后再介入，避免追…,数字芯片、半导体等板块资金大幅流出，跌幅风险高，坚决回避；市场整体轮动快，谨防冲高回落。,大为股份、融捷股份、捷捷微电所属板块资金流出，建议降权或减仓，等待企稳信号。,success
黄金,-2.36,-356508176.0,-8.38,460,资金流出,资金未去，避免隔夜,10,0,-3.9,-1.45,0.0,2.21,10,23,460,回避,2026-09-07 09:26:20,资金流出,降权回避,电网、游戏、软件等板块获主力流入，但轮动状态多为观察，持续性待确认；被动元件低位轮动，资金流入…,关注电网设备、风电设备等资金流入且涨幅居前板块，可轻仓试探；被动元件等回踩确认后再介入，避免追…,数字芯片、半导体等板块资金大幅流出，跌幅风险高，坚决回避；市场整体轮动快，谨防冲高回落。,大为股份、融捷股份、捷捷微电所属板块资金流出，建议降权或减仓，等待企稳信号。,success
汽车,0.72,-378144032.0,-2.05,461,资金流出,涨但资金未跟，谨慎,124,19,-2.26,14.19,15.32,-3.19,124,144,461,谨慎,2026-09-07 09:26:20,冲高分歧,追高谨慎,电网、游戏、软件等板块获主力流入，但轮动状态多为观察，持续性待确认；被动元件低位轮动，资金流入…,关注电网设备、风电设备等资金流入且涨幅居前板块，可轻仓试探；被动元件等回踩确认后再介入，避免追…,数字芯片、半导体等板块资金大幅流出，跌幅风险高，坚决回避；市场整体轮动快，谨防冲高回落。,大为股份、融捷股份、捷捷微电所属板块资金流出，建议降权或减仓，等待企稳信号。,success
铜,-0.31,-466952240.0,-8.17,465,资金流出,资金未去，避免隔夜,17,3,-3.27,1.42,17.65,3.18,17,19,465,回避,2026-09-07 09:26:20,资金流出,降权回避,电网、游戏、软件等板块获主力流入，但轮动状态多为观察，持续性待确认；被动元件低位轮动，资金流入…,关注电网设备、风电设备等资金流入且涨幅居前板块，可轻仓试探；被动元件等回踩确认后再介入，避免追…,数字芯片、半导体等板块资金大幅流出，跌幅风险高，坚决回避；市场整体轮动快，谨防冲高回落。,大为股份、融捷股份、捷捷微电所属板块资金流出，建议降权或减仓，等待企稳信号。,success
贵金属,-2.02,-483467008.0,-8.78,466,资金流出,资金未去，避免隔夜,3,0,-2.94,-1.27,0.0,-2.25,3,109,466,回避,2026-09-07 09:26:20,资金流出,降权回避,电网、游戏、软件等板块获主力流入，但轮动状态多为观察，持续性待确认；被动元件低位轮动，资金流入…,关注电网设备、风电设备等资金流入且涨幅居前板块，可轻仓试探；被动元件等回踩确认后再介入，避免追…,数字芯片、半导体等板块资金大幅流出，跌幅风险高，坚决回避；市场整体轮动快，谨防冲高回落。,大为股份、融捷股份、捷捷微电所属板块资金流出，建议降权或减仓，等待企稳信号。,success
电子化学品Ⅱ,-2.11,-513216880.0,-5.55,468,资金流出,资金未去，避免隔夜,33,9,-2.26,13.29,27.27,4.5,33,11,468,回避,2026-09-07 09:26:20,资金流出,降权回避,电网、游戏、软件等板块获主力流入，但轮动状态多为观察，持续性待确认；被动元件低位轮动，资金流入…,关注电网设备、风电设备等资金流入且涨幅居前板块，可轻仓试探；被动元件等回踩确认后再介入，避免追…,数字芯片、半导体等板块资金大幅流出，跌幅风险高，坚决回避；市场整体轮动快，谨防冲高回落。,大为股份、融捷股份、捷捷微电所属板块资金流出，建议降权或减仓，等待企稳信号。,success
非银金融,0.03,-757306560.0,-7.53,477,资金流出,涨但资金未跟，谨慎,55,8,-0.94,5.15,14.55,-0.66,55,58,477,谨慎,2026-09-07 09:26:20,冲高分歧,追高谨慎,电网、游戏、软件等板块获主力流入，但轮动状态多为观察，持续性待确认；被动元件低位轮动，资金流入…,关注电网设备、风电设备等资金流入且涨幅居前板块，可轻仓试探；被动元件等回踩确认后再介入，避免追…,数字芯片、半导体等板块资金大幅流出，跌幅风险高，坚决回避；市场整体轮动快，谨防冲高回落。,大为股份、融捷股份、捷捷微电所属板块资金流出，建议降权或减仓，等待企稳信号。,success
印制电路板,-1.22,-832815328.0,-4.87,478,资金流出,资金未去，避免隔夜,44,16,-1.3,9.97,36.36,9.76,44,3,478,回避,2026-09-07 09:26:20,资金流出,降权回避,电网、游戏、软件等板块获主力流入，但轮动状态多为观察，持续性待确认；被动元件低位轮动，资金流入…,关注电网设备、风电设备等资金流入且涨幅居前板块，可轻仓试探；被动元件等回踩确认后再介入，避免追…,数字芯片、半导体等板块资金大幅流出，跌幅风险高，坚决回避；市场整体轮动快，谨防冲高回落。,大为股份、融捷股份、捷捷微电所属板块资金流出，建议降权或减仓，等待企稳信号。,success
电池,-0.39,-870992272.0,-6.97,479,资金流出,资金未去，避免隔夜,43,13,-0.82,10.01,30.23,1.51,43,29,479,回避,2026-09-07 09:26:20,资金流出,降权回避,电网、游戏、软件等板块获主力流入，但轮动状态多为观察，持续性待确认；被动元件低位轮动，资金流入…,关注电网设备、风电设备等资金流入且涨幅居前板块，可轻仓试探；被动元件等回踩确认后再介入，避免追…,数字芯片、半导体等板块资金大幅流出，跌幅风险高，坚决回避；市场整体轮动快，谨防冲高回落。,大为股份、融捷股份、捷捷微电所属板块资金流出，建议降权或减仓，等待企稳信号。,success
营销代理,0.73,-884214880.0,-7.12,480,资金流出,涨但资金未跟，谨慎,25,2,-1.89,1.85,8.0,-4.06,25,167,480,谨慎,2026-09-07 09:26:20,冲高分歧,追高谨慎,电网、游戏、软件等板块获主力流入，但轮动状态多为观察，持续性待确认；被动元件低位轮动，资金流入…,关注电网设备、风电设备等资金流入且涨幅居前板块，可轻仓试探；被动元件等回踩确认后再介入，避免追…,数字芯片、半导体等板块资金大幅流出，跌幅风险高，坚决回避；市场整体轮动快，谨防冲高回落。,大为股份、融捷股份、捷捷微电所属板块资金流出，建议降权或减仓，等待企稳信号。,success
广告营销,0.62,-907165632.0,-7.07,481,资金流出,涨但资金未跟，谨慎,3,0,-2.41,-0.9,0.0,-3.68,3,154,481,谨慎,2026-09-07 09:26:20,冲高分歧,追高谨慎,电网、游戏、软件等板块获主力流入，但轮动状态多为观察，持续性待确认；被动元件低位轮动，资金流入…,关注电网设备、风电设备等资金流入且涨幅居前板块，可轻仓试探；被动元件等回踩确认后再介入，避免追…,数字芯片、半导体等板块资金大幅流出，跌幅风险高，坚决回避；市场整体轮动快，谨防冲高回落。,大为股份、融捷股份、捷捷微电所属板块资金流出，建议降权或减仓，等待企稳信号。,success
玻纤制造,-4.26,-1078911792.0,-11.79,485,资金流出,资金未去，避免隔夜,8,2,-1.44,3.52,25.0,9.0,8,4,485,回避,2026-09-07 09:26:20,资金流出,降权回避,电网、游戏、软件等板块获主力流入，但轮动状态多为观察，持续性待确认；被动元件低位轮动，资金流入…,关注电网设备、风电设备等资金流入且涨幅居前板块，可轻仓试探；被动元件等回踩确认后再介入，避免追…,数字芯片、半导体等板块资金大幅流出，跌幅风险高，坚决回避；市场整体轮动快，谨防冲高回落。,大为股份、融捷股份、捷捷微电所属板块资金流出，建议降权或减仓，等待企稳信号。,success
建筑材料,0.19,-1097922160.0,-9.99,487,资金流出,涨但资金未跟，谨慎,54,5,-2.28,6.72,9.26,-1.22,54,74,487,谨慎,2026-09-07 09:26:20,冲高分歧,追高谨慎,电网、游戏、软件等板块获主力流入，但轮动状态多为观察，持续性待确认；被动元件低位轮动，资金流入…,关注电网设备、风电设备等资金流入且涨幅居前板块，可轻仓试探；被动元件等回踩确认后再介入，避免追…,数字芯片、半导体等板块资金大幅流出，跌幅风险高，坚决回避；市场整体轮动快，谨防冲高回落。,大为股份、融捷股份、捷捷微电所属板块资金流出，建议降权或减仓，等待企稳信号。,success
通信,0.89,-1166717440.0,-2.88,488,资金流出,涨但资金未跟，谨慎,82,25,-1.17,10.0,30.49,1.99,82,28,488,谨慎,2026-09-07 09:26:20,冲高分歧,追高谨慎,电网、游戏、软件等板块获主力流入，但轮动状态多为观察，持续性待确认；被动元件低位轮动，资金流入…,关注电网设备、风电设备等资金流入且涨幅居前板块，可轻仓试探；被动元件等回踩确认后再介入，避免追…,数字芯片、半导体等板块资金大幅流出，跌幅风险高，坚决回避；市场整体轮动快，谨防冲高回落。,大为股份、融捷股份、捷捷微电所属板块资金流出，建议降权或减仓，等待企稳信号。,success
传媒,0.74,-1180480448.0,-4.48,489,资金流出,涨但资金未跟，谨慎,35,13,0.85,20.04,37.14,1.1,35,35,489,谨慎,2026-09-07 09:26:20,冲高分歧,追高谨慎,电网、游戏、软件等板块获主力流入，但轮动状态多为观察，持续性待确认；被动元件低位轮动，资金流入…,关注电网设备、风电设备等资金流入且涨幅居前板块，可轻仓试探；被动元件等回踩确认后再介入，避免追…,数字芯片、半导体等板块资金大幅流出，跌幅风险高，坚决回避；市场整体轮动快，谨防冲高回落。,大为股份、融捷股份、捷捷微电所属板块资金流出，建议降权或减仓，等待企稳信号。,success
消费电子,-0.07,-1555824848.0,-7.75,492,资金流出,资金未去，避免隔夜,87,24,-1.19,12.5,27.59,1.33,87,31,492,回避,2026-09-07 09:26:20,资金流出,降权回避,电网、游戏、软件等板块获主力流入，但轮动状态多为观察，持续性待确认；被动元件低位轮动，资金流入…,关注电网设备、风电设备等资金流入且涨幅居前板块，可轻仓试探；被动元件等回踩确认后再介入，避免追…,数字芯片、半导体等板块资金大幅流出，跌幅风险高，坚决回避；市场整体轮动快，谨防冲高回落。,大为股份、融捷股份、捷捷微电所属板块资金流出，建议降权或减仓，等待企稳信号。,success
数字芯片设计,-1.62,-3468898560.0,-6.76,494,资金流出,资金未去，避免隔夜,51,20,-0.75,6.96,39.22,3.9,51,16,494,回避,2026-09-07 09:26:20,资金流出,降权回避,电网、游戏、软件等板块获主力流入，但轮动状态多为观察，持续性待确认；被动元件低位轮动，资金流入…,关注电网设备、风电设备等资金流入且涨幅居前板块，可轻仓试探；被动元件等回踩确认后再介入，避免追…,数字芯片、半导体等板块资金大幅流出，跌幅风险高，坚决回避；市场整体轮动快，谨防冲高回落。,大为股份、融捷股份、捷捷微电所属板块资金流出，建议降权或减仓，等待企稳信号。,success
半导体,-2.3,-6850149632.0,-6.59,495,资金流出,资金未去，避免隔夜,118,36,-1.27,19.98,30.51,4.0,118,15,495,回避,2026-09-07 09:26:20,资金流出,降权回避,电网、游戏、软件等板块获主力流入，但轮动状态多为观察，持续性待确认；被动元件低位轮动，资金流入…,关注电网设备、风电设备等资金流入且涨幅居前板块，可轻仓试探；被动元件等回踩确认后再介入，避免追…,数字芯片、半导体等板块资金大幅流出，跌幅风险高，坚决回避；市场整体轮动快，谨防冲高回落。,大为股份、融捷股份、捷捷微电所属板块资金流出，建议降权或减仓，等待企稳信号。,success
