板块名称,板块涨跌幅,主力净流入,主力净流入占比,超大单净流入,大单净流入,资金排名,板块资金标签,隔夜建议
电网设备,2.23,423880832.0,2.87,160616848.0,263263984.0,1,资金流入,优先观察
游戏Ⅲ,1.84,253284528.0,4.34,202683664.0,50600864.0,2,资金流入,优先观察
游戏Ⅱ,1.84,253284528.0,4.35,202683664.0,50600864.0,3,资金流入,优先观察
线缆部件及其他,2.92,210387230.0,4.48,88607566.0,121779664.0,4,资金流入,优先观察
计算机设备,0.82,201685136.0,1.93,140517648.0,61167488.0,5,资金流入,优先观察
IT服务Ⅱ,0.7,191147280.0,1.0,403040272.0,-211892992.0,6,资金流入,优先观察
IT服务Ⅲ,0.7,191147280.0,1.0,403040272.0,-211892992.0,7,资金流入,优先观察
横向通用软件,1.03,189621248.0,1.67,315661920.0,-126040672.0,8,资金流入,优先观察
其他小金属,1.58,164940464.0,3.7,51462224.0,113478240.0,9,资金流入,优先观察
风电设备,2.86,155902127.0,5.29,71847375.0,84054752.0,10,资金流入,优先观察
计算机,0.58,151345664.0,0.29,765342208.0,-613996544.0,11,资金流入,优先观察
机器人,2.29,149748512.0,2.8,70790000.0,78958512.0,12,资金流入,优先观察
基础建设,1.22,144639648.0,6.11,110643664.0,33995984.0,13,资金流入,优先观察
基建市政工程,1.32,141832272.0,6.9,112785392.0,29046880.0,14,资金流入,优先观察
其他计算机设备,0.62,140374032.0,1.88,143496928.0,-3122896.0,15,资金流入,优先观察
被动元件,-1.04,131051792.0,1.38,45306704.0,85745088.0,16,资金流入,资金流入但价格弱，谨慎
调味发酵品Ⅲ,0.89,128582822.0,8.21,63416966.0,65165856.0,17,资金流入,优先观察
调味发酵品Ⅱ,0.89,128582822.0,8.19,63416966.0,65165856.0,18,资金流入,优先观察
医疗研发外包,0.06,127397360.0,2.34,183236064.0,-55838704.0,19,资金流入,优先观察
食品饮料,0.31,123532848.0,1.17,-2205984.0,125738832.0,20,资金流入,优先观察
自动化设备,1.06,118287872.0,0.94,32032624.0,86255248.0,21,资金流入,优先观察
其他电源设备Ⅱ,1.24,112388016.0,2.33,69332624.0,43055392.0,22,资金流入,优先观察
风电整机,2.46,97874566.0,8.28,52102700.0,45771866.0,23,资金流入,优先观察
综合电力设备商,3.9,95581879.0,8.42,32909274.0,62672605.0,24,资金流入,优先观察
电网自动化设备,2.12,86298669.0,3.2,6813869.0,79484800.0,25,资金流入,优先观察
其他化学制品,0.82,81043308.0,3.1,80782860.0,260448.0,26,资金流入,优先观察
金属新材料,1.66,74288306.0,2.08,22616002.0,51672304.0,27,资金流入,优先观察
输变电设备,2.49,69423056.0,1.24,27070672.0,42352384.0,28,资金流入,优先观察
白酒Ⅱ,-0.56,68136272.0,1.78,-39887888.0,108024160.0,29,资金流入,资金流入但价格弱，谨慎
白酒Ⅲ,-0.56,68136272.0,1.79,-39887888.0,108024160.0,30,资金流入,资金流入但价格弱，谨慎
环保,1.46,66793728.0,1.36,66040528.0,753200.0,31,资金流入,优先观察
固废治理,1.5,66212795.0,3.81,30670251.0,35542544.0,32,资金流入,优先观察
安防设备,1.28,61311088.0,2.05,-2979280.0,64290368.0,33,资金流入,优先观察
农产品加工,0.97,60993999.0,7.09,21403286.0,39590713.0,34,资金流入,优先观察
磁性材料,0.96,58260904.0,4.58,23535112.0,34725792.0,35,资金流入,优先观察
风电零部件,2.94,58027572.0,3.28,19744676.0,38282896.0,36,资金流入,优先观察
民爆制品,1.99,46173235.0,7.08,47275654.0,-1102419.0,37,资金流入,优先观察
房屋建设Ⅱ,1.48,43882302.0,5.59,67639780.0,-23757478.0,38,资金流入,优先观察
房屋建设Ⅲ,1.48,43882302.0,5.59,67639780.0,-23757478.0,39,资金流入,优先观察
农林牧渔,0.8,43402352.0,1.06,-29357616.0,72759968.0,40,资金流入,优先观察
配电设备,1.57,39914409.0,3.17,24684154.0,15230255.0,41,资金流入,优先观察
环保设备Ⅱ,2.18,36994995.0,2.39,54134227.0,-17139232.0,42,资金流入,优先观察
环保设备Ⅲ,2.18,36961299.0,2.39,54100531.0,-17139232.0,43,资金流入,优先观察
装修装饰Ⅱ,1.23,36878114.0,3.54,28264967.0,8613147.0,44,资金流入,优先观察
装修装饰Ⅲ,1.23,36878114.0,3.53,28264967.0,8613147.0,45,资金流入,优先观察
服装家纺,0.33,36671963.0,2.26,26917595.0,9754368.0,46,资金流入,优先观察
跨境电商,0.99,35152973.0,5.88,8194425.0,26958548.0,47,资金流入,优先观察
种植业,1.46,34949096.0,3.57,2263348.0,32685748.0,48,资金流入,优先观察
电机Ⅱ,2.06,32239470.0,1.08,34453550.0,-2214080.0,49,资金流入,优先观察
电机Ⅲ,2.06,32239470.0,1.07,34453550.0,-2214080.0,50,资金流入,优先观察
互联网电商,0.41,31597380.0,2.75,2169689.0,29427691.0,51,资金流入,优先观察
环境治理,1.29,29798729.0,0.88,11906313.0,17892416.0,52,资金流入,优先观察
其他农产品加工,1.12,28923896.0,7.12,12642408.0,16281488.0,53,资金流入,优先观察
化学工程,2.69,28207297.0,11.22,32574160.0,-4366863.0,54,资金流入,优先观察
小金属,0.85,27093264.0,0.38,-9359024.0,36452288.0,55,资金流入,优先观察
非运动服装,0.28,26884709.0,2.61,32889979.0,-6005270.0,56,资金流入,优先观察
其他种植业,2.67,26549821.0,5.21,14471324.0,12078497.0,57,资金流入,优先观察
果蔬加工,1.0,25365071.0,7.83,12082308.0,13282763.0,58,资金流入,优先观察
轨交设备Ⅲ,1.07,24457464.0,2.77,23647144.0,810320.0,59,资金流入,优先观察
轨交设备Ⅱ,1.06,24427994.0,2.76,23647144.0,780850.0,60,资金流入,优先观察
其他通用设备,1.15,22556480.0,0.8,14308128.0,8248352.0,61,资金流入,优先观察
焦煤,0.9,21477656.0,4.73,23391975.0,-1914319.0,62,资金流入,优先观察
电能综合服务,1.82,21058864.0,2.94,8543315.0,12515549.0,63,资金流入,优先观察
轮胎轮毂,1.26,20729829.0,2.8,20475164.0,254665.0,64,资金流入,优先观察
塑料包装,1.02,20601645.0,5.62,9025754.0,11575891.0,65,资金流入,优先观察
涂料油墨,1.19,19631342.0,2.02,7019755.0,12611587.0,66,资金流入,优先观察
种子,1.13,19576072.0,6.04,-4801554.0,24377626.0,67,资金流入,优先观察
其他专业工程,0.97,18872384.0,0.97,-13589232.0,32461616.0,68,资金流入,优先观察
硅料硅片,1.37,18347798.0,5.12,-8465122.0,26812920.0,69,资金流入,优先观察
风力发电,1.94,18266334.0,0.89,46190462.0,-27924128.0,70,资金流入,优先观察
铁路运输,1.04,18200670.0,2.86,16917036.0,1283634.0,71,资金流入,优先观察
航天装备Ⅲ,2.07,17997012.0,1.49,-17151378.0,35148390.0,72,资金流入,优先观察
电工仪器仪表,1.2,17857481.0,3.24,13440576.0,4416905.0,73,资金流入,优先观察
航天装备Ⅱ,2.11,17828000.0,1.48,-17151378.0,34979378.0,74,资金流入,优先观察
培训教育,1.21,17419455.0,1.93,14829442.0,2590013.0,75,资金流入,优先观察
其他通信设备,1.22,16984640.0,4.81,12523567.0,4461073.0,76,资金流入,优先观察
火电设备,2.31,16462360.0,3.92,9847503.0,6614857.0,77,资金流入,优先观察
其他金属新材料,2.17,16027417.0,0.7,-919111.0,16946528.0,78,资金流入,优先观察
水力发电,0.6,15661690.0,1.27,47989514.0,-32327824.0,79,资金流入,优先观察
光伏加工设备,0.16,15442943.0,1.6,34144972.0,-18702029.0,80,资金流入,优先观察
燃气Ⅲ,1.62,14039532.0,1.33,34894267.0,-20854735.0,81,资金流入,优先观察
燃气Ⅱ,1.61,14032749.0,1.33,34894267.0,-20861518.0,82,资金流入,优先观察
管材,2.03,13686569.0,5.55,-1002621.0,14689190.0,83,资金流入,优先观察
车身附件及饰件,0.27,13372281.0,0.84,6069305.0,7302976.0,84,资金流入,优先观察
保险Ⅲ,-0.36,13129615.0,0.81,26533743.0,-13404128.0,85,资金流入,资金流入但价格弱，谨慎
保险Ⅱ,-0.34,13055615.0,0.81,26533743.0,-13478128.0,86,资金流入,资金流入但价格弱，谨慎
鞋帽及其他,0.08,12562727.0,4.24,-9244251.0,21806978.0,87,资金流入,优先观察
医疗服务,-0.03,11948784.0,0.17,130757056.0,-118808272.0,88,资金流入,资金流入但价格弱，谨慎
光伏主材,1.56,11743274.0,2.07,20191235.0,-8447961.0,89,资金流入,优先观察
工控设备,0.77,11477056.0,0.41,-11969904.0,23446960.0,90,资金流入,优先观察
品牌消费电子,0.83,11378893.0,1.12,-1711400.0,13090293.0,91,资金流入,优先观察
港口,1.0,10437695.0,1.28,15226307.0,-4788612.0,92,资金流入,优先观察
焦炭Ⅱ,1.16,10081739.0,5.97,-2492522.0,12574261.0,93,资金流入,优先观察
焦炭Ⅲ,1.16,10081739.0,5.97,-2492522.0,12574261.0,94,资金流入,优先观察
能源及重型设备,1.17,10070194.0,0.31,-681614.0,10751808.0,95,资金流入,优先观察
其他黑色家电,-0.37,10032263.0,4.08,-1066940.0,11099203.0,96,资金流入,资金流入但价格弱，谨慎
医疗耗材,0.27,9983356.0,0.59,24668508.0,-14685152.0,97,资金流入,优先观察
辅料,0.63,9826528.0,2.74,15544520.0,-5717992.0,98,资金流入,优先观察
模拟芯片设计,-0.93,9770080.0,0.28,13130384.0,-3360304.0,99,资金流入,资金流入但价格弱，谨慎
仓储物流,0.83,8326693.0,8.9,7566880.0,759813.0,100,资金流入,优先观察
光学元件,-0.58,8163488.0,0.21,-75227296.0,83390784.0,101,资金流入,资金流入但价格弱，谨慎
大气治理,1.93,8043517.0,8.12,633967.0,7409550.0,102,资金流入,优先观察
教育,0.83,7722886.0,0.71,10425793.0,-2702907.0,103,资金流入,优先观察
期货,1.41,7399920.0,6.29,12254664.0,-4854744.0,104,资金流入,优先观察
大众出版,-0.1,7141009.0,1.17,9501662.0,-2360653.0,105,资金流入,资金流入但价格弱，谨慎
粮油加工,0.74,6705032.0,5.16,-3321430.0,10026462.0,106,资金流入,优先观察
软饮料,0.66,6673803.0,0.6,5087899.0,1585904.0,107,资金流入,优先观察
冶钢辅料,0.25,6627024.0,5.36,10745960.0,-4118936.0,108,资金流入,优先观察
冰洗,-0.02,6542930.0,2.05,-3674596.0,10217526.0,109,资金流入,资金流入但价格弱，谨慎
旅游零售Ⅱ,0.71,6439487.0,1.05,33103093.0,-26663606.0,110,资金流入,优先观察
旅游零售Ⅲ,0.71,6439487.0,1.05,33103093.0,-26663606.0,111,资金流入,优先观察
跨境物流,0.81,6246273.0,2.76,3379329.0,2866944.0,112,资金流入,优先观察
血液制品,0.97,6090790.0,4.31,3384227.0,2706563.0,113,资金流入,优先观察
检测服务,-0.06,5695003.0,0.71,-14805123.0,20500126.0,114,资金流入,资金流入但价格弱，谨慎
纯碱,0.79,5626504.0,1.88,-10082926.0,15709430.0,115,资金流入,优先观察
其他橡胶制品,0.66,4252965.0,1.8,2721959.0,1531006.0,116,资金流入,优先观察
综合电商,1.76,4164767.0,3.19,3999420.0,165347.0,117,资金流入,优先观察
光伏辅材,0.73,4154061.0,0.62,11977186.0,-7823125.0,118,资金流入,优先观察
装修建材,0.86,3959165.0,0.4,-570128.0,4529293.0,119,资金流入,优先观察
视频媒体,-0.49,3732221.0,4.19,3903046.0,-170825.0,120,资金流入,资金流入但价格弱，谨慎
其他石化,1.7,3688921.0,0.84,23753394.0,-20064473.0,121,资金流入,优先观察
油品石化贸易,0.49,3580651.0,2.25,-5928193.0,9508844.0,122,资金流入,优先观察
商用载客车,-0.18,3480375.0,1.31,5730111.0,-2249736.0,123,资金流入,资金流入但价格弱，谨慎
烘焙食品,0.35,3017381.0,2.34,-1763035.0,4780416.0,124,资金流入,优先观察
工程机械器件,0.82,2938900.0,0.67,-36498253.0,39437153.0,125,资金流入,优先观察
合成树脂,0.95,2855444.0,0.22,12537652.0,-9682208.0,126,资金流入,优先观察
生活用纸,0.54,2842683.0,1.67,0.0,2842683.0,127,资金流入,优先观察
园林工程,1.05,2807382.0,0.91,-2141729.0,4949111.0,128,资金流入,优先观察
综合Ⅱ,1.06,2731810.0,0.18,16660930.0,-13929120.0,129,资金流入,优先观察
综合Ⅲ,1.06,2731810.0,0.18,16660930.0,-13929120.0,130,资金流入,优先观察
综合,1.06,2731810.0,0.18,16660930.0,-13929120.0,131,资金流入,优先观察
信托,1.28,2443795.0,2.21,967760.0,1476035.0,132,资金流入,优先观察
印染,0.79,2414855.0,1.58,3917622.0,-1502767.0,133,资金流入,优先观察
医美服务,1.63,2219710.0,33.34,0.0,2219710.0,134,资金流入,优先观察
农用机械,1.92,2103907.0,0.97,-589167.0,2693074.0,135,资金流入,优先观察
特钢Ⅲ,1.57,2007754.0,0.56,729283.0,1278471.0,136,资金流入,优先观察
自然景区,0.76,1940561.0,0.72,1028397.0,912164.0,137,资金流入,优先观察
熟食,1.4,1755369.0,2.7,-587784.0,2343153.0,138,资金流入,优先观察
特钢Ⅱ,1.61,1691492.0,0.47,729283.0,962209.0,139,资金流入,优先观察
大宗用纸,0.41,1537312.0,0.48,9779254.0,-8241942.0,140,资金流入,优先观察
人工景区,1.19,1528931.0,0.9,215909.0,1313022.0,141,资金流入,优先观察
文化用品,0.63,1526445.0,1.78,-1702190.0,3228635.0,142,资金流入,优先观察
其他能源发电,1.15,1432208.0,6.06,0.0,1432208.0,143,资金流入,优先观察
公用事业,1.44,1358480.0,0.01,152376336.0,-151017856.0,144,资金流入,优先观察
出版,0.21,1327987.0,0.15,7665982.0,-6337995.0,145,资金流入,优先观察
钢铁管材,1.72,1221105.0,1.02,5691253.0,-4470148.0,146,资金流入,优先观察
成品家居,1.21,1148366.0,0.32,-2265261.0,3413627.0,147,资金流入,优先观察
煤炭,0.66,905213.0,0.04,-4769683.0,5674896.0,148,资金流入,优先观察
其他家电Ⅲ,0.88,813869.0,3.11,-1202700.0,2016569.0,149,资金流入,优先观察
其他家电Ⅱ,0.88,813869.0,3.11,-1202700.0,2016569.0,150,资金流入,优先观察
厨房小家电,1.1,751382.0,0.44,453447.0,297935.0,151,资金流入,优先观察
其他纺织,0.86,541221.0,0.26,-67295.0,608516.0,152,资金流入,优先观察
其他养殖,0.14,432324.0,2.18,0.0,432324.0,153,资金流入,优先观察
摩托车,-0.26,375282.0,0.11,6935181.0,-6559899.0,154,资金流入,资金流入但价格弱，谨慎
其他电源设备Ⅲ,0.91,343776.0,0.01,26575840.0,-26232064.0,155,资金流入,优先观察
水泥制品,1.35,125406.0,0.11,1212951.0,-1087545.0,156,资金流入,优先观察
涂料,0.19,116532.0,0.11,735760.0,-619228.0,157,资金流入,优先观察
光伏电池组件,1.52,46408.0,0.0,-7751432.0,7797840.0,158,资金流入,优先观察
其他饰品,-5.01,-138676.0,-1.78,0.0,-138676.0,159,资金流出,资金未去，避免隔夜
家纺,0.68,-422822.0,-0.33,-627290.0,204468.0,160,资金流出,涨但资金未跟，谨慎
个护用品,0.39,-478425.0,-0.22,-4359256.0,3880831.0,161,资金流出,涨但资金未跟，谨慎
照明设备Ⅲ,0.26,-483075.0,-0.23,3182793.0,-3665868.0,162,资金流出,涨但资金未跟，谨慎
照明设备Ⅱ,0.26,-483075.0,-0.23,3182793.0,-3665868.0,163,资金流出,涨但资金未跟，谨慎
畜禽饲料,0.95,-498885.0,-0.25,-5433476.0,4934591.0,164,资金流出,涨但资金未跟，谨慎
海洋捕捞,0.71,-511632.0,-3.1,0.0,-511632.0,165,资金流出,涨但资金未跟，谨慎
其他塑料制品,0.49,-520500.0,-0.07,-3477732.0,2957232.0,166,资金流出,涨但资金未跟，谨慎
其他专业服务,-0.1,-566256.0,-1.82,0.0,-566256.0,167,资金流出,资金未去，避免隔夜
线下药店,1.18,-573729.0,-0.22,-5493989.0,4920260.0,168,资金流出,涨但资金未跟，谨慎
卫浴电器,0.6,-574219.0,-1.65,0.0,-574219.0,169,资金流出,涨但资金未跟，谨慎
公路货运,0.43,-698638.0,-1.02,212768.0,-911406.0,170,资金流出,涨但资金未跟，谨慎
印刷,0.31,-714318.0,-2.05,-1512026.0,797708.0,171,资金流出,涨但资金未跟，谨慎
农业综合Ⅱ,0.46,-749010.0,-2.12,-2679164.0,1930154.0,172,资金流出,涨但资金未跟，谨慎
农业综合Ⅲ,0.46,-749010.0,-2.12,-2679164.0,1930154.0,173,资金流出,涨但资金未跟，谨慎
制冷空调设备,0.11,-1018768.0,-0.06,-29451056.0,28432288.0,174,资金流出,涨但资金未跟，谨慎
纺织鞋类制造,0.93,-1048741.0,-5.26,-1181781.0,133040.0,175,资金流出,涨但资金未跟，谨慎
物业管理,0.5,-1052550.0,-0.85,321787.0,-1374337.0,176,资金流出,涨但资金未跟，谨慎
房地产综合服务,0.58,-1372699.0,-13.5,0.0,-1372699.0,177,资金流出,涨但资金未跟，谨慎
旅游及景区,0.8,-1385800.0,-0.24,2449059.0,-3834859.0,178,资金流出,涨但资金未跟，谨慎
公交,0.5,-1426685.0,-1.48,1442312.0,-2868997.0,179,资金流出,涨但资金未跟，谨慎
个护小家电,0.12,-1439975.0,-2.93,0.0,-1439975.0,180,资金流出,涨但资金未跟，谨慎
涤纶,0.03,-1563962.0,-1.05,1569.0,-1565531.0,181,资金流出,涨但资金未跟，谨慎
锦纶,0.43,-1565096.0,-2.58,-693304.0,-871792.0,182,资金流出,涨但资金未跟，谨慎
其他酒类,0.78,-1789027.0,-0.55,3989205.0,-5778232.0,183,资金流出,涨但资金未跟，谨慎
光伏设备,1.06,-1845552.0,-0.03,21346944.0,-23192496.0,184,资金流出,涨但资金未跟，谨慎
燃料电池,-0.06,-1858824.0,-22.0,0.0,-1858824.0,185,资金流出,资金未去，避免隔夜
电信运营商,0.84,-1869852.0,-0.22,-14323458.0,12453606.0,186,资金流出,涨但资金未跟，谨慎
肉制品,1.03,-1957907.0,-0.5,4843872.0,-6801779.0,187,资金流出,涨但资金未跟，谨慎
动物保健Ⅱ,0.3,-1968763.0,-1.2,-3619347.0,1650584.0,188,资金流出,涨但资金未跟，谨慎
动物保健Ⅲ,0.3,-1968763.0,-1.2,-3619347.0,1650584.0,189,资金流出,涨但资金未跟，谨慎
卫浴制品,0.73,-2073764.0,-3.35,0.0,-2073764.0,190,资金流出,涨但资金未跟，谨慎
印刷包装机械,1.68,-2169224.0,-0.7,-7545549.0,5376325.0,191,资金流出,涨但资金未跟，谨慎
其他医疗服务,0.7,-2485852.0,-2.21,133927.0,-2619779.0,192,资金流出,涨但资金未跟，谨慎
机场,0.42,-2514187.0,-1.2,-4811054.0,2296867.0,193,资金流出,涨但资金未跟，谨慎
运动服装,1.04,-2636330.0,-1.59,3899157.0,-6535487.0,194,资金流出,涨但资金未跟，谨慎
防水材料,0.67,-2805871.0,-1.98,-3396549.0,590678.0,195,资金流出,涨但资金未跟，谨慎
纺织服装设备,0.64,-2954496.0,-0.42,-2944946.0,-9550.0,196,资金流出,涨但资金未跟，谨慎
纺织服饰,0.17,-3107263.0,-0.1,21777393.0,-24884656.0,197,资金流出,涨但资金未跟，谨慎
体育Ⅱ,0.6,-3148259.0,-3.21,-1884521.0,-1263738.0,198,资金流出,涨但资金未跟，谨慎
体育Ⅲ,0.6,-3148259.0,-3.21,-1884521.0,-1263738.0,199,资金流出,涨但资金未跟，谨慎
定制家居,0.3,-3171390.0,-1.35,-545382.0,-2626008.0,200,资金流出,涨但资金未跟，谨慎
洗护用品,0.06,-3321108.0,-6.37,-4359256.0,1038148.0,201,资金流出,涨但资金未跟，谨慎
其他建材Ⅲ,0.87,-3324485.0,-0.77,3596537.0,-6921022.0,202,资金流出,涨但资金未跟，谨慎
餐饮,0.09,-3342024.0,-3.48,-2002940.0,-1339084.0,203,资金流出,涨但资金未跟，谨慎
核力发电,2.13,-3690931.0,-0.29,-23827235.0,20136304.0,204,资金流出,涨但资金未跟，谨慎
耐火材料,0.16,-3713580.0,-6.05,-503255.0,-3210325.0,205,资金流出,涨但资金未跟，谨慎
厨房电器,-0.16,-3940671.0,-1.8,-726480.0,-3214191.0,206,资金流出,资金未去，避免隔夜
汽车经销商,0.44,-4004546.0,-10.55,-4529656.0,525110.0,207,资金流出,涨但资金未跟，谨慎
水产饲料,0.61,-4123827.0,-4.46,-3151062.0,-972765.0,208,资金流出,涨但资金未跟，谨慎
光伏发电,1.61,-4160639.0,-0.49,7029225.0,-11189864.0,209,资金流出,涨但资金未跟，谨慎
品牌化妆品,0.56,-4251435.0,-0.83,7736586.0,-11988021.0,210,资金流出,涨但资金未跟，谨慎
食用菌,0.87,-4390735.0,-6.57,-3797609.0,-593126.0,211,资金流出,涨但资金未跟，谨慎
厨卫电器,0.1,-4514890.0,-1.78,-726480.0,-3788410.0,212,资金流出,涨但资金未跟，谨慎
学历教育,-0.76,-4606057.0,-3.83,-4403649.0,-202408.0,213,资金流出,资金未去，避免隔夜
医药流通,0.53,-4660281.0,-0.77,-1585909.0,-3074372.0,214,资金流出,涨但资金未跟，谨慎
人力资源服务,1.92,-4847985.0,-6.42,2148165.0,-6996150.0,215,资金流出,涨但资金未跟，谨慎
旅游综合,0.63,-4855292.0,-3.32,1204753.0,-6060045.0,216,资金流出,涨但资金未跟，谨慎
专业服务,-0.17,-4981100.0,-0.41,-17556932.0,12575832.0,217,资金流出,资金未去，避免隔夜
教育运营及其他,0.15,-5090512.0,-7.94,0.0,-5090512.0,218,资金流出,涨但资金未跟，谨慎
钛白粉,0.52,-5119503.0,-3.53,-530501.0,-4589002.0,219,资金流出,涨但资金未跟，谨慎
长材,0.55,-5206576.0,-12.22,0.0,-5206576.0,220,资金流出,涨但资金未跟，谨慎
医药商业,0.7,-5234010.0,-0.61,-7079898.0,1845888.0,221,资金流出,涨但资金未跟，谨慎
钴,-1.99,-5241773.0,-3.05,-208898.0,-5032875.0,222,资金流出,资金未去，避免隔夜
会展服务,-3.15,-5261860.0,-1.71,-4899973.0,-361887.0,223,资金流出,资金未去，避免隔夜
改性塑料,0.58,-5719980.0,-0.55,-814914.0,-4905066.0,224,资金流出,涨但资金未跟，谨慎
教育出版,0.75,-5813023.0,-2.17,-1835680.0,-3977343.0,225,资金流出,涨但资金未跟，谨慎
钢结构,1.27,-5847920.0,-2.9,-4948298.0,-899622.0,226,资金流出,涨但资金未跟，谨慎
端到端供应链服务,0.38,-5894900.0,-4.19,-2696452.0,-3198448.0,227,资金流出,涨但资金未跟，谨慎
综合包装,-0.01,-6122285.0,-8.06,-508903.0,-5613382.0,228,资金流出,资金未去，避免隔夜
多业态零售,1.0,-6480753.0,-2.27,-3400958.0,-3079795.0,229,资金流出,涨但资金未跟，谨慎
房产租赁经纪,0.26,-6507971.0,-14.04,481234.0,-6989205.0,230,资金流出,涨但资金未跟，谨慎
粮食种植,1.24,-6786061.0,-8.59,-3608813.0,-3177248.0,231,资金流出,涨但资金未跟，谨慎
资产管理,0.6,-6881001.0,-8.6,-1368006.0,-5512995.0,232,资金流出,涨但资金未跟，谨慎
生猪养殖,0.39,-6919283.0,-0.74,-8971617.0,2052334.0,233,资金流出,涨但资金未跟，谨慎
水产养殖,1.25,-7114952.0,-7.7,-5922094.0,-1192858.0,234,资金流出,涨但资金未跟，谨慎
黑色家电,0.07,-7461585.0,-1.35,-10735149.0,3273564.0,235,资金流出,涨但资金未跟，谨慎
复合肥,0.54,-7531437.0,-2.82,-10540768.0,3009331.0,236,资金流出,涨但资金未跟，谨慎
渔业,1.02,-7626584.0,-7.0,-5922094.0,-1704490.0,237,资金流出,涨但资金未跟，谨慎
电商服务,-0.51,-7720360.0,-1.83,-10024156.0,2303796.0,238,资金流出,资金未去，避免隔夜
啤酒,1.47,-7892130.0,-2.23,-3888720.0,-4003410.0,239,资金流出,涨但资金未跟，谨慎
休闲食品,0.54,-7983187.0,-0.94,-10934636.0,2951449.0,240,资金流出,涨但资金未跟，谨慎
瓷砖地板,0.24,-8051425.0,-3.46,-2902020.0,-5149405.0,241,资金流出,涨但资金未跟，谨慎
胶黏剂及胶带,0.78,-8479782.0,-4.43,134146.0,-8613928.0,242,资金流出,涨但资金未跟，谨慎
宠物食品,-1.8,-8795676.0,-3.1,-13428915.0,4633239.0,243,资金流出,资金未去，避免隔夜
房地产服务,0.46,-8933220.0,-4.96,803021.0,-9736241.0,244,资金流出,涨但资金未跟，谨慎
商业地产,0.71,-9024657.0,-1.96,-14382628.0,5357971.0,245,资金流出,涨但资金未跟，谨慎
煤炭开采,0.53,-9176537.0,-0.43,-2277161.0,-6899376.0,246,资金流出,涨但资金未跟，谨慎
炭黑,0.73,-9182277.0,-11.96,-1022200.0,-8160077.0,247,资金流出,涨但资金未跟，谨慎
粘胶,0.75,-9395061.0,-8.65,-2944190.0,-6450871.0,248,资金流出,涨但资金未跟，谨慎
非白酒,1.05,-9681156.0,-1.42,100485.0,-9781641.0,249,资金流出,涨但资金未跟，谨慎
冶钢原料,0.16,-9903304.0,-3.29,7980242.0,-17883546.0,250,资金流出,涨但资金未跟，谨慎
肉鸡养殖,0.94,-9926768.0,-4.41,-1046837.0,-8879931.0,251,资金流出,涨但资金未跟，谨慎
原材料供应链服务,0.31,-9970048.0,-3.43,-8979198.0,-990850.0,252,资金流出,涨但资金未跟，谨慎
通信终端及配件,0.96,-10002112.0,-0.3,12145856.0,-22147968.0,253,资金流出,涨但资金未跟，谨慎
保健品,0.33,-10035778.0,-8.74,-1103238.0,-8932540.0,254,资金流出,涨但资金未跟，谨慎
军工电子Ⅱ,0.77,-10392784.0,-0.18,-170097584.0,159704800.0,255,资金流出,涨但资金未跟，谨慎
文娱用品,0.84,-10691111.0,-2.17,8648340.0,-19339451.0,256,资金流出,涨但资金未跟，谨慎
院线,0.01,-10835950.0,-5.66,-3921429.0,-6914521.0,257,资金流出,涨但资金未跟，谨慎
玻璃制造,0.19,-10920032.0,-6.88,-3014981.0,-7905051.0,258,资金流出,涨但资金未跟，谨慎
租赁,0.38,-10985940.0,-6.66,-2852515.0,-8133425.0,259,资金流出,涨但资金未跟，谨慎
军工电子Ⅲ,0.78,-11142480.0,-0.19,-170097584.0,158955104.0,260,资金流出,涨但资金未跟，谨慎
油气开采Ⅲ,-0.1,-11624071.0,-1.73,9041304.0,-20665375.0,261,资金流出,资金未去，避免隔夜
油气开采Ⅱ,-0.1,-11624071.0,-1.72,9041304.0,-20665375.0,262,资金流出,资金未去，避免隔夜
水泥,0.62,-12049502.0,-1.73,897986.0,-12947488.0,263,资金流出,涨但资金未跟，谨慎
水泥制造,0.15,-12174908.0,-2.07,-314965.0,-11859943.0,264,资金流出,涨但资金未跟，谨慎
娱乐用品,0.9,-12217556.0,-3.0,10350530.0,-22568086.0,265,资金流出,涨但资金未跟，谨慎
专业工程,1.17,-12305183.0,-0.44,-7529295.0,-4775888.0,266,资金流出,涨但资金未跟，谨慎
林业Ⅱ,1.35,-12364271.0,-6.23,-8771742.0,-3592529.0,267,资金流出,涨但资金未跟，谨慎
林业Ⅲ,1.35,-12364271.0,-6.23,-8771742.0,-3592529.0,268,资金流出,涨但资金未跟，谨慎
楼宇设备,0.65,-12431975.0,-4.49,2421921.0,-14853896.0,269,资金流出,涨但资金未跟，谨慎
电力,1.4,-12674288.0,-0.11,117482048.0,-130156336.0,270,资金流出,涨但资金未跟，谨慎
零食,0.45,-12755937.0,-1.96,-8583817.0,-4172120.0,271,资金流出,涨但资金未跟，谨慎
金融信息服务,-0.56,-12862329.0,-4.01,-2904146.0,-9958183.0,272,资金流出,资金未去，避免隔夜
饲料,0.22,-13418387.0,-2.32,-22013453.0,8595066.0,273,资金流出,涨但资金未跟，谨慎
快递,0.84,-13443828.0,-3.44,-12622367.0,-821461.0,274,资金流出,涨但资金未跟，谨慎
造纸,0.74,-13905586.0,-1.84,740375.0,-14645961.0,275,资金流出,涨但资金未跟，谨慎
其他自动化设备,1.02,-14059439.0,-0.73,-14487567.0,428128.0,276,资金流出,涨但资金未跟，谨慎
仪器仪表,0.41,-14547856.0,-0.39,-10936752.0,-3611104.0,277,资金流出,涨但资金未跟，谨慎
贸易Ⅲ,0.68,-15172461.0,-5.44,-3103178.0,-12069283.0,278,资金流出,涨但资金未跟，谨慎
贸易Ⅱ,0.68,-15172461.0,-5.44,-3103178.0,-12069283.0,279,资金流出,涨但资金未跟，谨慎
专业连锁Ⅲ,0.09,-15355354.0,-6.85,-10897852.0,-4457502.0,280,资金流出,涨但资金未跟，谨慎
专业连锁Ⅱ,0.09,-15355354.0,-6.85,-10897852.0,-4457502.0,281,资金流出,涨但资金未跟，谨慎
物流,0.59,-15434449.0,-1.28,-13139040.0,-2295409.0,282,资金流出,涨但资金未跟，谨慎
特种纸,1.04,-15442898.0,-3.58,-9038879.0,-6404019.0,283,资金流出,涨但资金未跟，谨慎
摩托车及其他,1.5,-15742537.0,-2.69,3267666.0,-19010203.0,284,资金流出,涨但资金未跟，谨慎
百货,0.73,-15769371.0,-1.84,-129348.0,-15640023.0,285,资金流出,涨但资金未跟，谨慎
分立器件,-1.25,-15790416.0,-0.3,102889312.0,-118679728.0,286,资金流出,资金未去，避免隔夜
其他数字媒体,3.34,-15835787.0,-3.62,-12518951.0,-3316836.0,287,资金流出,涨但资金未跟，谨慎
汽车综合服务,-0.58,-15853134.0,-12.64,-5194262.0,-10658872.0,288,资金流出,资金未去，避免隔夜
其他家居用品,1.16,-16105382.0,-3.91,11740227.0,-27845609.0,289,资金流出,涨但资金未跟，谨慎
其他运输设备,3.09,-16117818.0,-6.24,-3667515.0,-12450303.0,290,资金流出,涨但资金未跟，谨慎
养殖业,0.56,-16413725.0,-1.39,-10018454.0,-6395271.0,291,资金流出,涨但资金未跟，谨慎
铁矿石,0.14,-16530328.0,-9.41,-2765718.0,-13764610.0,292,资金流出,涨但资金未跟，谨慎
化妆品制造及其他,0.62,-16575583.0,-7.64,3518925.0,-20094508.0,293,资金流出,涨但资金未跟，谨慎
彩电,0.62,-17493849.0,-5.73,-9668209.0,-7825640.0,294,资金流出,涨但资金未跟，谨慎
有机硅,-0.1,-18085429.0,-4.4,-3133058.0,-14952371.0,295,资金流出,资金未去，避免隔夜
纺织制造,0.56,-18763603.0,-1.74,6753077.0,-25516680.0,296,资金流出,涨但资金未跟，谨慎
清洁小家电,0.71,-19769729.0,-5.01,-24456768.0,4687039.0,297,资金流出,涨但资金未跟，谨慎
汽车服务,0.1,-19857681.0,-12.16,-9723919.0,-10133762.0,298,资金流出,涨但资金未跟，谨慎
小家电,0.79,-20458322.0,-3.33,-24003321.0,3544999.0,299,资金流出,涨但资金未跟，谨慎
化妆品,0.59,-20827020.0,-2.86,11255510.0,-32082530.0,300,资金流出,涨但资金未跟，谨慎
钟表珠宝,-0.59,-20872088.0,-4.66,-11893278.0,-8978810.0,301,资金流出,资金未去，避免隔夜
饰品,-1.07,-21015619.0,-4.6,-11893278.0,-9122341.0,302,资金流出,资金未去，避免隔夜
饮料乳品,0.02,-21018460.0,-0.77,-15523708.0,-5494752.0,303,资金流出,涨但资金未跟，谨慎
综合环境治理,1.32,-21153752.0,-4.9,-4460525.0,-16693227.0,304,资金流出,涨但资金未跟，谨慎
原料药,0.5,-21244955.0,-1.2,-8493819.0,-12751136.0,305,资金流出,涨但资金未跟，谨慎
预加工食品,-0.3,-22509742.0,-5.59,-3117835.0,-19391907.0,306,资金流出,资金未去，避免隔夜
广告媒体,-0.35,-22950746.0,-5.61,25778734.0,-48729480.0,307,资金流出,资金未去，避免隔夜
非金属材料Ⅱ,-0.43,-23044900.0,-3.11,3656497.0,-26701397.0,308,资金流出,资金未去，避免隔夜
非金属材料Ⅲ,-0.46,-23044900.0,-3.11,3656497.0,-26701397.0,309,资金流出,资金未去，避免隔夜
其他化学纤维,0.48,-23258816.0,-8.79,-286255.0,-22972561.0,310,资金流出,涨但资金未跟，谨慎
无机盐,-0.06,-23772107.0,-2.93,-17531063.0,-6241044.0,311,资金流出,资金未去，避免隔夜
水务及水治理,0.99,-23828479.0,-2.18,-14937381.0,-8891098.0,312,资金流出,涨但资金未跟，谨慎
火力发电,1.23,-25308832.0,-0.58,46302016.0,-71610848.0,313,资金流出,涨但资金未跟，谨慎
汽车电子电气系统,0.84,-25470489.0,-1.31,20495623.0,-45966112.0,314,资金流出,涨但资金未跟，谨慎
氨纶,-0.55,-25541034.0,-8.2,-9766565.0,-15774469.0,315,资金流出,资金未去，避免隔夜
氮肥,-0.08,-26131977.0,-6.85,537179.0,-26669156.0,316,资金流出,资金未去，避免隔夜
纸包装,0.01,-26723129.0,-5.15,-15790420.0,-10932709.0,317,资金流出,涨但资金未跟，谨慎
钼,-0.56,-27069739.0,-8.83,-14070314.0,-12999425.0,318,资金流出,资金未去，避免隔夜
医疗设备,0.04,-27183087.0,-1.66,-24036799.0,-3146288.0,319,资金流出,涨但资金未跟，谨慎
铁路公路,0.72,-27373945.0,-2.2,-1245945.0,-26128000.0,320,资金流出,涨但资金未跟，谨慎
图片媒体,-0.72,-27443464.0,-9.77,-11661720.0,-15781744.0,321,资金流出,资金未去，避免隔夜
乳品,-0.25,-27692295.0,-1.71,-20611607.0,-7080688.0,322,资金流出,资金未去，避免隔夜
机床工具,0.68,-27897911.0,-4.04,-4829230.0,-23068681.0,323,资金流出,涨但资金未跟，谨慎
家居用品,0.82,-28253595.0,-2.17,6027564.0,-34281159.0,324,资金流出,涨但资金未跟，谨慎
金融控股,0.33,-28579553.0,-7.77,-1824326.0,-26755227.0,325,资金流出,涨但资金未跟，谨慎
橡胶助剂,-2.15,-28614239.0,-8.76,-8447239.0,-20167000.0,326,资金流出,资金未去，避免隔夜
激光设备,-0.44,-29173910.0,-1.15,-12289286.0,-16884624.0,327,资金流出,资金未去，避免隔夜
疫苗,1.11,-29183072.0,-5.96,-7655673.0,-21527399.0,328,资金流出,涨但资金未跟，谨慎
棉纺,-0.16,-30503907.0,-9.02,-11459989.0,-19043918.0,329,资金流出,资金未去，避免隔夜
动力煤,0.32,-30654192.0,-1.82,-25669136.0,-4985056.0,330,资金流出,涨但资金未跟，谨慎
电视广播Ⅲ,0.91,-30935165.0,-6.59,7601905.0,-38537070.0,331,资金流出,涨但资金未跟，谨慎
电视广播Ⅱ,0.91,-30935165.0,-6.59,7601905.0,-38537070.0,332,资金流出,涨但资金未跟，谨慎
磨具磨料,0.17,-31076646.0,-2.76,4428077.0,-35504723.0,333,资金流出,涨但资金未跟，谨慎
商用车,-0.38,-31643488.0,-1.74,-14817984.0,-16825504.0,334,资金流出,资金未去，避免隔夜
通信应用增值服务,1.13,-32807372.0,-1.11,5174356.0,-37981728.0,335,资金流出,涨但资金未跟，谨慎
板材,0.71,-33077134.0,-2.52,-15050126.0,-18027008.0,336,资金流出,涨但资金未跟，谨慎
农商行Ⅲ,0.68,-33134960.0,-5.24,9228193.0,-42363153.0,337,资金流出,涨但资金未跟，谨慎
橡胶,0.43,-33543551.0,-5.24,-6747480.0,-26796071.0,338,资金流出,涨但资金未跟，谨慎
食品加工,0.25,-34503427.0,-3.81,622799.0,-35126226.0,339,资金流出,涨但资金未跟，谨慎
商用载货车,-0.49,-35123872.0,-2.26,-20548112.0,-14575760.0,340,资金流出,资金未去，避免隔夜
航空运输,0.44,-35792048.0,-6.02,-28445818.0,-7346230.0,341,资金流出,涨但资金未跟，谨慎
蓄电池及其他电池,-0.16,-35927012.0,-4.36,-7417535.0,-28509477.0,342,资金流出,资金未去，避免隔夜
酒店,-1.08,-36584603.0,-9.38,-22317462.0,-14267141.0,343,资金流出,资金未去，避免隔夜
普钢,0.79,-36656409.0,-2.48,-9358873.0,-27297536.0,344,资金流出,涨但资金未跟，谨慎
航空机场,0.43,-38306234.0,-4.77,-33256871.0,-5049363.0,345,资金流出,涨但资金未跟，谨慎
酒店餐饮,-0.61,-39926627.0,-8.21,-24320402.0,-15606225.0,346,资金流出,资金未去，避免隔夜
磷肥及磷化工,-0.2,-40068733.0,-5.16,-4555827.0,-35512906.0,347,资金流出,资金未去，避免隔夜
热力服务,1.08,-40854981.0,-3.09,-19628165.0,-21226816.0,348,资金流出,涨但资金未跟，谨慎
其他化学原料,0.26,-41087110.0,-6.6,-18835592.0,-22251518.0,349,资金流出,涨但资金未跟，谨慎
社会服务,0.28,-41718907.0,-1.2,-30887003.0,-10831904.0,350,资金流出,涨但资金未跟，谨慎
医疗美容,-1.14,-43072965.0,-12.81,801548.0,-43874513.0,351,资金流出,资金未去，避免隔夜
诊断服务,-0.93,-43686376.0,-12.37,-23204758.0,-20481618.0,352,资金流出,资金未去，避免隔夜
煤化工,-0.18,-43973711.0,-4.19,-8043220.0,-35930491.0,353,资金流出,资金未去，避免隔夜
高速公路,0.7,-44147939.0,-8.55,-19605294.0,-24542645.0,354,资金流出,涨但资金未跟，谨慎
金属包装,-1.66,-44262451.0,-6.47,-2491702.0,-41770749.0,355,资金流出,资金未去，避免隔夜
超市,0.54,-44331952.0,-7.99,-13577849.0,-30754103.0,356,资金流出,涨但资金未跟，谨慎
其他汽车零部件,0.84,-44456204.0,-2.06,-41287660.0,-3168544.0,357,资金流出,涨但资金未跟，谨慎
工程机械,0.58,-44792873.0,-2.55,-64108137.0,19315264.0,358,资金流出,涨但资金未跟，谨慎
钢铁,0.88,-44868213.0,-2.1,-649349.0,-44218864.0,359,资金流出,涨但资金未跟，谨慎
医美耗材,-2.06,-45292675.0,-13.74,801548.0,-46094223.0,360,资金流出,资金未去，避免隔夜
炼化及贸易,0.9,-46086054.0,-2.19,34599402.0,-80685456.0,361,资金流出,涨但资金未跟，谨慎
油田服务,-1.21,-46597762.0,-4.72,-26692871.0,-19904891.0,362,资金流出,资金未去，避免隔夜
纺织化学制品,0.11,-47273131.0,-3.64,-7294107.0,-39979024.0,363,资金流出,涨但资金未跟，谨慎
镍,-1.28,-47454034.0,-8.48,-39658755.0,-7795279.0,364,资金流出,资金未去，避免隔夜
综合乘用车,-0.38,-47703798.0,-7.64,-49644975.0,1941177.0,365,资金流出,资金未去，避免隔夜
工程机械整机,0.38,-47801188.0,-3.62,-27901044.0,-19900144.0,366,资金流出,涨但资金未跟，谨慎
锂电专用设备,0.15,-48324126.0,-5.69,-27536673.0,-20787453.0,367,资金流出,涨但资金未跟，谨慎
食品及饲料添加剂,0.24,-49665999.0,-6.57,-33857979.0,-15808020.0,368,资金流出,涨但资金未跟，谨慎
钨,-0.66,-49736952.0,-3.38,-11498104.0,-38238848.0,369,资金流出,资金未去，避免隔夜
农药,-0.19,-49956698.0,-4.93,-28625022.0,-21331676.0,370,资金流出,资金未去，避免隔夜
多元金融,0.57,-50034856.0,-4.3,4273431.0,-54308287.0,371,资金流出,涨但资金未跟，谨慎
逆变器,1.35,-51580046.0,-3.27,-28749902.0,-22830144.0,372,资金流出,涨但资金未跟，谨慎
炼油化工,0.02,-53355623.0,-3.55,16774201.0,-70129824.0,373,资金流出,涨但资金未跟，谨慎
国际工程,-0.4,-53536949.0,-13.24,-21565926.0,-31971023.0,374,资金流出,资金未去，避免隔夜
其他专用设备,0.39,-53604352.0,-0.78,31964704.0,-85569056.0,375,资金流出,涨但资金未跟，谨慎
钾肥,-1.82,-53822877.0,-5.11,-28561569.0,-25261308.0,376,资金流出,资金未去，避免隔夜
产业地产,-0.32,-54159110.0,-6.6,-58920763.0,4761653.0,377,资金流出,资金未去，避免隔夜
其他生物制品,-0.12,-55758086.0,-3.55,1358378.0,-57116464.0,378,资金流出,资金未去，避免隔夜
聚氨酯,0.31,-56059910.0,-5.7,-20964117.0,-35095793.0,379,资金流出,涨但资金未跟，谨慎
包装印刷,-0.02,-57220546.0,-3.4,-11277298.0,-45943248.0,380,资金流出,资金未去，避免隔夜
油气及炼化工程,-1.97,-58447066.0,-5.9,-26911939.0,-31535127.0,381,资金流出,资金未去，避免隔夜
专用设备,0.82,-58449856.0,-0.5,22625360.0,-81075216.0,382,资金流出,涨但资金未跟，谨慎
化学纤维,0.33,-60811545.0,-6.78,-13688745.0,-47122800.0,383,资金流出,涨但资金未跟，谨慎
稀土,0.7,-61040531.0,-6.48,-35252831.0,-25787700.0,384,资金流出,涨但资金未跟，谨慎
航运港口,0.67,-62778685.0,-2.42,-49951405.0,-12827280.0,385,资金流出,涨但资金未跟，谨慎
美容护理,0.29,-64378411.0,-5.0,7697802.0,-72076213.0,386,资金流出,涨但资金未跟，谨慎
体外诊断,0.43,-64872954.0,-4.25,-71194874.0,6321920.0,387,资金流出,涨但资金未跟，谨慎
家电零部件Ⅲ,0.28,-65440316.0,-2.78,-18615676.0,-46824640.0,388,资金流出,涨但资金未跟，谨慎
家电零部件Ⅱ,0.28,-65440316.0,-2.78,-18615676.0,-46824640.0,389,资金流出,涨但资金未跟，谨慎
医院,-0.15,-69276381.0,-7.13,-29408196.0,-39868185.0,390,资金流出,资金未去，避免隔夜
白色家电,-0.14,-69344159.0,-4.5,-44219391.0,-25124768.0,391,资金流出,资金未去，避免隔夜
航运,0.4,-73216367.0,-4.1,-65177711.0,-8038656.0,392,资金流出,涨但资金未跟，谨慎
空调,-0.39,-75887083.0,-6.22,-40544795.0,-35342288.0,393,资金流出,资金未去，避免隔夜
航海装备Ⅲ,0.37,-77310980.0,-5.62,-34636164.0,-42674816.0,394,资金流出,涨但资金未跟，谨慎
航海装备Ⅱ,0.38,-77539108.0,-5.63,-34636164.0,-42902944.0,395,资金流出,涨但资金未跟，谨慎
通信工程及服务,1.44,-78783160.0,-6.61,-45402561.0,-33380599.0,396,资金流出,涨但资金未跟，谨慎
生物制品,0.27,-78850363.0,-3.59,-2913067.0,-75937296.0,397,资金流出,涨但资金未跟，谨慎
商业物业经营,1.39,-80264770.0,-7.72,-42758172.0,-37506598.0,398,资金流出,涨但资金未跟，谨慎
膜材料,-0.06,-81187527.0,-3.24,-18576999.0,-62610528.0,399,资金流出,资金未去，避免隔夜
地面兵装Ⅱ,-0.5,-81516557.0,-6.79,-45564572.0,-35951985.0,400,资金流出,资金未去，避免隔夜
地面兵装Ⅲ,-0.51,-81530727.0,-6.8,-45564572.0,-35966155.0,401,资金流出,资金未去，避免隔夜
医疗器械,0.25,-82072688.0,-1.69,-70563168.0,-11509520.0,402,资金流出,涨但资金未跟，谨慎
中药Ⅲ,0.68,-82591668.0,-2.43,-32225188.0,-50366480.0,403,资金流出,涨但资金未跟，谨慎
中药Ⅱ,0.68,-82591668.0,-2.43,-32225188.0,-50366480.0,404,资金流出,涨但资金未跟，谨慎
塑料,0.44,-84572560.0,-1.5,-10332000.0,-74240560.0,405,资金流出,涨但资金未跟，谨慎
股份制银行Ⅲ,0.48,-85249872.0,-2.83,-31065552.0,-54184320.0,406,资金流出,涨但资金未跟，谨慎
影视动漫制作,1.07,-96799261.0,-6.58,-8553357.0,-88245904.0,407,资金流出,涨但资金未跟，谨慎
氯碱,0.36,-99413915.0,-11.14,-59916799.0,-39497116.0,408,资金流出,涨但资金未跟，谨慎
铅锌,0.16,-100845722.0,-10.19,-38293494.0,-62552228.0,409,资金流出,涨但资金未跟，谨慎
油服工程,-1.54,-105044826.0,-5.31,-53604810.0,-51440016.0,410,资金流出,资金未去，避免隔夜
城商行Ⅲ,0.57,-105999216.0,-4.65,-12434400.0,-93564816.0,411,资金流出,涨但资金未跟，谨慎
影视院线,0.84,-107635218.0,-6.48,-12474786.0,-95160432.0,412,资金流出,涨但资金未跟，谨慎
国有大型银行Ⅲ,-0.81,-108050000.0,-3.37,-119730384.0,11680384.0,413,资金流出,资金未去，避免隔夜
轻工制造,0.57,-110070827.0,-2.6,4138981.0,-114209808.0,414,资金流出,涨但资金未跟，谨慎
文字媒体,-1.59,-112615427.0,-8.45,-78484915.0,-34130512.0,415,资金流出,资金未去，避免隔夜
电动乘用车,-1.24,-113047632.0,-5.0,-117195024.0,4147392.0,416,资金流出,资金未去，避免隔夜
通信服务,1.26,-113460400.0,-2.28,-54551680.0,-58908720.0,417,资金流出,涨但资金未跟，谨慎
底盘与发动机系统,0.86,-114324320.0,-1.75,-94889280.0,-19435040.0,418,资金流出,涨但资金未跟，谨慎
白银,-0.91,-126958820.0,-10.07,-16334458.0,-110624362.0,419,资金流出,资金未去，避免隔夜
住宅开发,0.42,-132971965.0,-4.76,-69263661.0,-63708304.0,420,资金流出,涨但资金未跟，谨慎
商贸零售,0.77,-139337792.0,-2.79,-38594576.0,-100743216.0,421,资金流出,涨但资金未跟，谨慎
锂,-0.69,-140185341.0,-6.9,-82356685.0,-57828656.0,422,资金流出,资金未去，避免隔夜
建筑装饰,0.97,-141000592.0,-1.38,-301389936.0,160389344.0,423,资金流出,涨但资金未跟，谨慎
交通运输,0.63,-143893296.0,-2.46,-97593248.0,-46300048.0,424,资金流出,涨但资金未跟，谨慎
LED,0.53,-146207658.0,-8.08,-35753882.0,-110453776.0,425,资金流出,涨但资金未跟，谨慎
一般零售,0.98,-146846855.0,-5.36,-59866327.0,-86980528.0,426,资金流出,涨但资金未跟，谨慎
电力设备,1.31,-148427312.0,-0.34,24314320.0,-172741632.0,427,资金流出,涨但资金未跟，谨慎
汽车零部件,0.79,-150148912.0,-1.16,-89136848.0,-61012064.0,428,资金流出,涨但资金未跟，谨慎
乘用车,-0.67,-160751424.0,-5.57,-166840000.0,6088576.0,429,资金流出,资金未去，避免隔夜
石油石化,0.1,-162754976.0,-3.42,-9964112.0,-152790864.0,430,资金流出,涨但资金未跟，谨慎
家用电器,0.32,-166888464.0,-3.01,-96319936.0,-70568528.0,431,资金流出,涨但资金未跟，谨慎
农化制品,-0.17,-177511734.0,-5.09,-71746006.0,-105765728.0,432,资金流出,资金未去，避免隔夜
铝,-0.11,-186509168.0,-4.51,-117642304.0,-68866864.0,433,资金流出,资金未去，避免隔夜
航空装备Ⅲ,0.77,-187009238.0,-5.95,-108294646.0,-78714592.0,434,资金流出,涨但资金未跟，谨慎
航空装备Ⅱ,0.76,-187115014.0,-5.94,-108294646.0,-78820368.0,435,资金流出,涨但资金未跟，谨慎
能源金属,-0.98,-192881140.0,-7.0,-122224340.0,-70656800.0,436,资金流出,资金未去，避免隔夜
房地产开发,0.32,-196140396.0,-4.81,-142567052.0,-53573344.0,437,资金流出,涨但资金未跟，谨慎
房地产,0.34,-205073608.0,-4.82,-141764040.0,-63309568.0,438,资金流出,涨但资金未跟，谨慎
化学原料,0.23,-206361835.0,-5.4,-113532971.0,-92828864.0,439,资金流出,涨但资金未跟，谨慎
其他电子Ⅱ,-0.46,-216001696.0,-4.6,-28077920.0,-187923776.0,440,资金流出,资金未去，避免隔夜
其他电子Ⅲ,-0.46,-216428080.0,-4.62,-28077920.0,-188350160.0,441,资金流出,资金未去，避免隔夜
门户网站,-0.37,-237194320.0,-9.26,-133101248.0,-104093072.0,442,资金流出,资金未去，避免隔夜
软件开发,0.32,-241486848.0,-1.06,221784320.0,-463271168.0,443,资金流出,涨但资金未跟，谨慎
电池化学品,-0.56,-266999900.0,-5.93,-65464956.0,-201534944.0,444,资金流出,资金未去，避免隔夜
金属制品,2.15,-275226240.0,-2.7,-131715472.0,-143510768.0,445,资金流出,涨但资金未跟，谨慎
机械设备,0.97,-289062912.0,-0.61,-144833280.0,-144229632.0,446,资金流出,涨但资金未跟，谨慎
集成电路封测,-3.26,-297974544.0,-3.39,-121404224.0,-176570320.0,447,资金流出,资金未去，避免隔夜
面板,-0.13,-299836544.0,-5.94,-247252080.0,-52584464.0,448,资金流出,资金未去，避免隔夜
化学制剂,0.01,-301497216.0,-4.28,-167118688.0,-134378528.0,449,资金流出,涨但资金未跟，谨慎
氟化工,-0.88,-303454534.0,-10.84,-65873446.0,-237581088.0,450,资金流出,资金未去，避免隔夜
化学制药,0.15,-322742176.0,-3.67,-175612512.0,-147129664.0,451,资金流出,涨但资金未跟，谨慎
通用设备,1.11,-328536128.0,-1.63,-159030336.0,-169505792.0,452,资金流出,涨但资金未跟，谨慎
银行,0.38,-332434064.0,-3.64,-154002144.0,-178431920.0,453,资金流出,涨但资金未跟，谨慎
银行Ⅱ,0.38,-332434064.0,-3.64,-154002144.0,-178431920.0,454,资金流出,涨但资金未跟，谨慎
化学制品,0.65,-336575616.0,-3.15,4089712.0,-340665328.0,455,资金流出,涨但资金未跟，谨慎
国防军工,0.72,-338735456.0,-2.65,-375744352.0,37008896.0,456,资金流出,涨但资金未跟，谨慎
通信线缆及配套,-0.41,-352371200.0,-5.01,-107996768.0,-244374432.0,457,资金流出,资金未去，避免隔夜
工程咨询服务Ⅲ,0.34,-354095504.0,-10.84,-500409072.0,146313568.0,458,资金流出,涨但资金未跟，谨慎
工程咨询服务Ⅱ,0.34,-354095504.0,-10.85,-500409072.0,146313568.0,459,资金流出,涨但资金未跟，谨慎
黄金,-2.36,-356508176.0,-8.38,-175003856.0,-181504320.0,460,资金流出,资金未去，避免隔夜
汽车,0.72,-378144032.0,-2.05,-277251088.0,-100892944.0,461,资金流出,涨但资金未跟，谨慎
数字媒体,-0.07,-389356752.0,-8.29,-231863776.0,-157492976.0,462,资金流出,资金未去，避免隔夜
垂直应用软件,0.07,-431107904.0,-3.77,-93877600.0,-337230304.0,463,资金流出,涨但资金未跟，谨慎
光学光电子,-0.04,-438018992.0,-4.06,-358233280.0,-79785712.0,464,资金流出,资金未去，避免隔夜
铜,-0.31,-466952240.0,-8.17,-251038784.0,-215913456.0,465,资金流出,资金未去，避免隔夜
贵金属,-2.02,-483467008.0,-8.78,-191338320.0,-292128688.0,466,资金流出,资金未去，避免隔夜
电子化学品Ⅲ,-2.13,-512745456.0,-5.55,-115905712.0,-396839744.0,467,资金流出,资金未去，避免隔夜
电子化学品Ⅱ,-2.11,-513216880.0,-5.55,-116325024.0,-396891856.0,468,资金流出,资金未去，避免隔夜
锂电池,-0.54,-517882400.0,-8.21,-232863840.0,-285018560.0,469,资金流出,资金未去，避免隔夜
医药生物,0.28,-559542192.0,-2.07,-157636784.0,-401905408.0,470,资金流出,涨但资金未跟，谨慎
集成电路制造,-3.7,-685656432.0,-12.31,-287676528.0,-397979904.0,471,资金流出,资金未去，避免隔夜
元件,-1.15,-703875760.0,-2.64,-764183472.0,60307712.0,472,资金流出,资金未去，避免隔夜
通信网络设备及器件,0.78,-707868160.0,-2.87,-279065856.0,-428802304.0,473,资金流出,涨但资金未跟，谨慎
证券Ⅲ,-0.21,-718731664.0,-9.89,-359061008.0,-359670656.0,474,资金流出,资金未去，避免隔夜
证券Ⅱ,-0.21,-720327328.0,-9.91,-359365360.0,-360961968.0,475,资金流出,资金未去，避免隔夜
工业金属,-0.12,-754307152.0,-6.96,-406974592.0,-347332560.0,476,资金流出,资金未去，避免隔夜
非银金融,0.03,-757306560.0,-7.53,-328558192.0,-428748368.0,477,资金流出,涨但资金未跟，谨慎
印制电路板,-1.22,-832815328.0,-4.87,-808064960.0,-24750368.0,478,资金流出,资金未去，避免隔夜
电池,-0.39,-870992272.0,-6.97,-333283008.0,-537709264.0,479,资金流出,资金未去，避免隔夜
营销代理,0.73,-884214880.0,-7.12,-539845280.0,-344369600.0,480,资金流出,涨但资金未跟，谨慎
广告营销,0.62,-907165632.0,-7.07,-514066544.0,-393099088.0,481,资金流出,涨但资金未跟，谨慎
基础化工,0.37,-922421696.0,-3.56,-208300992.0,-714120704.0,482,资金流出,涨但资金未跟，谨慎
半导体材料,-3.32,-1049759648.0,-8.36,-615873712.0,-433885936.0,483,资金流出,资金未去，避免隔夜
通信设备,0.73,-1053256960.0,-2.97,-362393344.0,-690863616.0,484,资金流出,涨但资金未跟，谨慎
玻纤制造,-4.26,-1078911792.0,-11.79,-634561888.0,-444349904.0,485,资金流出,资金未去，避免隔夜
玻璃玻纤,-1.9,-1089831840.0,-11.71,-637576864.0,-452254976.0,486,资金流出,资金未去，避免隔夜
建筑材料,0.19,-1097922160.0,-9.99,-637248992.0,-460673168.0,487,资金流出,涨但资金未跟，谨慎
通信,0.89,-1166717440.0,-2.88,-416945152.0,-749772288.0,488,资金流出,涨但资金未跟，谨慎
传媒,0.74,-1180480448.0,-4.48,-540453568.0,-640026880.0,489,资金流出,涨但资金未跟，谨慎
有色金属,0.26,-1329273744.0,-4.46,-707280272.0,-621993472.0,490,资金流出,涨但资金未跟，谨慎
半导体设备,-4.38,-1344688064.0,-7.87,-724427712.0,-620260352.0,491,资金流出,资金未去，避免隔夜
消费电子,-0.07,-1555824848.0,-7.75,-1036658128.0,-519166720.0,492,资金流出,资金未去，避免隔夜
消费电子零部件及组装,-0.18,-1567333936.0,-8.24,-1034498096.0,-532835840.0,493,资金流出,资金未去，避免隔夜
数字芯片设计,-1.62,-3468898560.0,-6.76,-2567124736.0,-901773824.0,494,资金流出,资金未去，避免隔夜
半导体,-2.3,-6850149632.0,-6.59,-4204737792.0,-2645411840.0,495,资金流出,资金未去，避免隔夜
电子,-1.16,-10277088000.0,-5.86,-6508215808.0,-3768872192.0,496,资金流出,资金未去，避免隔夜
