股票代码,股票名称,所属板块,概念列表,热点标签
600000,浦发银行,未知,,未归类
600004,白云机场,未知,,未归类
600006,东风股份,未知,,未归类
600007,中国国贸,未知,,未归类
600008,首创环保,未知,,未归类
600009,上海机场,未知,,未归类
600010,包钢股份,未知,,未归类
600011,华能国际,未知,,未归类
600012,皖通高速,未知,,未归类
600015,华夏银行,未知,,未归类
600016,民生银行,未知,,未归类
600017,日照港,未知,,未归类
600018,上港集团,未知,,未归类
600019,宝钢股份,未知,,未归类
600020,中原高速,未知,,未归类
600021,上海电力,未知,,电力
600022,山东钢铁,未知,,未归类
600023,浙能电力,未知,,电力
600025,华能水电,未知,,电力
600026,中远海能,未知,,未归类
600027,华电国际,未知,,未归类
600028,中国石化,未知,,未归类
600029,南方航空,未知,,军工
600030,中信证券,未知,,未归类
600031,三一重工,未知,,未归类
600032,浙江新能,未知,,未归类
600033,福建高速,未知,,未归类
600035,楚天高速,未知,,未归类
600036,招商银行,未知,,未归类
600037,歌华有线,未知,,未归类
600038,中直股份,未知,,未归类
600039,四川路桥,未知,,未归类
600048,保利发展,未知,,未归类
600050,中国联通,未知,,未归类
600051,宁波联合,未知,,未归类
600052,东望时代,未知,,未归类
600054,黄山旅游,未知,,未归类
600055,万东医疗,未知,,医药
600056,中国医药,未知,,医药
600057,厦门象屿,未知,,未归类
600058,五矿发展,未知,,未归类
600059,古越龙山,未知,,未归类
600060,海信视像,未知,,未归类
600061,国投资本,未知,,未归类
600062,华润双鹤,未知,,未归类
600063,皖维高新,未知,,未归类
600064,南京高科,未知,,未归类
600066,宇通客车,未知,,未归类
600067,冠城新材,未知,,未归类
600071,凤凰光学,未知,,未归类
600072,中船科技,未知,,未归类
600073,光明肉业,未知,,未归类
600075,新疆天业,未知,,未归类
600076,康欣新材,未知,,未归类
600078,澄星股份,未知,,未归类
600081,东风科技,未知,,未归类
600085,同仁堂,未知,,未归类
600088,中视传媒,未知,,传媒
600089,特变电工,未知,,未归类
600094,大名城,未知,,未归类
600095,湘财股份,未知,,未归类
600096,云天化,未知,,未归类
600097,开创国际,未知,,未归类
600098,广州发展,未知,,未归类
600099,林海股份,未知,,未归类
600100,同方股份,未知,,未归类
600101,明星电力,未知,,电力
600103,青山纸业,未知,,未归类
600104,上汽集团,未知,,未归类
600105,永鼎股份,未知,,未归类
600106,重庆路桥,未知,,未归类
600108,亚盛集团,未知,,未归类
600109,国金证券,未知,,未归类
600110,诺德股份,未知,,未归类
600111,北方稀土,未知,,有色金属
600113,浙江东日,未知,,未归类
600114,东睦股份,未知,,未归类
600115,中国东航,未知,,未归类
600116,三峡水利,未知,,未归类
600117,西宁特钢,未知,,未归类
600118,中国卫星,未知,,未归类
600120,浙江东方,未知,,未归类
600121,郑州煤电,未知,,未归类
600123,兰花科创,未知,,未归类
600125,铁龙物流,未知,,未归类
600126,杭钢股份,未知,,未归类
600127,金健米业,未知,,未归类
600128,苏豪弘业,未知,,未归类
600129,太极集团,未知,,未归类
600130,波导股份,未知,,未归类
600131,国网信通,未知,,未归类
600132,重庆啤酒,未知,,未归类
600133,东湖高新,未知,,未归类
600135,乐凯胶片,未知,,未归类
600137,浪莎股份,未知,,未归类
600138,中青旅,未知,,未归类
600141,兴发集团,未知,,未归类
600143,金发科技,未知,,未归类
600148,长春一东,未知,,未归类
600149,廊坊发展,未知,,未归类
600150,中国船舶,未知,,军工
600151,航天机电,未知,,军工
600152,维科技术,未知,,未归类
600153,建发股份,未知,,未归类
600155,华创云信,未知,,未归类
600156,华升股份,未知,,未归类
600157,永泰能源,未知,,未归类
600158,中体产业,未知,,未归类
600159,大龙地产,未知,,未归类
600160,巨化股份,未知,,未归类
600161,天坛生物,未知,,未归类
600162,香江控股,未知,,未归类
600163,中闽能源,未知,,未归类
600166,福田汽车,未知,,汽车
600167,联美控股,未知,,未归类
600168,武汉控股,未知,,未归类
600170,上海建工,未知,,未归类
600171,上海贝岭,未知,,未归类
600172,黄河旋风,未知,,未归类
600173,卧龙新能,未知,,未归类
600176,中国巨石,未知,,未归类
600177,雅戈尔,未知,,未归类
600178,东安动力,未知,,未归类
600179,安通控股,未知,,未归类
600182,S佳通,未知,,未归类
600183,生益科技,未知,,未归类
600184,光电股份,未知,,未归类
600185,珠免集团,未知,,未归类
600186,莲花控股,未知,,未归类
600188,兖矿能源,未知,,未归类
600189,泉阳泉,未知,,未归类
600191,华资实业,未知,,未归类
600192,长城电工,未知,,未归类
600195,中牧股份,未知,,未归类
600196,复星医药,未知,,医药
600197,伊力特,未知,,未归类
600198,大唐电信,未知,,未归类
600199,金种子酒,未知,,未归类
600201,生物股份,未知,,未归类
600202,哈空调,未知,,未归类
600203,福日电子,未知,,未归类
600206,有研新材,未知,,未归类
600207,安彩高科,未知,,未归类
600208,衢州发展,未知,,未归类
600210,紫江企业,未知,,未归类
600211,西藏药业,未知,,未归类
600212,绿能慧充,未知,,未归类
600215,派斯林,未知,,未归类
600216,浙江医药,未知,,医药
600217,中再资环,未知,,未归类
600218,全柴动力,未知,,未归类
600219,南山铝业,未知,,有色金属
600221,海航控股,未知,,未归类
600222,太龙药业,未知,,未归类
600223,福瑞达,未知,,未归类
600226,亨通股份,未知,,未归类
600227,赤天化,未知,,未归类
600229,城市传媒,未知,,传媒
600230,沧州大化,未知,,未归类
600231,凌钢股份,未知,,未归类
600232,金鹰股份,未知,,未归类
600233,圆通速递,未知,,未归类
600234,科新发展,未知,,未归类
600235,民丰特纸,未知,,未归类
600236,桂冠电力,未知,,电力
600237,铜峰电子,未知,,有色金属
600241,时代万恒,未知,,未归类
600246,万通发展,未知,,未归类
600248,陕建股份,未知,,未归类
600249,两面针,未知,,未归类
600250,南京商旅,未知,,未归类
600251,冠农股份,未知,,未归类
600252,中恒集团,未知,,未归类
600255,鑫科材料,未知,,未归类
600256,广汇能源,未知,,未归类
600257,大湖股份,未知,,未归类
600258,首旅酒店,未知,,未归类
600259,中稀有色,未知,,有色金属
600261,阳光照明,未知,,未归类
600262,北方股份,未知,,未归类
600266,城建发展,未知,,未归类
600267,海正药业,未知,,未归类
600268,国电南自,未知,,未归类
600269,赣粤高速,未知,,未归类
600271,航天信息,未知,,军工
600272,开开实业,未知,,未归类
600273,嘉化能源,未知,,未归类
600276,恒瑞医药,未知,,医药
600278,东方创业,未知,,未归类
600279,重庆港,未知,,未归类
600280,中央商场,未知,,未归类
600281,华阳新材,未知,,未归类
600282,XD南钢股,未知,,未归类
600283,钱江水利,未知,,未归类
600284,浦东建设,未知,,未归类
600285,羚锐制药,未知,,未归类
600287,苏豪时尚,未知,,未归类
600288,大恒科技,未知,,未归类
600292,电投水电,未知,,电力
600293,三峡新材,未知,,未归类
600295,鄂尔多斯,未知,,未归类
600298,安琪酵母,未知,,未归类
600299,安迪苏,未知,,未归类
600300,维维股份,未知,,未归类
600301,华锡有色,未知,,有色金属
600303,曙光股份,未知,,未归类
600305,恒顺醋业,未知,,未归类
600307,酒钢宏兴,未知,,未归类
600308,华泰股份,未知,,未归类
600309,万华化学,未知,,化工
600310,广西能源,未知,,未归类
600312,平高电气,未知,,未归类
600313,农发种业,未知,,未归类
600315,上海家化,未知,,未归类
600316,洪都航空,未知,,军工
600318,新力金融,未知,,未归类
600319,亚星化学,未知,,化工
600320,振华重工,未知,,未归类
600322,津投城开,未知,,未归类
600323,瀚蓝环境,未知,,未归类
600325,华发股份,未知,,未归类
600326,西藏天路,未知,,未归类
600327,大东方,未知,,未归类
600328,中盐化工,未知,,化工
600329,达仁堂,未知,,未归类
600330,天通股份,未知,,未归类
600331,宏达股份,未知,,未归类
600332,白云山,未知,,未归类
600333,长春燃气,未知,,未归类
600335,国机汽车,未知,,汽车
600336,澳柯玛,未知,,未归类
600338,西藏珠峰,未知,,未归类
600339,中油工程,未知,,未归类
600343,航天动力,未知,,军工
600345,长江通信,未知,,通信
600346,恒力石化,未知,,未归类
600348,华阳股份,未知,,未归类
600350,山东高速,未知,,未归类
600351,亚宝药业,未知,,未归类
600352,浙江龙盛,未知,,未归类
600353,旭光电子,未知,,未归类
600354,敦煌种业,未知,,未归类
600356,恒丰纸业,未知,,未归类
600358,国旅联合,未知,,未归类
600359,新农开发,未知,,未归类
600361,创新新材,未知,,未归类
600362,江西铜业,未知,,有色金属
600363,联创光电,未知,,未归类
600366,宁波韵升,未知,,未归类
600367,红星发展,未知,,未归类
600368,五洲交通,未知,,未归类
600369,西南证券,未知,,未归类
600371,万向德农,未知,,未归类
600372,中航机载,未知,,未归类
600373,中文传媒,未知,,传媒
600375,汉马科技,未知,,未归类
600376,首开股份,未知,,未归类
600377,宁沪高速,未知,,未归类
600378,昊华科技,未知,,未归类
600379,宝光股份,未知,,未归类
600380,健康元,未知,,未归类
600382,广东明珠,未知,,未归类
600383,金地集团,未知,,未归类
600386,北巴传媒,未知,,传媒
600388,龙净环保,未知,,未归类
600389,江山股份,未知,,未归类
600390,五矿资本,未知,,未归类
600391,航发科技,未知,,未归类
600392,盛和资源,未知,,未归类
600395,盘江股份,未知,,未归类
600396,华电辽能,未知,,未归类
600397,江钨装备,未知,,有色金属
600398,XD海澜之,未知,,未归类
600399,抚顺特钢,未知,,未归类
600400,红豆股份,未知,,未归类
600403,大有能源,未知,,未归类
600405,动力源,未知,,未归类
600406,国电南瑞,未知,,未归类
600408,安泰集团,未知,,未归类
600409,三友化工,未知,,化工
600410,华胜天成,未知,,未归类
600415,小商品城,未知,,未归类
600416,湘电股份,未知,,未归类
600418,江淮汽车,未知,,汽车
600419,天润乳业,未知,,未归类
600420,国药现代,未知,,未归类
600422,昆药集团,未知,,未归类
600425,青松建化,未知,,未归类
600426,华鲁恒升,未知,,未归类
600428,中远海特,未知,,未归类
600429,三元股份,未知,,未归类
600433,冠豪高新,未知,,未归类
600435,北方导航,未知,,未归类
600436,片仔癀,未知,,未归类
600438,通威股份,未知,,未归类
600439,瑞贝卡,未知,,未归类
600444,国机通用,未知,,未归类
600446,金证股份,未知,,未归类
600448,华纺股份,未知,,未归类
600449,宁夏建材,未知,,未归类
600452,涪陵电力,未知,,电力
600455,博通股份,未知,,未归类
600456,宝钛股份,未知,,未归类
600458,时代新材,未知,,未归类
600459,贵研铂业,未知,,未归类
600460,士兰微,未知,,未归类
600461,洪城环境,未知,,未归类
600463,空港股份,未知,,未归类
600467,好当家,未知,,未归类
600468,百利电气,未知,,未归类
600469,风神股份,未知,,未归类
600470,六国化工,未知,,化工
600475,华光环能,未知,,未归类
600477,杭萧钢构,未知,,未归类
600478,科力远,未知,,未归类
600479,千金药业,未知,,未归类
600480,凌云股份,未知,,未归类
600481,双良节能,未知,,未归类
600482,中国动力,未知,,未归类
600483,福能股份,未知,,未归类
600486,扬农化工,未知,,化工
600487,亨通光电,未知,,未归类
600488,津药药业,未知,,未归类
600489,中金黄金,未知,,黄金
600490,鹏欣资源,未知,,未归类
600493,凤竹纺织,未知,,未归类
600495,晋西车轴,未知,,未归类
600496,精工钢构,未知,,未归类
600497,驰宏锌锗,未知,,有色金属
600498,烽火通信,未知,,通信
600499,科达制造,未知,,未归类
600500,中化国际,未知,,未归类
600501,航天晨光,未知,,军工
600502,安徽建工,未知,,未归类
600503,华丽家族,未知,,未归类
600505,西昌电力,未知,,电力
600506,统一股份,未知,,未归类
600507,方大特钢,未知,,未归类
600508,上海能源,未知,,未归类
600509,天富能源,未知,,未归类
600510,黑牡丹,未知,,未归类
600511,国药股份,未知,,未归类
600512,腾达建设,未知,,未归类
600513,联环药业,未知,,未归类
600515,海南机场,未知,,未归类
600516,方大炭素,未知,,未归类
600517,国网英大,未知,,未归类
600518,康美药业,未知,,未归类
600519,贵州茅台,未知,,未归类
600520,三佳科技,未知,,未归类
600521,华海药业,未知,,未归类
600522,中天科技,未知,,未归类
600523,贵航股份,未知,,未归类
600526,菲达环保,未知,,未归类
600527,江南高纤,未知,,未归类
600528,中铁工业,未知,,未归类
600529,山东药玻,未知,,未归类
600530,交大昂立,未知,,未归类
600531,豫光金铅,未知,,有色金属
600533,栖霞建设,未知,,未归类
600535,天士力,未知,,未归类
600536,中国软件,未知,,软件
600538,国发股份,未知,,未归类
600539,狮头股份,未知,,未归类
600540,新赛股份,未知,,未归类
600545,卓郎智能,未知,,未归类
600546,山煤国际,未知,,未归类
600547,山东黄金,未知,,黄金
600548,深高速,未知,,未归类
600549,厦门钨业,未知,,有色金属
600550,保变电气,未知,,未归类
600551,时代出版,未知,,传媒
600552,凯盛科技,未知,,未归类
600556,天下秀,未知,,未归类
600557,康缘药业,未知,,未归类
600558,大西洋,未知,,未归类
600559,老白干酒,未知,,未归类
600560,金自天正,未知,,未归类
600561,江西长运,未知,,未归类
600562,国睿科技,未知,,未归类
600563,法拉电子,未知,,未归类
600566,济川药业,未知,,未归类
600567,山鹰国际,未知,,未归类
600569,安阳钢铁,未知,,未归类
600570,恒生电子,未知,,未归类
600571,信雅达,未知,,未归类
600572,康恩贝,未知,,未归类
600573,惠泉啤酒,未知,,未归类
600575,淮河能源,未知,,未归类
600576,祥源文旅,未知,,未归类
600577,XD精达股,未知,,未归类
600578,京能电力,未知,,电力
600579,中化装备,未知,,未归类
600580,卧龙电驱,未知,,未归类
600582,天地科技,未知,,未归类
600583,海油工程,未知,,未归类
600584,长电科技,未知,,未归类
600585,海螺水泥,未知,,未归类
600586,金晶科技,未知,,未归类
600587,新华医疗,未知,,医药
600588,用友网络,未知,,未归类
600589,大位科技,未知,,未归类
600590,泰豪科技,未知,,未归类
600592,龙溪股份,未知,,未归类
600593,大连圣亚,未知,,未归类
600594,益佰制药,未知,,未归类
600595,中孚实业,未知,,未归类
600596,新安股份,未知,,未归类
600597,光明乳业,未知,,未归类
600598,北大荒,未知,,未归类
600600,青岛啤酒,未知,,未归类
600601,方正科技,未知,,未归类
600602,云赛智联,未知,,未归类
600603,广汇物流,未知,,未归类
600604,市北高新,未知,,未归类
600605,汇通能源,未知,,未归类
600606,绿地控股,未知,,未归类
600609,金杯汽车,未知,,汽车
600610,中毅达,未知,,未归类
600611,大众交通,未知,,未归类
600612,老凤祥,未知,,未归类
600613,神奇制药,未知,,未归类
600615,鑫源智造,未知,,未归类
600616,金枫酒业,未知,,未归类
600617,国新能源,未知,,新能源
600618,氯碱化工,未知,,化工
600619,海立股份,未知,,未归类
600620,天宸股份,未知,,未归类
600621,华鑫股份,未知,,未归类
600622,光大嘉宝,未知,,未归类
600623,华谊集团,未知,,未归类
600626,申达股份,未知,,未归类
600628,新世界,未知,,未归类
600629,华建集团,未知,,未归类
600630,龙头股份,未知,,未归类
600633,浙数文化,未知,,未归类
600635,大众公用,未知,,未归类
600637,东方明珠,未知,,未归类
600638,新黄浦,未知,,未归类
600639,浦东金桥,未知,,未归类
600640,国脉文化,未知,,未归类
600641,先导基电,未知,,未归类
600642,申能股份,未知,,未归类
600643,爱建集团,未知,,未归类
600644,乐山电力,未知,,电力
600645,中源协和,未知,,未归类
600648,外高桥,未知,,未归类
600649,城投控股,未知,,未归类
600650,锦江在线,未知,,未归类
600651,飞乐音响,未知,,未归类
600653,申华控股,未知,,未归类
600654,中安科,未知,,未归类
600655,豫园股份,未知,,未归类
600657,信达地产,未知,,未归类
600658,电子城,未知,,未归类
600660,福耀玻璃,未知,,未归类
600661,昂立教育,未知,,未归类
600662,外服控股,未知,,未归类
600663,陆家嘴,未知,,未归类
600664,哈药股份,未知,,未归类
600665,天地源,未知,,未归类
600666,奥瑞德,未知,,未归类
600667,太极实业,未知,,未归类
600668,尖峰集团,未知,,未归类
600671,天目药业,未知,,未归类
600673,东阳光,未知,,未归类
600674,川投能源,未知,,未归类
600675,中华企业,未知,,未归类
600676,交运股份,未知,,未归类
600679,上海凤凰,未知,,未归类
600681,百川能源,未知,,未归类
600682,南京新百,未知,,未归类
600683,京投发展,未知,,未归类
600684,珠江股份,未知,,未归类
600685,中船防务,未知,,未归类
600686,金龙汽车,未知,,汽车
600688,上海石化,未知,,未归类
600689,上海三毛,未知,,未归类
600690,海尔智家,未知,,未归类
600691,潞化科技,未知,,未归类
600692,亚通股份,未知,,未归类
600693,东百集团,未知,,未归类
600694,大商股份,未知,,未归类
600697,欧亚集团,未知,,未归类
600698,湖南天雁,未知,,未归类
600699,均胜电子,未知,,未归类
600702,舍得酒业,未知,,未归类
600703,三安光电,未知,,未归类
600704,物产中大,未知,,未归类
600706,曲江文旅,未知,,未归类
600707,彩虹股份,未知,,未归类
600708,光明地产,未知,,未归类
600710,苏美达,未知,,未归类
600711,盛屯矿业,未知,,未归类
600712,南宁百货,未知,,未归类
600713,南京医药,未知,,医药
600714,金瑞矿业,未知,,未归类
600715,文投控股,未知,,未归类
600716,凤凰股份,未知,,未归类
600717,天津港,未知,,未归类
600718,东软集团,未知,,未归类
600719,大连热电,未知,,未归类
600720,中交设计,未知,,未归类
600721,百花医药,未知,,医药
600722,金牛化工,未知,,化工
600724,宁波富达,未知,,未归类
600725,云维股份,未知,,未归类
600726,华电能源,未知,,未归类
600727,鲁北化工,未知,,化工
600728,佳都科技,未知,,未归类
600729,重庆百货,未知,,未归类
600731,湖南海利,未知,,未归类
600732,爱旭股份,未知,,未归类
600733,北汽蓝谷,未知,,未归类
600736,苏州高新,未知,,未归类
600737,中粮糖业,未知,,未归类
600738,丽尚国潮,未知,,未归类
600739,辽宁成大,未知,,未归类
600740,山西焦化,未知,,未归类
600741,华域汽车,未知,,汽车
600742,富维股份,未知,,未归类
600743,华远控股,未知,,未归类
600744,华银电力,未知,,电力
600746,江苏索普,未知,,未归类
600748,上实发展,未知,,未归类
600749,西藏旅游,未知,,未归类
600750,华润江中,未知,,未归类
600751,海航科技,未知,,未归类
600754,锦江酒店,未知,,未归类
600755,厦门国贸,未知,,未归类
600756,浪潮软件,未知,,软件
600757,长江传媒,未知,,传媒
600758,辽宁能源,未知,,未归类
600760,中航沈飞,未知,,未归类
600761,安徽合力,未知,,未归类
600763,通策医疗,未知,,医药
600764,中国海防,未知,,未归类
600765,中航重机,未知,,未归类
600768,宁波富邦,未知,,未归类
600769,祥龙电业,未知,,未归类
600770,综艺股份,未知,,未归类
600771,广誉远,未知,,未归类
600773,西藏城投,未知,,未归类
600774,汉商集团,未知,,未归类
600775,南京熊猫,未知,,未归类
600776,东方通信,未知,,通信
600778,友好集团,未知,,未归类
600779,水井坊,未知,,未归类
600780,通宝能源,未知,,未归类
600782,新钢股份,未知,,未归类
600783,鲁信创投,未知,,软件
600784,鲁银投资,未知,,未归类
600785,新华百货,未知,,未归类
600787,中储股份,未知,,未归类
600789,鲁抗医药,未知,,医药
600790,轻纺城,未知,,未归类
600791,京能置业,未知,,未归类
600792,云煤能源,未知,,未归类
600793,宜宾纸业,未知,,未归类
600794,保税科技,未知,,未归类
600795,国电电力,未知,,电力
600796,钱江生化,未知,,未归类
600797,浙大网新,未知,,未归类
600798,宁波海运,未知,,未归类
600800,渤海化学,未知,,化工
600801,华新建材,未知,,未归类
600802,福建水泥,未知,,未归类
600803,新奥股份,未知,,未归类
600805,悦达投资,未知,,未归类
600807,济高发展,未知,,未归类
600808,马钢股份,未知,,未归类
600809,山西汾酒,未知,,未归类
600810,神马股份,未知,,未归类
600812,华北制药,未知,,未归类
600814,杭州解百,未知,,未归类
600815,厦工股份,未知,,未归类
600816,建元信托,未知,,未归类
600817,宇通重工,未知,,未归类
600819,耀皮玻璃,未知,,未归类
600820,隧道股份,未知,,未归类
600821,金开新能,未知,,未归类
600822,上海物贸,未知,,未归类
600824,益民集团,未知,,未归类
600825,新华传媒,未知,,传媒
600826,兰生股份,未知,,未归类
600827,百联股份,未知,,未归类
600828,茂业商业,未知,,未归类
600829,人民同泰,未知,,未归类
600830,香溢融通,未知,,未归类
600831,广电网络,未知,,电力
600833,第一医药,未知,,医药
600834,申通地铁,未知,,未归类
600835,上海机电,未知,,未归类
600838,上海九百,未知,,未归类
600839,四川长虹,未知,,未归类
600841,动力新科,未知,,未归类
600843,上工申贝,未知,,未归类
600844,金煤科技,未知,,未归类
600845,宝信软件,未知,,软件
600846,同济科技,未知,,未归类
600847,万里股份,未知,,未归类
600848,上海临港,未知,,未归类
600850,电科数字,未知,,未归类
600851,海欣股份,未知,,未归类
600853,龙建股份,未知,,未归类
600854,春兰股份,未知,,未归类
600855,航天长峰,未知,,军工
600857,宁波中百,未知,,未归类
600858,银座股份,未知,,未归类
600859,王府井,未知,,未归类
600860,京城股份,未知,,未归类
600861,北京人力,未知,,未归类
600862,中航高科,未知,,未归类
600863,华能蒙电,未知,,未归类
600864,哈投股份,未知,,未归类
600865,百大集团,未知,,未归类
600866,星湖科技,未知,,未归类
600867,通化东宝,未知,,未归类
600868,梅雁吉祥,未知,,未归类
600869,远东股份,未知,,未归类
600871,石化油服,未知,,未归类
600872,中炬高新,未知,,未归类
600873,梅花生物,未知,,未归类
600874,创业环保,未知,,未归类
600875,东方电气,未知,,未归类
600876,凯盛新能,未知,,未归类
600877,电科芯片,未知,,半导体
600879,航天电子,未知,,军工
600880,博瑞传播,未知,,未归类
600881,亚泰集团,未知,,未归类
600882,妙可蓝多,未知,,未归类
600883,博闻科技,未知,,未归类
600884,杉杉股份,未知,,未归类
600885,宏发股份,未知,,未归类
600886,国投电力,未知,,电力
600887,伊利股份,未知,,未归类
600888,新疆众和,未知,,未归类
600893,航发动力,未知,,未归类
600894,广日股份,未知,,未归类
600895,张江高科,未知,,未归类
600897,厦门空港,未知,,未归类
600900,长江电力,未知,,电力
600901,江苏金租,未知,,未归类
600903,贵州燃气,未知,,未归类
600905,三峡能源,未知,,未归类
600906,财达证券,未知,,未归类
600908,无锡银行,未知,,有色金属
600909,华安证券,未知,,未归类
600916,中国黄金,未知,,黄金
600917,重庆燃气,未知,,未归类
600918,中泰证券,未知,,未归类
600919,江苏银行,未知,,未归类
600925,苏能股份,未知,,未归类
600926,杭州银行,未知,,未归类
600927,永安期货,未知,,未归类
600928,西安银行,未知,,未归类
600929,雪天盐业,未知,,未归类
600930,华电新能,未知,,未归类
600933,爱柯迪,未知,,未归类
600935,华塑股份,未知,,未归类
600936,北投科技,未知,,未归类
600938,中国海油,未知,,未归类
600939,重庆建工,未知,,未归类
600941,中国移动,未知,,未归类
600955,维远股份,未知,,未归类
600956,新天绿能,未知,,未归类
600958,东方证券,未知,,未归类
600959,江苏有线,未知,,未归类
600960,渤海汽车,未知,,汽车
600961,株冶集团,未知,,未归类
600962,国投中鲁,未知,,未归类
600963,岳阳林纸,未知,,未归类
600966,博汇纸业,未知,,未归类
600967,内蒙一机,未知,,未归类
600968,海油发展,未知,,未归类
600969,郴电国际,未知,,未归类
600970,中材国际,未知,,未归类
600971,恒源煤电,未知,,未归类
600973,宝胜股份,未知,,未归类
600975,新五丰,未知,,未归类
600976,健民集团,未知,,未归类
600977,中国电影,未知,,未归类
600979,广安爱众,未知,,未归类
600980,北矿科技,未知,,未归类
600981,苏豪汇鸿,未知,,未归类
600982,宁波能源,未知,,未归类
600983,惠而浦,未知,,未归类
600984,建设机械,未知,,未归类
600985,淮北矿业,未知,,未归类
600986,浙文互联,未知,,未归类
600987,航民股份,未知,,未归类
600988,赤峰黄金,未知,,黄金
600989,宝丰能源,未知,,未归类
600990,四创电子,未知,,未归类
600992,贵绳股份,未知,,未归类
600993,马应龙,未知,,未归类
600995,南网储能,未知,,新能源
600996,贵广网络,未知,,未归类
600997,开滦股份,未知,,未归类
600998,九州通,未知,,未归类
600999,招商证券,未知,,未归类
601000,唐山港,未知,,未归类
601001,晋控煤业,未知,,未归类
601002,晋亿实业,未知,,未归类
601003,柳钢股份,未知,,未归类
601005,重庆钢铁,未知,,未归类
601006,大秦铁路,未知,,未归类
601007,金陵饭店,未知,,未归类
601008,XD连云港,未知,,未归类
601009,南京银行,未知,,未归类
601011,宝泰隆,未知,,未归类
601012,隆基绿能,未知,,未归类
601015,陕西黑猫,未知,,未归类
601016,节能风电,未知,,新能源
601018,宁波港,未知,,未归类
601019,山东出版,未知,,传媒
601020,华钰矿业,未知,,未归类
601021,春秋航空,未知,,军工
601022,宁波远洋,未知,,未归类
601026,道生天合,未知,,未归类
601033,XD永兴股,未知,,未归类
601038,一拖股份,未知,,未归类
601058,赛轮轮胎,未知,,未归类
601059,信达证券,未知,,未归类
601061,中信金属,未知,,未归类
601065,江盐集团,未知,,未归类
601066,中信建投,未知,,未归类
601068,中铝国际,未知,,有色金属
601069,西部黄金,未知,,黄金
601077,渝农商行,未知,,未归类
601083,锦江航运,未知,,未归类
601086,国芳集团,未知,,未归类
601088,中国神华,未知,,未归类
601089,福元医药,未知,,医药
601096,宏盛华源,未知,,未归类
601098,中南传媒,未知,,传媒
601099,太平洋,未知,,未归类
601100,恒立液压,未知,,未归类
601101,昊华能源,未知,,未归类
601106,中国一重,未知,,未归类
601107,四川成渝,未知,,未归类
601108,财通证券,未知,,未归类
601111,中国国航,未知,,未归类
601112,振石股份,未知,,未归类
601113,华鼎股份,未知,,未归类
601116,三江购物,未知,,未归类
601117,中国化学,未知,,化工
601118,海南橡胶,未知,,化工
601121,宝地矿业,未知,,未归类
601126,四方股份,未知,,未归类
601127,赛力斯,未知,,未归类
601128,常熟银行,未知,,未归类
601133,柏诚股份,未知,,未归类
601136,首创证券,未知,,未归类
601137,博威合金,未知,,未归类
601138,工业富联,未知,,未归类
601139,深圳燃气,未知,,未归类
601155,新城控股,未知,,未归类
601156,东航物流,未知,,未归类
601158,重庆水务,未知,,未归类
601162,天风证券,未知,,未归类
601163,三角轮胎,未知,,未归类
601166,兴业银行,未知,,未归类
601168,西部矿业,未知,,未归类
601169,北京银行,未知,,未归类
601177,杭齿前进,未知,,未归类
601179,中国西电,未知,,未归类
601186,中国铁建,未知,,未归类
601187,厦门银行,未知,,未归类
601188,龙江交通,未知,,未归类
601198,东兴证券,未知,,未归类
601199,江南水务,未知,,未归类
601200,上海环境,未知,,未归类
601208,东材科技,未知,,未归类
601211,国泰海通,未知,,未归类
601212,白银有色,未知,,有色金属；黄金
601216,君正集团,未知,,未归类
601218,吉鑫科技,未知,,未归类
601222,林洋能源,未知,,未归类
601225,陕西煤业,未知,,未归类
601226,华电科工,未知,,未归类
601228,广州港,未知,,未归类
601229,上海银行,未知,,未归类
601231,环旭电子,未知,,未归类
601233,桐昆股份,未知,,未归类
601236,红塔证券,未知,,未归类
601238,广汽集团,未知,,未归类
601279,英利汽车,未知,,汽车
601288,农业银行,未知,,未归类
601298,青岛港,未知,,未归类
601311,骆驼股份,未知,,未归类
601318,中国平安,未知,,未归类
601319,中国人保,未知,,未归类
601326,秦港股份,未知,,未归类
601328,交通银行,未知,,未归类
601330,绿色动力,未知,,未归类
601333,广深铁路,未知,,未归类
601336,新华保险,未知,,未归类
601339,百隆东方,未知,,未归类
601360,三六零,未知,,未归类
601366,利群股份,未知,,未归类
601368,绿城水务,未知,,未归类
601369,陕鼓动力,未知,,未归类
601375,中原证券,未知,,未归类
601377,兴业证券,未知,,未归类
601388,怡球资源,未知,,未归类
601390,中国中铁,未知,,未归类
601398,工商银行,未知,,未归类
601399,国机重装,未知,,未归类
601456,国联民生,未知,,未归类
601500,通用股份,未知,,未归类
601512,中新集团,未知,,未归类
601515,衢州东峰,未知,,未归类
601518,吉林高速,未知,,未归类
601519,大智慧,未知,,未归类
601528,瑞丰银行,未知,,未归类
601555,东吴证券,未知,,未归类
601566,九牧王,未知,,未归类
601567,三星电气,未知,,未归类
601568,北元集团,未知,,未归类
601577,长沙银行,未知,,未归类
601579,会稽山,未知,,未归类
601588,北辰实业,未知,,未归类
601595,上海电影,未知,,未归类
601598,中国外运,未知,,未归类
601599,浙文影业,未知,,未归类
601600,中国铝业,未知,,有色金属
601601,中国太保,未知,,未归类
601606,长城军工,未知,,军工
601607,上海医药,未知,,医药
601608,中信重工,未知,,未归类
601609,金田股份,未知,,未归类
601611,中国核建,未知,,未归类
601615,明阳智能,未知,,未归类
601616,广电电气,未知,,未归类
601618,中国中冶,未知,,未归类
601619,嘉泽新能,未知,,未归类
601628,中国人寿,未知,,未归类
601633,长城汽车,未知,,汽车
601636,旗滨集团,未知,,未归类
601658,邮储银行,未知,,未归类
601665,齐鲁银行,未知,,未归类
601666,平煤股份,未知,,未归类
601668,中国建筑,未知,,未归类
601669,中国电建,未知,,未归类
601677,明泰铝业,未知,,有色金属
601678,滨化股份,未知,,未归类
601686,友发集团,未知,,未归类
601688,华泰证券,未知,,未归类
601689,拓普集团,未知,,未归类
601696,中银证券,未知,,未归类
601698,中国卫通,未知,,未归类
601699,潞安环能,未知,,未归类
601700,风范股份,未知,,未归类
601702,华峰铝业,未知,,有色金属
601717,中创智领,未知,,未归类
601727,上海电气,未知,,未归类
601728,中国电信,未知,,未归类
601766,中国中车,未知,,未归类
601777,千里科技,未知,,未归类
601778,晶科科技,未知,,未归类
601788,光大证券,未知,,未归类
601789,宁波建工,未知,,未归类
601798,蓝科高新,未知,,未归类
601799,星宇股份,未知,,未归类
601800,中国交建,未知,,未归类
601801,皖新传媒,未知,,传媒
601808,中海油服,未知,,未归类
601811,新华文轩,未知,,未归类
601816,京沪高铁,未知,,未归类
601818,光大银行,未知,,未归类
601825,沪农商行,未知,,未归类
601827,三峰环境,未知,,未归类
601828,美凯龙,未知,,未归类
601838,成都银行,未知,,未归类
601857,中国石油,未知,,未归类
601858,中国科传,未知,,未归类
601860,紫金银行,未知,,未归类
601865,福莱特,未知,,未归类
601866,中远海发,未知,,未归类
601868,中国能建,未知,,未归类
601869,长飞光纤,未知,,未归类
601872,招商轮船,未知,,未归类
601877,正泰电器,未知,,未归类
601878,浙商证券,未知,,未归类
601880,辽港股份,未知,,未归类
601881,中国银河,未知,,未归类
601882,海天精工,未知,,未归类
601886,江河集团,未知,,未归类
601888,中国中免,未知,,未归类
601890,亚星锚链,未知,,未归类
601898,中煤能源,未知,,未归类
601899,紫金矿业,未知,,黄金
601900,南方传媒,未知,,传媒
601901,方正证券,未知,,未归类
601908,京运通,未知,,未归类
601916,浙商银行,未知,,未归类
601918,新集能源,未知,,未归类
601919,中远海控,未知,,未归类
601921,浙版传媒,未知,,传媒
601928,凤凰传媒,未知,,传媒
601929,吉视传媒,未知,,传媒
601933,永辉超市,未知,,未归类
601939,建设银行,未知,,未归类
601949,中国出版,未知,,传媒
601952,苏垦农发,未知,,未归类
601956,东贝集团,未知,,未归类
601958,金钼股份,未知,,有色金属
601963,重庆银行,未知,,未归类
601965,中国汽研,未知,,未归类
601966,玲珑轮胎,未知,,未归类
601968,宝钢包装,未知,,未归类
601969,XD海南矿,未知,,未归类
601975,招商南油,未知,,未归类
601985,中国核电,未知,,电力
601988,中国银行,未知,,未归类
601990,南京证券,未知,,未归类
601991,大唐发电,未知,,未归类
601992,金隅集团,未知,,未归类
601995,中金公司,未知,,未归类
601996,丰林集团,未知,,未归类
601997,贵阳银行,未知,,未归类
601998,中信银行,未知,,未归类
601999,出版传媒,未知,,传媒
603000,人民网,未知,,未归类
603001,奥康国际,未知,,未归类
603002,宏昌电子,未知,,未归类
603004,鼎龙科技,未知,,未归类
603005,晶方科技,未知,,未归类
603006,联明股份,未知,,未归类
603007,花王股份,未知,,未归类
603009,北特科技,未知,,未归类
603010,万盛股份,未知,,未归类
603011,合锻智能,未知,,未归类
603012,创力集团,未知,,未归类
603013,亚普股份,未知,,未归类
603014,威高血净,未知,,未归类
603015,弘讯科技,未知,,未归类
603016,新宏泰,未知,,未归类
603017,中衡设计,未知,,未归类
603018,华设集团,未知,,未归类
603019,中科曙光,未知,,未归类
603020,爱普股份,未知,,未归类
603022,新通联,未知,,未归类
603023,威帝股份,未知,,未归类
603025,大豪科技,未知,,未归类
603026,石大胜华,未知,,未归类
603027,千禾味业,未知,,未归类
603028,赛福天,未知,,未归类
603029,天鹅股份,未知,,未归类
603030,全筑股份,未知,,未归类
603031,安孚科技,未知,,未归类
603032,德新科技,未知,,未归类
603033,三维股份,未知,,未归类
603035,常熟汽饰,未知,,未归类
603036,如通股份,未知,,未归类
603037,凯众股份,未知,,未归类
603038,华立股份,未知,,未归类
603039,泛微网络,未知,,未归类
603040,新坐标,未知,,未归类
603041,美思德,未知,,未归类
603042,华脉科技,未知,,未归类
603043,广州酒家,未知,,未归类
603045,福达合金,未知,,未归类
603048,浙江黎明,未知,,未归类
603049,中策橡胶,未知,,化工
603050,科林电气,未知,,未归类
603051,鹿山新材,未知,,未归类
603052,可川科技,未知,,未归类
603053,成都燃气,未知,,未归类
603055,台华新材,未知,,未归类
603057,紫燕食品,未知,,未归类
603058,永吉股份,未知,,未归类
603059,倍加洁,未知,,未归类
603060,国检集团,未知,,未归类
603061,金海通,未知,,未归类
603062,麦加芯彩,未知,,未归类
603063,禾望电气,未知,,未归类
603065,宿迁联盛,未知,,未归类
603066,音飞储存,未知,,未归类
603067,振华股份,未知,,未归类
603068,博通集成,未知,,未归类
603069,海汽集团,未知,,未归类
603070,万控智造,未知,,未归类
603071,物产环能,未知,,未归类
603072,天和磁材,未知,,未归类
603073,彩蝶实业,未知,,未归类
603075,热威股份,未知,,未归类
603076,乐惠国际,未知,,未归类
603077,和邦生物,未知,,未归类
603078,江化微,未知,,未归类
603079,圣达生物,未知,,未归类
603080,新疆火炬,未知,,未归类
603081,大丰实业,未知,,未归类
603082,北自科技,未知,,未归类
603083,剑桥科技,未知,,未归类
603085,天成自控,未知,,未归类
603086,先达股份,未知,,未归类
603087,甘李药业,未知,,未归类
603088,宁波精达,未知,,未归类
603089,正裕工业,未知,,未归类
603090,宏盛股份,未知,,未归类
603091,众鑫股份,未知,,未归类
603092,德力佳,未知,,未归类
603093,南华期货,未知,,未归类
603095,越剑智能,未知,,未归类
603096,新经典,未知,,未归类
603097,江苏华辰,未知,,未归类
603098,森特股份,未知,,未归类
603099,长白山,未知,,未归类
603100,川仪股份,未知,,未归类
603101,汇嘉时代,未知,,未归类
603102,百合股份,未知,,未归类
603103,横店影视,未知,,传媒
603105,芯能科技,未知,,未归类
603106,恒银科技,未知,,未归类
603107,上海汽配,未知,,汽车
603108,润达医疗,未知,,医药
603109,神驰机电,未知,,未归类
603110,东方材料,未知,,未归类
603111,康尼机电,未知,,未归类
603112,华翔股份,未知,,未归类
603113,金能科技,未知,,未归类
603115,海星股份,未知,,未归类
603116,红蜻蜓,未知,,未归类
603117,万林物流,未知,,未归类
603118,共进股份,未知,,未归类
603119,浙江荣泰,未知,,未归类
603120,肯特催化,未知,,未归类
603121,华培动力,未知,,未归类
603122,合富中国,未知,,未归类
603123,翠微股份,未知,,未归类
603124,江南新材,未知,,未归类
603125,常青科技,未知,,未归类
603126,中材节能,未知,,未归类
603127,昭衍新药,未知,,未归类
603128,华贸物流,未知,,未归类
603129,春风动力,未知,,未归类
603130,云中马,未知,,未归类
603131,上海沪工,未知,,未归类
603132,金徽股份,未知,,未归类
603135,中重科技,未知,,未归类
603136,天目湖,未知,,未归类
603137,恒尚节能,未知,,未归类
603138,海量数据,未知,,未归类
603139,康惠股份,未知,,未归类
603150,万朗磁塑,未知,,未归类
603151,邦基科技,未知,,未归类
603153,上海建科,未知,,未归类
603155,新亚强,未知,,未归类
603156,养元饮品,未知,,未归类
603158,腾龙股份,未知,,未归类
603159,上海亚虹,未知,,未归类
603160,汇顶科技,未知,,未归类
603161,科华控股,未知,,未归类
603162,海通发展,未知,,未归类
603163,圣晖集成,未知,,未归类
603165,荣晟环保,未知,,未归类
603166,福达股份,未知,,未归类
603167,渤海轮渡,未知,,未归类
603168,莎普爱思,未知,,未归类
603169,兰石重装,未知,,未归类
603170,宝立食品,未知,,未归类
603171,税友股份,未知,,未归类
603172,万丰股份,未知,,未归类
603173,福斯达,未知,,未归类
603175,超颖电子,未知,,未归类
603176,汇通集团,未知,,未归类
603177,德创环保,未知,,未归类
603178,圣龙股份,未知,,未归类
603179,新泉股份,未知,,未归类
603180,金牌家居,未知,,未归类
603181,皇马科技,未知,,未归类
603182,嘉华股份,未知,,未归类
603183,建研院,未知,,未归类
603185,弘元绿能,未知,,未归类
603186,华正新材,未知,,未归类
603187,海容冷链,未知,,未归类
603188,亚邦股份,未知,,未归类
603190,亚通精工,未知,,未归类
603191,望变电气,未知,,未归类
603192,汇得科技,未知,,未归类
603193,润本股份,未知,,未归类
603194,中力股份,未知,,未归类
603195,公牛集团,未知,,未归类
603196,璞源材料,未知,,未归类
603197,保隆科技,未知,,未归类
603198,迎驾贡酒,未知,,未归类
603199,九华旅游,未知,,未归类
603200,上海洗霸,未知,,未归类
603201,常润股份,未知,,未归类
603202,天有为,未知,,未归类
603203,快克智能,未知,,未归类
603205,健尔康,未知,,未归类
603206,嘉环科技,未知,,未归类
603207,小方制药,未知,,未归类
603208,江山欧派,未知,,未归类
603209,兴通股份,未知,,未归类
603210,泰鸿万立,未知,,未归类
603211,晋拓股份,未知,,未归类
603212,赛伍技术,未知,,未归类
603213,镇洋发展,未知,,未归类
603214,爱婴室,未知,,未归类
603215,比依股份,未知,,未归类
603216,梦天家居,未知,,未归类
603217,元利科技,未知,,未归类
603218,日月股份,未知,,未归类
603219,富佳股份,未知,,未归类
603220,中贝通信,未知,,通信
603221,爱丽家居,未知,,未归类
603222,济民健康,未知,,未归类
603223,恒通股份,未知,,未归类
603225,新凤鸣,未知,,未归类
603226,菲林格尔,未知,,未归类
603227,雪峰科技,未知,,未归类
603228,景旺电子,未知,,未归类
603229,奥翔药业,未知,,未归类
603230,内蒙新华,未知,,未归类
603231,索宝蛋白,未知,,未归类
603232,格尔软件,未知,,软件
603233,大参林,未知,,未归类
603235,天新药业,未知,,未归类
603236,移远通信,未知,,通信
603237,五芳斋,未知,,未归类
603238,诺邦股份,未知,,未归类
603239,浙江仙通,未知,,未归类
603248,锡华科技,未知,,有色金属
603255,鼎际得,未知,,未归类
603256,宏和科技,未知,,未归类
603257,中国瑞林,未知,,未归类
603258,电魂网络,未知,,未归类
603259,药明康德,未知,,未归类
603260,合盛硅业,未知,,未归类
603262,技源集团,未知,,未归类
603266,天龙股份,未知,,未归类
603267,鸿远电子,未知,,未归类
603268,松发股份,未知,,未归类
603269,海鸥股份,未知,,未归类
603270,金帝股份,未知,,未归类
603271,永杰新材,未知,,未归类
603273,天元智能,未知,,未归类
603275,众辰科技,未知,,未归类
603276,恒兴新材,未知,,未归类
603277,银都股份,未知,,未归类
603278,大业股份,未知,,未归类
603279,景津装备,未知,,未归类
603280,南方路机,未知,,未归类
603281,江瀚新材,未知,,未归类
603282,亚光股份,未知,,未归类
603283,赛腾股份,未知,,未归类
603284,林平发展,未知,,未归类
603285,键邦股份,未知,,未归类
603286,日盈电子,未知,,未归类
603288,海天味业,未知,,未归类
603289,泰瑞机器,未知,,未归类
603290,斯达半导,未知,,未归类
603291,联合水务,未知,,未归类
603293,埃泰克,未知,,未归类
603296,华勤技术,未知,,未归类
603297,永新光学,未知,,未归类
603298,杭叉集团,未知,,未归类
603299,苏盐井神,未知,,未归类
603300,海南华铁,未知,,未归类
603301,振德医疗,未知,,医药
603303,得邦照明,未知,,未归类
603305,旭升集团,未知,,未归类
603306,华懋科技,未知,,未归类
603307,扬州金泉,未知,,未归类
603308,应流股份,未知,,未归类
603309,维力医疗,未知,,医药
603310,巍华新材,未知,,未归类
603311,金海高科,未知,,未归类
603312,西典新能,未知,,未归类
603313,梦百合,未知,,未归类
603315,福鞍股份,未知,,未归类
603316,诚邦股份,未知,,未归类
603317,XD天味食,未知,,未归类
603318,水发燃气,未知,,未归类
603319,美湖股份,未知,,未归类
603320,迪贝电气,未知,,未归类
603321,梅轮电梯,未知,,未归类
603322,超讯通信,未知,,通信
603323,苏农银行,未知,,未归类
603324,盛剑科技,未知,,未归类
603325,博隆技术,未知,,未归类
603326,我乐家居,未知,,未归类
603327,福蓉科技,未知,,未归类
603328,依顿电子,未知,,未归类
603329,上海雅仕,未知,,未归类
603330,天洋新材,未知,,未归类
603331,百达精工,未知,,未归类
603332,苏州龙杰,未知,,未归类
603333,尚纬股份,未知,,未归类
603334,丰倍生物,未知,,未归类
603335,迪生力,未知,,未归类
603336,宏辉果蔬,未知,,未归类
603337,杰克科技,未知,,未归类
603338,浙江鼎力,未知,,未归类
603339,四方科技,未知,,未归类
603341,龙旗科技,未知,,未归类
603344,星德胜,未知,,未归类
603345,安井食品,未知,,未归类
603348,文灿股份,未知,,未归类
603350,安乃达,未知,,未归类
603351,威尔药业,未知,,未归类
603352,至信股份,未知,,未归类
603353,和顺石油,未知,,未归类
603355,莱克电气,未知,,未归类
603356,华菱精工,未知,,未归类
603357,设计总院,未知,,未归类
603358,华达科技,未知,,未归类
603360,百傲化学,未知,,化工
603363,傲农生物,未知,,未归类
603365,水星家纺,未知,,未归类
603366,日出东方,未知,,未归类
603367,辰欣药业,未知,,未归类
603368,柳药集团,未知,,未归类
603369,今世缘,未知,,未归类
603370,华新精科,未知,,未归类
603373,安邦护卫,未知,,未归类
603375,盛景微,未知,,未归类
603376,大明电子,未知,,未归类
603379,三美股份,未知,,未归类
603380,易德龙,未知,,未归类
603381,永臻股份,未知,,未归类
603382,海阳科技,未知,,未归类
603383,顶点软件,未知,,软件
603385,惠达卫浴,未知,,未归类
603386,骏亚科技,未知,,未归类
603387,基蛋生物,未知,,未归类
603390,通达电气,未知,,未归类
603391,力聚热能,未知,,未归类
603392,万泰生物,未知,,未归类
603393,新天然气,未知,,未归类
603395,红四方,未知,,未归类
603396,金辰股份,未知,,未归类
603399,永杉锂业,未知,,未归类
603400,华之杰,未知,,未归类
603402,陕西旅游,未知,,未归类
603406,天富龙,未知,,未归类
603407,N长裕,未知,,未归类
603408,建霖家居,未知,,未归类
603409,汇通控股,未知,,未归类
603416,信捷电气,未知,,未归类
603418,友升股份,未知,,未归类
603421,鼎信通讯,未知,,未归类
603439,三力制药,未知,,未归类
603444,吉比特,未知,,未归类
603456,九洲药业,未知,,未归类
603458,勘设股份,未知,,未归类
603459,红板科技,未知,,未归类
603466,风语筑,未知,,未归类
603477,巨星农牧,未知,,未归类
603486,科沃斯,未知,,未归类
603488,展鹏科技,未知,,未归类
603489,八方股份,未知,,未归类
603496,恒为科技,未知,,未归类
603499,翔港科技,未知,,未归类
603500,祥和实业,未知,,未归类
603501,豪威集团,未知,,未归类
603505,金石资源,未知,,未归类
603506,南都物业,未知,,未归类
603507,振江股份,未知,,未归类
603508,思维列控,未知,,未归类
603511,爱慕股份,未知,,未归类
603515,欧普照明,未知,,未归类
603516,淳中科技,未知,,未归类
603518,锦泓集团,未知,,未归类
603519,立霸股份,未知,,未归类
603520,司太立,未知,,未归类
603527,众源新材,未知,,未归类
603528,多伦科技,未知,,未归类
603529,爱玛科技,未知,,未归类
603530,神马电力,未知,,电力
603533,掌阅科技,未知,,未归类
603535,嘉诚国际,未知,,未归类
603536,惠发食品,未知,,未归类
603538,美诺华,未知,,未归类
603551,奥普科技,未知,,未归类
603556,海兴电力,未知,,电力
603558,健盛集团,未知,,未归类
603565,中谷物流,未知,,未归类
603566,普莱柯,未知,,未归类
603567,珍宝岛,未知,,未归类
603568,伟明环保,未知,,未归类
603569,长久物流,未知,,未归类
603577,汇金通,未知,,未归类
603578,三星新材,未知,,未归类
603579,荣泰健康,未知,,未归类
603583,捷昌驱动,未知,,未归类
603585,苏利股份,未知,,未归类
603586,金麒麟,未知,,未归类
603587,地素时尚,未知,,未归类
603588,高能环境,未知,,未归类
603589,口子窖,未知,,未归类
603590,康辰药业,未知,,未归类
603596,DR伯特利,未知,,未归类
603598,引力传媒,未知,,传媒
603599,广信股份,未知,,未归类
603600,永艺股份,未知,,未归类
603601,再升科技,未知,,未归类
603602,纵横通信,未知,,通信
603605,珀莱雅,未知,,未归类
603606,东方电缆,未知,,未归类
603607,京华激光,未知,,未归类
603608,天创时尚,未知,,未归类
603609,禾丰股份,未知,,未归类
603610,麒盛科技,未知,,未归类
603611,诺力股份,未知,,未归类
603612,索通发展,未知,,未归类
603613,国联股份,未知,,未归类
603615,茶花股份,未知,,未归类
603616,韩建河山,未知,,未归类
603617,君禾股份,未知,,未归类
603618,杭电股份,未知,,未归类
603619,中曼石油,未知,,未归类
603626,科森科技,未知,,未归类
603628,清源股份,未知,,未归类
603629,利通电子,未知,,未归类
603630,拉芳家化,未知,,未归类
603633,徕木股份,未知,,未归类
603636,南威软件,未知,,软件
603637,镇海股份,未知,,未归类
603638,艾迪精密,未知,,未归类
603639,海利尔,未知,,未归类
603648,畅联股份,未知,,未归类
603650,彤程新材,未知,,未归类
603655,朗博科技,未知,,未归类
603656,泰禾智能,未知,,未归类
603657,春光科技,未知,,未归类
603658,安图生物,未知,,未归类
603659,璞泰来,未知,,未归类
603660,苏州科达,未知,,未归类
603661,恒林股份,未知,,未归类
603662,柯力传感,未知,,未归类
603663,三祥新材,未知,,未归类
603665,康隆达,未知,,未归类
603666,亿嘉和,未知,,未归类
603667,五洲新春,未知,,未归类
603668,天马科技,未知,,未归类
603669,灵康药业,未知,,未归类
603676,卫信康,未知,,未归类
603677,奇精机械,未知,,未归类
603678,火炬电子,未知,,未归类
603679,华体科技,未知,,未归类
603680,今创集团,未知,,未归类
603681,永冠新材,未知,,未归类
603682,锦和商管,未知,,未归类
603683,晶华新材,未知,,未归类
603685,晨丰科技,未知,,未归类
603686,福龙马,未知,,未归类
603687,大胜达,未知,,未归类
603688,石英股份,未知,,未归类
603689,皖天然气,未知,,未归类
603690,至纯科技,未知,,未归类
603693,江苏新能,未知,,未归类
603696,安记食品,未知,,未归类
603697,有友食品,未知,,未归类
603698,航天工程,未知,,军工
603699,纽威股份,未知,,未归类
603700,宁水集团,未知,,未归类
603701,德宏股份,未知,,未归类
603703,盛洋科技,未知,,未归类
603706,东方环宇,未知,,未归类
603707,健友股份,未知,,未归类
603708,家家悦,未知,,未归类
603709,中源家居,未知,,未归类
603711,香飘飘,未知,,未归类
603712,七一二,未知,,未归类
603713,密尔克卫,未知,,未归类
603716,塞力医疗,未知,,医药
603717,天域生物,未知,,未归类
603719,良品铺子,未知,,未归类
603722,阿科力,未知,,未归类
603725,天安新材,未知,,未归类
603726,朗迪集团,未知,,未归类
603727,博迈科,未知,,未归类
603728,鸣志电器,未知,,未归类
603730,岱美股份,未知,,未归类
603733,仙鹤股份,未知,,未归类
603737,三棵树,未知,,未归类
603738,泰晶科技,未知,,未归类
603739,蔚蓝生物,未知,,未归类
603755,日辰股份,未知,,未归类
603757,大元泵业,未知,,未归类
603758,秦安股份,未知,,未归类
603759,海天股份,未知,,未归类
603766,隆鑫通用,未知,,未归类
603767,中马传动,未知,,未归类
603768,常青股份,未知,,未归类
603773,沃格光电,未知,,未归类
603776,永安行,未知,,未归类
603777,来伊份,未知,,未归类
603778,国晟科技,未知,,未归类
603779,威龙股份,未知,,未归类
603786,科博达,未知,,未归类
603787,新日股份,未知,,未归类
603788,宁波高发,未知,,未归类
603790,雅运股份,未知,,未归类
603797,联泰环保,未知,,未归类
603798,康普顿,未知,,未归类
603799,华友钴业,未知,,有色金属
603800,洪田股份,未知,,未归类
603801,志邦家居,未知,,未归类
603803,瑞斯康达,未知,,未归类
603806,福斯特,未知,,未归类
603808,歌力思,未知,,未归类
603809,豪能股份,未知,,未归类
603810,丰山集团,未知,,未归类
603811,诚意药业,未知,,未归类
603815,交建股份,未知,,未归类
603816,顾家家居,未知,,未归类
603817,海峡环保,未知,,未归类
603818,曲美家居,未知,,未归类
603819,神力股份,未知,,未归类
603823,百合花,未知,,未归类
603826,坤彩科技,未知,,未归类
603829,洛凯股份,未知,,未归类
603833,欧派家居,未知,,未归类
603836,海程邦达,未知,,未归类
603839,安正时尚,未知,,未归类
603848,好太太,未知,,未归类
603855,华荣股份,未知,,未归类
603856,东宏股份,未知,,未归类
603858,步长制药,未知,,未归类
603859,能科科技,未知,,未归类
603860,中公高科,未知,,未归类
603861,白云电器,未知,,未归类
603863,松炀资源,未知,,未归类
603866,桃李面包,未知,,未归类
603867,新化股份,未知,,未归类
603868,飞科电器,未知,,未归类
603871,嘉友国际,未知,,未归类
603876,鼎胜新材,未知,,未归类
603877,太平鸟,未知,,未归类
603878,武进不锈,未知,,未归类
603879,永悦科技,未知,,未归类
603880,南卫股份,未知,,未归类
603881,数据港,未知,,未归类
603882,金域医学,未知,,未归类
603883,老百姓,未知,,未归类
603885,吉祥航空,未知,,军工
603886,元祖股份,未知,,未归类
603887,城地香江,未知,,未归类
603888,新华网,未知,,未归类
603889,新澳股份,未知,,未归类
603890,春秋电子,未知,,未归类
603893,瑞芯微,未知,,未归类
603895,天永智能,未知,,未归类
603896,寿仙谷,未知,,未归类
603897,长城科技,未知,,未归类
603898,好莱客,未知,,未归类
603899,晨光股份,未知,,未归类
603900,莱绅通灵,未知,,未归类
603901,永创智能,未知,,未归类
603903,中持股份,未知,,未归类
603906,龙蟠科技,未知,,未归类
603908,牧高笛,未知,,未归类
603909,建发合诚,未知,,未归类
603912,佳力图,未知,,未归类
603915,国茂股份,未知,,未归类
603916,苏博特,未知,,未归类
603917,合力科技,未知,,未归类
603918,金桥信息,未知,,未归类
603919,金徽酒,未知,,未归类
603920,世运电路,未知,,未归类
603926,铁流股份,未知,,未归类
603927,中科软,未知,,未归类
603928,兴业股份,未知,,未归类
603929,亚翔集成,未知,,未归类
603931,格林达,未知,,未归类
603933,睿能科技,未知,,未归类
603936,博敏电子,未知,,未归类
603937,丽岛新材,未知,,未归类
603938,三孚股份,未知,,未归类
603939,益丰药房,未知,,未归类
603948,建业股份,未知,,未归类
603949,雪龙集团,未知,,未归类
603950,长源东谷,未知,,未归类
603955,大千生态,未知,,未归类
603956,威派格,未知,,未归类
603958,哈森股份,未知,,未归类
603960,克来机电,未知,,未归类
603966,法兰泰克,未知,,未归类
603967,中创物流,未知,,未归类
603968,醋化股份,未知,,未归类
603969,银龙股份,未知,,未归类
603970,中农立华,未知,,未归类
603976,正川股份,未知,,未归类
603977,国泰集团,未知,,未归类
603978,深圳新星,未知,,未归类
603979,金诚信,未知,,未归类
603980,吉华集团,未知,,未归类
603982,泉峰汽车,未知,,汽车
603983,丸美生物,未知,,未归类
603985,恒润股份,未知,,未归类
603986,兆易创新,未知,,未归类
603987,康德莱,未知,,未归类
603988,中电电机,未知,,机器人
603989,艾华集团,未知,,未归类
603990,麦迪科技,未知,,未归类
603991,至正股份,未知,,未归类
603992,松霖科技,未知,,未归类
603993,洛阳钼业,未知,,有色金属
603995,甬金股份,未知,,未归类
603997,继峰股份,未知,,未归类
603998,方盛制药,未知,,未归类
603999,读者传媒,未知,,传媒
605001,威奥股份,未知,,未归类
605003,众望布艺,未知,,未归类
605005,合兴股份,未知,,未归类
605006,山东玻纤,未知,,未归类
605007,五洲特纸,未知,,未归类
605008,长鸿高科,未知,,未归类
605009,豪悦护理,未知,,未归类
605011,杭州热电,未知,,未归类
605016,百龙创园,未知,,未归类
605018,长华集团,未知,,未归类
605020,永和股份,未知,,未归类
605028,世茂能源,未知,,未归类
605033,美邦股份,未知,,未归类
605050,福然德,未知,,未归类
605055,迎丰股份,未知,,未归类
605056,咸亨国际,未知,,未归类
605058,澳弘电子,未知,,未归类
605060,联德股份,未知,,未归类
605066,天正电气,未知,,未归类
605068,明新旭腾,未知,,未归类
605069,正和生态,未知,,未归类
605077,华康股份,未知,,未归类
605080,浙江自然,未知,,未归类
605086,龙高股份,未知,,未归类
605088,冠盛股份,未知,,未归类
605089,味知香,未知,,未归类
605090,九丰能源,未知,,未归类
605098,行动教育,未知,,未归类
605099,共创草坪,未知,,未归类
605100,华丰股份,未知,,未归类
605108,同庆楼,未知,,未归类
605111,新洁能,未知,,未归类
605116,奥锐特,未知,,未归类
605117,德业股份,未知,,未归类
605118,力鼎光电,未知,,未归类
605122,四方新材,未知,,未归类
605123,派克新材,未知,,未归类
605128,上海沿浦,未知,,未归类
605133,嵘泰股份,未知,,未归类
605136,丽人丽妆,未知,,未归类
605138,盛泰集团,未知,,未归类
605151,西上海,未知,,未归类
605155,西大门,未知,,未归类
605158,华达新材,未知,,未归类
605162,新中港,未知,,未归类
605166,聚合顺,未知,,未归类
605167,利柏特,未知,,未归类
605168,三人行,未知,,未归类
605169,洪通燃气,未知,,未归类
605177,东亚药业,未知,,未归类
605178,时空科技,未知,,未归类
605179,一鸣食品,未知,,未归类
605180,华生科技,未知,,未归类
605183,确成股份,未知,,未归类
605186,健麾信息,未知,,未归类
605188,国光连锁,未知,,未归类
605189,富春染织,未知,,未归类
605196,华通线缆,未知,,未归类
605198,安德利,未知,,未归类
605208,永茂泰,未知,,未归类
605218,伟时电子,未知,,未归类
605222,起帆电缆,未知,,未归类
605228,神通科技,未知,,未归类
605255,天普股份,未知,,未归类
605258,协和电子,未知,,未归类
605259,绿田机械,未知,,未归类
605266,健之佳,未知,,未归类
605268,王力安防,未知,,未归类
605277,新亚电子,未知,,未归类
605286,同力天启,未知,,未归类
605287,德才股份,未知,,未归类
605288,凯迪股份,未知,,未归类
605289,罗曼股份,未知,,未归类
605296,神农集团,未知,,未归类
605298,必得科技,未知,,未归类
605299,舒华体育,未知,,未归类
605300,佳禾食品,未知,,未归类
605303,园林股份,未知,,未归类
605305,中际联合,未知,,未归类
605318,法狮龙,未知,,未归类
605319,无锡振华,未知,,有色金属
605333,沪光股份,未知,,未归类
605337,李子园,未知,,未归类
605338,巴比食品,未知,,未归类
605339,南侨食品,未知,,未归类
605358,立昂微,未知,,未归类
605365,立达信,未知,,未归类
605366,宏柏新材,未知,,未归类
605368,蓝天燃气,未知,,未归类
605369,拱东医疗,未知,,医药
605376,博迁新材,未知,,未归类
605377,华旺科技,未知,,未归类
605378,野马电池,未知,,锂电池
605388,均瑶健康,未知,,未归类
605389,长龄液压,未知,,未归类
605398,新炬网络,未知,,未归类
605399,晨光新材,未知,,未归类
605488,福莱新材,未知,,未归类
605499,东鹏饮料,未知,,未归类
605500,森林包装,未知,,未归类
605507,国邦医药,未知,,医药
605555,德昌股份,未知,,未归类
605566,福莱蒽特,未知,,未归类
605567,春雪食品,未知,,未归类
605577,龙版传媒,未知,,传媒
605580,恒盛能源,未知,,未归类
605588,冠石科技,未知,,未归类
605589,圣泉集团,未知,,未归类
605598,上海港湾,未知,,未归类
605599,菜百股份,未知,,未归类
688001,华兴源创,未知,,未归类
688002,睿创微纳,未知,,未归类
688003,天准科技,未知,,未归类
688004,博汇科技,未知,,未归类
688005,容百科技,未知,,未归类
688006,杭可科技,未知,,未归类
688007,光峰科技,未知,,未归类
688008,澜起科技,未知,,未归类
688009,中国通号,未知,,未归类
688010,福光股份,未知,,未归类
688011,新光光电,未知,,未归类
688012,中微公司,未知,,未归类
688013,天臣医疗,未知,,医药
688015,交控科技,未知,,未归类
688016,心脉医疗,未知,,医药
688017,绿的谐波,未知,,未归类
688018,乐鑫科技,未知,,未归类
688019,安集科技,未知,,未归类
688020,方邦股份,未知,,未归类
688021,奥福科技,未知,,未归类
688023,安恒信息,未知,,未归类
688025,杰普特,未知,,未归类
688026,洁特生物,未知,,未归类
688027,国盾量子,未知,,未归类
688028,沃尔德,未知,,未归类
688029,南微医学,未知,,未归类
688030,山石网科,未知,,未归类
688031,星环科技,未知,,未归类
688032,禾迈股份,未知,,未归类
688035,德邦科技,未知,,未归类
688036,传音控股,未知,,未归类
688037,芯源微,未知,,未归类
688038,中科通达,未知,,未归类
688039,当虹科技,未知,,未归类
688041,海光信息,未知,,未归类
688045,必易微,未知,,未归类
688046,药康生物,未知,,未归类
688047,龙芯中科,未知,,未归类
688048,长光华芯,未知,,未归类
688049,炬芯科技,未知,,未归类
688050,爱博医疗,未知,,医药
688051,佳华科技,未知,,未归类
688052,纳芯微,未知,,未归类
688055,龙腾光电,未知,,未归类
688056,莱伯泰科,未知,,未归类
688057,金达莱,未知,,未归类
688058,宝兰德,未知,,未归类
688059,华锐精密,未知,,未归类
688060,云涌科技,未知,,未归类
688061,灿瑞科技,未知,,未归类
688062,迈威生物,未知,,未归类
688063,派能科技,未知,,未归类
688065,凯赛生物,未知,,未归类
688067,爱威科技,未知,,未归类
688068,热景生物,未知,,未归类
688069,德林海,未知,,未归类
688070,纵横股份,未知,,未归类
688071,华依科技,未知,,未归类
688072,拓荆科技,未知,,未归类
688073,毕得医药,未知,,医药
688075,安旭生物,未知,,未归类
688077,大地熊,未知,,未归类
688078,龙软科技,未知,,未归类
688079,美迪凯,未知,,未归类
688080,映翰通,未知,,未归类
688081,兴图新科,未知,,未归类
688082,盛美上海,未知,,未归类
688083,中望软件,未知,,软件
688084,晶品特装,未知,,未归类
688085,三友医疗,未知,,医药
688087,英科再生,未知,,未归类
688088,虹软科技,未知,,未归类
688089,嘉必优,未知,,未归类
688090,瑞松科技,未知,,未归类
688091,上海谊众,未知,,未归类
688092,爱科科技,未知,,未归类
688093,世华科技,未知,,未归类
688095,福昕软件,未知,,软件
688096,京源环保,未知,,未归类
688097,博众精工,未知,,未归类
688098,申联生物,未知,,未归类
688099,晶晨股份,未知,,未归类
688100,威胜信息,未知,,未归类
688101,三达膜,未知,,未归类
688102,斯瑞新材,未知,,未归类
688103,国力电子,未知,,未归类
688105,诺唯赞,未知,,未归类
688106,金宏气体,未知,,未归类
688107,安路科技,未知,,未归类
688108,赛诺医疗,未知,,医药
688109,品茗科技,未知,,未归类
688110,东芯股份,未知,,未归类
688111,金山办公,未知,,未归类
688112,鼎阳科技,未知,,未归类
688113,联测科技,未知,,未归类
688114,华大智造,未知,,未归类
688115,思林杰,未知,,未归类
688116,天奈科技,未知,,未归类
688117,圣诺生物,未知,,未归类
688118,普元信息,未知,,未归类
688119,中钢洛耐,未知,,未归类
688120,华海清科,未知,,未归类
688121,卓然股份,未知,,未归类
688122,西部超导,未知,,未归类
688123,聚辰股份,未知,,未归类
688125,安达智能,未知,,未归类
688126,沪硅产业,未知,,未归类
688127,蓝特光学,未知,,未归类
688128,中国电研,未知,,未归类
688129,东来技术,未知,,未归类
688130,晶华微,未知,,未归类
688131,皓元医药,未知,,医药
688132,邦彦技术,未知,,未归类
688133,泰坦科技,未知,,未归类
688135,利扬芯片,未知,,半导体
688136,科兴制药,未知,,未归类
688137,近岸蛋白,未知,,未归类
688138,清溢光电,未知,,未归类
688139,海尔生物,未知,,未归类
688141,杰华特,未知,,未归类
688143,长盈通,未知,,未归类
688146,中船特气,未知,,未归类
688147,微导纳米,未知,,未归类
688148,芳源股份,未知,,未归类
688150,莱特光电,未知,,未归类
688151,华强科技,未知,,未归类
688152,麒麟信安,未知,,未归类
688153,唯捷创芯,未知,,未归类
688155,先惠技术,未知,,未归类
688156,路德科技,未知,,未归类
688157,松井股份,未知,,未归类
688158,优刻得,未知,,未归类
688159,有方科技,未知,,未归类
688160,步科股份,未知,,未归类
688161,威高骨科,未知,,未归类
688162,巨一科技,未知,,未归类
688163,赛伦生物,未知,,未归类
688165,埃夫特,未知,,未归类
688166,博瑞医药,未知,,医药
688167,炬光科技,未知,,未归类
688168,安博通,未知,,未归类
688169,石头科技,未知,,未归类
688170,德龙激光,未知,,未归类
688171,纬德信息,未知,,未归类
688172,燕东微,未知,,未归类
688173,希荻微,未知,,未归类
688175,高凌信息,未知,,未归类
688176,亚虹医药,未知,,医药
688177,百奥泰,未知,,未归类
688178,万德斯,未知,,未归类
688179,阿拉丁,未知,,未归类
688180,君实生物,未知,,未归类
688181,八亿时空,未知,,未归类
688182,灿勤科技,未知,,未归类
688183,生益电子,未知,,未归类
688185,康希诺,未知,,未归类
688186,广大特材,未知,,未归类
688187,时代电气,未知,,未归类
688188,柏楚电子,未知,,未归类
688189,南新制药,未知,,未归类
688190,云路股份,未知,,未归类
688191,智洋创新,未知,,未归类
688192,迪哲医药,未知,,医药
688193,仁度生物,未知,,未归类
688195,腾景科技,未知,,未归类
688196,卓越新能,未知,,未归类
688197,首药控股,未知,,未归类
688198,佰仁医疗,未知,,医药
688199,久日新材,未知,,未归类
688200,华峰测控,未知,,未归类
688202,美迪西,未知,,未归类
688203,海正生材,未知,,未归类
688205,德科立,未知,,未归类
688206,概伦电子,未知,,未归类
688207,格灵深瞳,未知,,未归类
688208,道通科技,未知,,未归类
688209,英集芯,未知,,未归类
688210,统联精密,未知,,未归类
688211,中科微至,未知,,未归类
688212,澳华内镜,未知,,未归类
688213,思特威,未知,,未归类
688215,瑞晟智能,未知,,未归类
688216,气派科技,未知,,未归类
688217,睿昂基因,未知,,未归类
688218,江苏北人,未知,,未归类
688219,会通股份,未知,,未归类
688220,翱捷科技,未知,,未归类
688221,前沿生物,未知,,未归类
688222,成都先导,未知,,未归类
688223,晶科能源,未知,,未归类
688225,亚信安全,未知,,未归类
688226,威腾电气,未知,,未归类
688227,品高股份,未知,,未归类
688228,开普云,未知,,未归类
688229,博睿数据,未知,,未归类
688230,芯导科技,未知,,未归类
688231,隆达股份,未知,,未归类
688232,新点软件,未知,,软件
688233,神工股份,未知,,未归类
688234,天岳先进,未知,,未归类
688235,百济神州,未知,,未归类
688236,春立医疗,未知,,医药
688237,超卓航科,未知,,未归类
688238,和元生物,未知,,未归类
688239,航宇科技,未知,,未归类
688244,永信至诚,未知,,未归类
688246,嘉和美康,未知,,未归类
688247,宣泰医药,未知,,医药
688248,南网科技,未知,,未归类
688249,晶合集成,未知,,未归类
688251,井松智能,未知,,未归类
688252,天德钰,未知,,未归类
688253,英诺特,未知,,未归类
688255,凯尔达,未知,,未归类
688256,寒武纪,未知,,未归类
688257,新锐股份,未知,,未归类
688258,卓易信息,未知,,未归类
688259,创耀科技,未知,,未归类
688260,昀冢科技,未知,,未归类
688261,东微半导,未知,,未归类
688262,国芯科技,未知,,未归类
688265,南模生物,未知,,未归类
688266,泽璟制药,未知,,未归类
688267,中触媒,未知,,未归类
688268,华特气体,未知,,未归类
688269,凯立新材,未知,,未归类
688271,联影医疗,未知,,医药
688272,富吉瑞,未知,,未归类
688273,麦澜德,未知,,未归类
688275,万润新能,未知,,未归类
688276,百克生物,未知,,未归类
688277,天智航,未知,,未归类
688278,特宝生物,未知,,未归类
688279,峰岹科技,未知,,未归类
688280,精进电动,未知,,未归类
688281,华秦科技,未知,,未归类
688282,理工导航,未知,,未归类
688283,坤恒顺维,未知,,未归类
688285,高铁电气,未知,,未归类
688286,敏芯股份,未知,,未归类
688288,鸿泉技术,未知,,未归类
688289,圣湘生物,未知,,未归类
688290,景业智能,未知,,未归类
688291,金橙子,未知,,未归类
688292,浩瀚深度,未知,,未归类
688293,奥浦迈,未知,,未归类
688295,中复神鹰,未知,,未归类
688296,和达科技,未知,,未归类
688297,中无人机,未知,,低空经济
688298,东方生物,未知,,未归类
688299,长阳科技,未知,,未归类
688300,联瑞新材,未知,,未归类
688301,奕瑞科技,未知,,未归类
688302,海创药业,未知,,未归类
688303,大全能源,未知,,未归类
688305,科德数控,未知,,未归类
688306,均普智能,未知,,未归类
688307,中润光学,未知,,未归类
688308,欧科亿,未知,,未归类
688309,恒誉环保,未知,,未归类
688310,迈得医疗,未知,,医药
688311,盟升电子,未知,,未归类
688312,燕麦科技,未知,,未归类
688313,仕佳光子,未知,,未归类
688314,康拓医疗,未知,,医药
688315,诺禾致源,未知,,未归类
688316,青云科技,未知,,未归类
688317,之江生物,未知,,未归类
688318,财富趋势,未知,,未归类
688319,欧林生物,未知,,未归类
688320,禾川科技,未知,,未归类
688321,微芯生物,未知,,未归类
688322,奥比中光,未知,,未归类
688323,瑞华泰,未知,,未归类
688325,赛微微电,未知,,未归类
688326,经纬恒润,未知,,未归类
688327,云从科技,未知,,未归类
688328,深科达,未知,,未归类
688329,艾隆科技,未知,,未归类
688330,宏力达,未知,,未归类
688331,荣昌生物,未知,,未归类
688332,中科蓝讯,未知,,未归类
688333,铂力特,未知,,未归类
688334,西高院,未知,,未归类
688335,复洁科技,未知,,未归类
688336,三生国健,未知,,未归类
688337,普源精电,未知,,未归类
688338,赛科希德,未知,,未归类
688339,亿华通,未知,,未归类
688343,云天励飞,未知,,未归类
688345,XD博力威,未知,,未归类
688347,华虹公司,未知,,未归类
688348,昱能科技,未知,,未归类
688349,三一重能,未知,,未归类
688350,富淼科技,未知,,未归类
688351,微电生理,未知,,未归类
688352,颀中科技,未知,,未归类
688353,华盛锂电,未知,,锂电池
688355,明志科技,未知,,未归类
688356,键凯科技,未知,,未归类
688357,建龙微纳,未知,,未归类
688358,祥生医疗,未知,,医药
688359,三孚新科,未知,,未归类
688360,德马科技,未知,,未归类
688361,中科飞测,未知,,未归类
688362,甬矽电子,未知,,未归类
688363,华熙生物,未知,,未归类
688365,光云科技,未知,,未归类
688366,昊海生科,未知,,未归类
688367,工大高科,未知,,未归类
688368,晶丰明源,未知,,未归类
688369,致远互联,未知,,未归类
688370,丛麟科技,未知,,未归类
688371,菲沃泰,未知,,未归类
688372,伟测科技,未知,,未归类
688373,盟科药业,未知,,未归类
688375,国博电子,未知,,未归类
688376,美埃科技,未知,,未归类
688377,迪威尔,未知,,未归类
688378,奥来德,未知,,未归类
688379,华光新材,未知,,未归类
688380,中微半导,未知,,未归类
688381,帝奥微,未知,,未归类
688382,益方生物,未知,,未归类
688383,新益昌,未知,,未归类
688385,复旦微电,未知,,未归类
688386,泛亚微透,未知,,未归类
688387,信科移动,未知,,未归类
688388,嘉元科技,未知,,未归类
688389,普门科技,未知,,未归类
688390,固德威,未知,,未归类
688391,钜泉科技,未知,,未归类
688392,骄成超声,未知,,未归类
688393,安必平,未知,,未归类
688395,正弦电气,未知,,未归类
688396,华润微,未知,,未归类
688398,赛特新材,未知,,未归类
688399,硕世生物,未知,,未归类
688400,凌云光,未知,,未归类
688401,路维光电,未知,,未归类
688403,汇成股份,未知,,未归类
688408,中信博,未知,,未归类
688409,富创精密,未知,,未归类
688410,山外山,未知,,未归类
688411,海博思创,未知,,未归类
688416,恒烁股份,未知,,未归类
688418,震有科技,未知,,未归类
688419,耐科装备,未知,,未归类
688420,美腾科技,未知,,未归类
688425,铁建重工,未知,,未归类
688426,康为世纪,未知,,未归类
688428,诺诚健华,未知,,未归类
688429,时创能源,未知,,未归类
688432,有研硅,未知,,未归类
688433,华曙高科,未知,,未归类
688435,英方软件,未知,,软件
688439,振华风光,未知,,未归类
688443,智翔金泰,未知,,未归类
688448,磁谷科技,未知,,未归类
688449,联芸科技,未知,,未归类
688450,光格科技,未知,,未归类
688455,科捷智能,未知,,未归类
688456,有研粉材,未知,,未归类
688458,美芯晟,未知,,未归类
688459,哈铁科技,未知,,未归类
688466,金科环境,未知,,未归类
688468,科美诊断,未知,,未归类
688469,芯联集成,未知,,未归类
688472,阿特斯,未知,,未归类
688475,萤石网络,未知,,未归类
688478,晶升股份,未知,,未归类
688479,友车科技,未知,,未归类
688480,赛恩斯,未知,,未归类
688484,南芯科技,未知,,未归类
688485,九州一轨,未知,,未归类
688486,龙迅股份,未知,,未归类
688488,艾迪药业,未知,,未归类
688489,三未信安,未知,,未归类
688498,源杰科技,未知,,未归类
688499,利元亨,未知,,未归类
688500,慧辰股份,未知,,未归类
688501,青达环保,未知,,未归类
688502,茂莱光学,未知,,未归类
688503,聚和材料,未知,,未归类
688505,复旦张江,未知,,未归类
688506,百利天恒,未知,,未归类
688507,索辰科技,未知,,未归类
688508,芯朋微,未知,,未归类
688509,正元地信,未知,,未归类
688510,航亚科技,未知,,未归类
688511,天微电子,未知,,未归类
688512,慧智微,未知,,未归类
688513,苑东生物,未知,,未归类
688515,裕太微,未知,,未归类
688516,奥特维,未知,,未归类
688517,金冠电气,未知,,未归类
688518,联赢激光,未知,,未归类
688519,XD南亚新,未知,,未归类
688520,神州细胞,未知,,未归类
688521,芯原股份,未知,,未归类
688522,纳睿雷达,未知,,军工
688523,航天环宇,未知,,军工
688525,佰维存储,未知,,未归类
688526,科前生物,未知,,未归类
688528,秦川物联,未知,,未归类
688529,豪森智能,未知,,未归类
688530,欧莱新材,未知,,未归类
688531,日联科技,未知,,未归类
688533,上声电子,未知,,未归类
688535,华海诚科,未知,,未归类
688536,思瑞浦,未知,,未归类
688538,和辉光电,未知,,未归类
688539,高华科技,未知,,未归类
688543,国科军工,未知,,军工
688545,兴福电子,未知,,未归类
688548,广钢气体,未知,,未归类
688549,中巨芯,未知,,未归类
688550,瑞联新材,未知,,未归类
688551,科威尔,未知,,未归类
688552,航天南湖,未知,,军工
688553,汇宇制药,未知,,未归类
688556,高测股份,未知,,未归类
688557,兰剑智能,未知,,未归类
688558,国盛智科,未知,,未归类
688559,海目星,未知,,未归类
688560,明冠新材,未知,,未归类
688561,奇安信,未知,,未归类
688562,航天软件,未知,,军工；软件
688563,航材股份,未知,,未归类
688565,力源科技,未知,,未归类
688566,吉贝尔,未知,,未归类
688567,孚能科技,未知,,未归类
688568,中科星图,未知,,未归类
688569,铁科轨道,未知,,未归类
688570,天玛智控,未知,,未归类
688571,杭华股份,未知,,未归类
688573,信宇人,未知,,未归类
688575,亚辉龙,未知,,未归类
688576,西山科技,未知,,未归类
688577,浙海德曼,未知,,未归类
688578,艾力斯,未知,,未归类
688579,地纬智能,未知,,未归类
688580,伟思医疗,未知,,医药
688581,安杰思,未知,,未归类
688582,芯动联科,未知,,未归类
688583,思看科技,未知,,未归类
688584,上海合晶,未知,,未归类
688585,上纬新材,未知,,未归类
688586,XD江航装,未知,,未归类
688588,凌志软件,未知,,软件
688589,力合微,未知,,未归类
688590,新致软件,未知,,软件
688591,泰凌微,未知,,未归类
688592,司南导航,未知,,未归类
688593,新相微,未知,,未归类
688595,芯海科技,未知,,未归类
688596,正帆科技,未知,,未归类
688597,煜邦电力,未知,,电力
688598,金博股份,未知,,未归类
688599,天合光能,未知,,未归类
688600,皖仪科技,未知,,未归类
688601,力芯微,未知,,未归类
688602,康鹏科技,未知,,未归类
688603,天承科技,未知,,未归类
688605,先锋精科,未知,,未归类
688606,奥泰生物,未知,,未归类
688607,康众医疗,未知,,医药
688608,恒玄科技,未知,,未归类
688609,九联科技,未知,,未归类
688610,埃科光电,未知,,未归类
688611,杭州柯林,未知,,未归类
688612,威迈斯,未知,,未归类
688613,奥精医疗,未知,,医药
688615,合合信息,未知,,未归类
688616,西力科技,未知,,未归类
688617,惠泰医疗,未知,,医药
688618,三旺通信,未知,,通信
688619,罗普特,未知,,未归类
688620,安凯微,未知,,未归类
688621,阳光诺和,未知,,未归类
688623,双元科技,未知,,未归类
688625,呈和科技,未知,,未归类
688626,翔宇医疗,未知,,医药
688627,精智达,未知,,未归类
688628,优利德,未知,,未归类
688629,华丰科技,未知,,未归类
688630,芯碁微装,未知,,未归类
688631,莱斯信息,未知,,未归类
688633,星球石墨,未知,,未归类
688636,智明达,未知,,未归类
688638,誉辰智能,未知,,未归类
688639,华恒生物,未知,,未归类
688648,中邮科技,未知,,未归类
688651,盛邦安全,未知,,未归类
688652,京仪装备,未知,,未归类
688653,康希通信,未知,,通信
688655,迅捷兴,未知,,未归类
688656,浩欧博,未知,,未归类
688657,浩辰软件,未知,,软件
688658,悦康药业,未知,,未归类
688659,元琛科技,未知,,未归类
688660,电气风电,未知,,新能源
688661,和林微纳,未知,,未归类
688662,富信科技,未知,,未归类
688663,新风光,未知,,未归类
688665,四方光电,未知,,未归类
688667,菱电电控,未知,,未归类
688668,鼎通科技,未知,,未归类
688669,聚石化学,未知,,化工
688670,金迪克,未知,,未归类
688671,碧兴物联,未知,,未归类
688676,金盘科技,未知,,未归类
688677,海泰新光,未知,,未归类
688678,福立旺,未知,,未归类
688679,通源环境,未知,,未归类
688680,海优新材,未知,,未归类
688681,科汇股份,未知,,未归类
688682,霍莱沃,未知,,未归类
688683,莱尔科技,未知,,未归类
688685,迈信林,未知,,未归类
688686,奥普特,未知,,未归类
688687,凯因科技,未知,,未归类
688689,银河微电,未知,,未归类
688690,纳微科技,未知,,未归类
688691,灿芯股份,未知,,未归类
688692,达梦数据,未知,,未归类
688693,锴威特,未知,,未归类
688695,中创股份,未知,,未归类
688696,极米科技,未知,,未归类
688697,纽威数控,未知,,未归类
688698,伟创电气,未知,,未归类
688699,明微电子,未知,,未归类
688700,东威科技,未知,,未归类
688701,卓锦股份,未知,,未归类
688702,盛科通信,未知,,通信
688707,振华新材,未知,,未归类
688708,佳驰科技,未知,,未归类
688709,成都华微,未知,,未归类
688710,益诺思,未知,,未归类
688711,宏微科技,未知,,未归类
688712,北芯生命,未知,,未归类
688716,中研股份,未知,,未归类
688717,艾罗能源,未知,,未归类
688718,唯赛勃,未知,,未归类
688719,爱科赛博,未知,,未归类
688720,艾森股份,未知,,未归类
688721,龙图光罩,未知,,未归类
688722,同益中,未知,,未归类
688726,拉普拉斯,未知,,未归类
688727,恒坤新材,未知,,未归类
688728,格科微,未知,,未归类
688729,屹唐股份,未知,,未归类
688733,壹石通,未知,,未归类
688737,中自科技,未知,,未归类
688739,成大生物,未知,,未归类
688750,金天钛业,未知,,未归类
688755,汉邦科技,未知,,未归类
688757,胜科纳米,未知,,未归类
688758,赛分科技,未知,,未归类
688759,必贝特,未知,,未归类
688765,禾元生物,未知,,未归类
688766,普冉股份,未知,,未归类
688767,博拓生物,未知,,未归类
688768,容知日新,未知,,未归类
688772,珠海冠宇,未知,,未归类
688775,影石创新,未知,,未归类
688776,国光电气,未知,,未归类
688777,中控技术,未知,,未归类
688778,厦钨新能,未知,,有色金属
688779,五矿新能,未知,,未归类
688781,视涯科技,未知,,未归类
688783,西安奕材,未知,,未归类
688785,恒运昌,未知,,未归类
688786,悦安新材,未知,,未归类
688787,海天瑞声,未知,,未归类
688788,科思科技,未知,,未归类
688789,宏华数科,未知,,未归类
688790,昂瑞微,未知,,未归类
688793,倍轻松,未知,,未归类
688795,摩尔线程,未知,,未归类
688796,百奥赛图,未知,,未归类
688798,艾为电子,未知,,未归类
688799,华纳药厂,未知,,未归类
688800,瑞可达,未知,,未归类
688802,沐曦股份,未知,,未归类
688805,健信超导,未知,,未归类
688807,优迅股份,未知,,未归类
688808,联讯仪器,未知,,未归类
688809,强一股份,未知,,未归类
688811,有研复材,未知,,未归类
688813,泰金新能,未知,,未归类
688816,易思维,未知,,未归类
688818,电科蓝天,未知,,未归类
688819,天能股份,未知,,未归类
688820,盛合晶微,未知,,未归类
688981,中芯国际,未知,,未归类
000001,平安银行,未知,,未归类
000002,万 科Ａ,未知,,未归类
000006,深振业Ａ,未知,,未归类
000007,全新好,未知,,未归类
000008,神州高铁,未知,,未归类
000009,中国宝安,未知,,未归类
000011,深物业A,未知,,未归类
000012,南 玻Ａ,未知,,未归类
000014,沙河股份,未知,,未归类
000017,深中华A,未知,,未归类
000019,深粮控股,未知,,未归类
000020,深华发Ａ,未知,,未归类
000021,深科技,未知,,未归类
000025,特 力Ａ,未知,,未归类
000026,飞亚达,未知,,未归类
000027,深圳能源,未知,,未归类
000028,国药一致,未知,,未归类
000029,深深房Ａ,未知,,未归类
000030,富奥股份,未知,,未归类
000031,大悦城,未知,,未归类
000032,深桑达Ａ,未知,,未归类
000034,神州数码,未知,,未归类
000035,中国天楹,未知,,未归类
000036,华联控股,未知,,未归类
000037,深南电A,未知,,未归类
000039,中集集团,未知,,未归类
000042,中洲控股,未知,,未归类
000045,深纺织Ａ,未知,,未归类
000048,京基智农,未知,,未归类
000049,德赛电池,未知,,锂电池
000050,深天马Ａ,未知,,未归类
000055,方大集团,未知,,未归类
000058,深 赛 格,未知,,未归类
000059,华锦股份,未知,,未归类
000060,中金岭南,未知,,未归类
000061,农 产 品,未知,,未归类
000062,深圳华强,未知,,未归类
000063,中兴通讯,未知,,未归类
000065,北方国际,未知,,未归类
000066,中国长城,未知,,未归类
000068,华控赛格,未知,,未归类
000069,华侨城Ａ,未知,,未归类
000070,特发信息,未知,,未归类
000088,盐 田 港,未知,,未归类
000089,深圳机场,未知,,未归类
000090,天健集团,未知,,未归类
000096,广聚能源,未知,,未归类
000099,中信海直,未知,,未归类
000100,TCL科技,未知,,未归类
000151,中成股份,未知,,未归类
000153,丰原药业,未知,,未归类
000155,川能动力,未知,,未归类
000156,华数传媒,未知,,传媒
000157,中联重科,未知,,未归类
000158,常山北明,未知,,未归类
000159,国际实业,未知,,未归类
000166,申万宏源,未知,,未归类
000301,东方盛虹,未知,,未归类
000333,美的集团,未知,,未归类
000338,潍柴动力,未知,,未归类
000400,许继电气,未知,,未归类
000401,金隅冀东,未知,,未归类
000402,金 融 街,未知,,未归类
000403,派林生物,未知,,未归类
000404,长虹华意,未知,,未归类
000407,胜利股份,未知,,未归类
000408,藏格矿业,未知,,未归类
000409,云鼎科技,未知,,未归类
000410,沈阳机床,未知,,未归类
000411,英特集团,未知,,未归类
000415,渤海租赁,未知,,未归类
000417,合百集团,未知,,未归类
000419,通程控股,未知,,未归类
000420,吉林化纤,未知,,未归类
000421,南京公用,未知,,未归类
000422,湖北宜化,未知,,未归类
000423,东阿阿胶,未知,,未归类
000425,徐工机械,未知,,未归类
000426,兴业银锡,未知,,有色金属
000428,华天酒店,未知,,未归类
000429,粤高速Ａ,未知,,未归类
000498,山东路桥,未知,,未归类
000501,武商集团,未知,,未归类
000503,国新健康,未知,,未归类
000505,京粮控股,未知,,未归类
000506,招金黄金,未知,,黄金
000507,珠海港,未知,,未归类
000509,华塑控股,未知,,未归类
000510,新金路,未知,,未归类
000513,丽珠集团,未知,,未归类
000514,渝 开 发,未知,,未归类
000516,国际医学,未知,,未归类
000517,荣安地产,未知,,未归类
000519,中兵红箭,未知,,未归类
000520,凤凰航运,未知,,未归类
000521,长虹美菱,未知,,未归类
000523,红棉股份,未知,,未归类
000524,岭南控股,未知,,未归类
000525,红太阳,未知,,未归类
000526,学大教育,未知,,未归类
000528,柳 工,未知,,未归类
000529,广弘控股,未知,,未归类
000530,冰山冷热,未知,,未归类
000531,穗恒运Ａ,未知,,未归类
000532,华金资本,未知,,未归类
000533,顺钠股份,未知,,未归类
000534,万泽股份,未知,,未归类
000536,华映科技,未知,,未归类
000537,绿发电力,未知,,电力
000538,云南白药,未知,,未归类
000539,粤电力Ａ,未知,,电力
000541,佛山照明,未知,,未归类
000543,皖能电力,未知,,电力
000544,中原环保,未知,,未归类
000545,金浦钛业,未知,,未归类
000546,金圆股份,未知,,未归类
000547,航天发展,未知,,军工
000548,湖南投资,未知,,未归类
000550,江铃汽车,未知,,汽车
000551,创元科技,未知,,未归类
000552,甘肃能化,未知,,未归类
000553,安道麦A,未知,,未归类
000554,泰山石油,未知,,未归类
000555,神州信息,未知,,未归类
000557,西部创业,未知,,未归类
000558,天府文旅,未知,,未归类
000559,万向钱潮,未知,,未归类
000560,我爱我家,未知,,未归类
000561,烽火电子,未知,,电力
000563,陕国投Ａ,未知,,未归类
000564,供销大集,未知,,未归类
000565,渝三峡Ａ,未知,,未归类
000566,海南海药,未知,,未归类
000567,海德股份,未知,,未归类
000568,泸州老窖,未知,,未归类
000570,苏常柴Ａ,未知,,未归类
000571,新大洲A,未知,,未归类
000572,海马汽车,未知,,汽车
000573,粤宏远Ａ,未知,,未归类
000576,甘化科工,未知,,未归类
000581,威孚高科,未知,,未归类
000582,北部湾港,未知,,未归类
000586,汇源通信,未知,,通信
000589,贵州轮胎,未知,,未归类
000590,古汉医药,未知,,医药
000591,太阳能,未知,,新能源
000592,平潭发展,未知,,未归类
000593,德龙汇能,未知,,未归类
000596,古井贡酒,未知,,未归类
000597,东北制药,未知,,未归类
000598,兴蓉环境,未知,,未归类
000599,青岛双星,未知,,未归类
000600,建投能源,未知,,未归类
000601,韶能股份,未知,,未归类
000603,盛达资源,未知,,未归类
000605,渤海股份,未知,,未归类
000607,华媒控股,未知,,未归类
000612,焦作万方,未知,,未归类
000617,中油资本,未知,,未归类
000619,海螺新材,未知,,未归类
000620,盈新发展,未知,,未归类
000623,吉林敖东,未知,,未归类
000625,长安汽车,未知,,汽车
000626,远大控股,未知,,未归类
000628,高新发展,未知,,未归类
000629,钒钛股份,未知,,未归类
000630,铜陵有色,未知,,有色金属
000631,顺发恒能,未知,,未归类
000633,合金投资,未知,,未归类
000635,英 力 特,未知,,未归类
000636,风华高科,未知,,未归类
000637,茂化实华,未知,,未归类
000650,仁和药业,未知,,未归类
000651,格力电器,未知,,未归类
000652,泰达股份,未知,,未归类
000655,金岭矿业,未知,,未归类
000657,中钨高新,未知,,有色金属
000659,珠海中富,未知,,未归类
000661,长春高新,未知,,未归类
000663,永安林业,未知,,未归类
000665,湖北广电,未知,,未归类
000670,盈方微,未知,,未归类
000672,上峰水泥,未知,,未归类
000676,智度股份,未知,,未归类
000678,襄阳轴承,未知,,未归类
000679,大连友谊,未知,,未归类
000680,山推股份,未知,,未归类
000681,视觉中国,未知,,未归类
000682,东方电子,未知,,未归类
000683,博源化工,未知,,化工
000685,中山公用,未知,,未归类
000686,东北证券,未知,,未归类
000688,国城矿业,未知,,未归类
000690,宝新能源,未知,,新能源
000692,惠天热电,未知,,未归类
000695,滨海能源,未知,,未归类
000697,炼石航空,未知,,军工
000700,模塑科技,未知,,未归类
000701,厦门信达,未知,,未归类
000702,正虹科技,未知,,未归类
000703,恒逸石化,未知,,未归类
000705,浙江震元,未知,,未归类
000707,双环科技,未知,,未归类
000708,中信特钢,未知,,未归类
000709,河钢股份,未知,,未归类
000710,贝瑞基因,未知,,未归类
000712,锦龙股份,未知,,未归类
000713,国投丰乐,未知,,未归类
000715,中兴商业,未知,,未归类
000716,黑芝麻,未知,,未归类
000717,中南股份,未知,,未归类
000718,苏宁环球,未知,,未归类
000719,中原传媒,未知,,传媒
000720,新能泰山,未知,,未归类
000721,西安饮食,未知,,未归类
000722,湖南发展,未知,,未归类
000723,美锦能源,未知,,未归类
000725,京东方Ａ,未知,,未归类
000726,鲁 泰Ａ,未知,,未归类
000727,冠捷科技,未知,,未归类
000728,国元证券,未知,,未归类
000729,燕京啤酒,未知,,未归类
000731,四川美丰,未知,,未归类
000733,振华科技,未知,,未归类
000735,罗 牛 山,未知,,未归类
000737,北方铜业,未知,,有色金属
000738,航发控制,未知,,未归类
000739,普洛药业,未知,,未归类
000750,国海证券,未知,,未归类
000751,锌业股份,未知,,有色金属
000753,漳州发展,未知,,未归类
000755,山西高速,未知,,未归类
000756,新华制药,未知,,未归类
000757,浩物股份,未知,,未归类
000758,中色股份,未知,,未归类
000759,中百集团,未知,,未归类
000761,本钢板材,未知,,未归类
000762,西藏矿业,未知,,未归类
000766,通化金马,未知,,未归类
000767,晋控电力,未知,,电力
000768,中航西飞,未知,,未归类
000776,广发证券,未知,,未归类
000777,中核科技,未知,,未归类
000778,新兴铸管,未知,,未归类
000779,甘咨询,未知,,未归类
000782,恒申新材,未知,,未归类
000783,长江证券,未知,,未归类
000785,居然智家,未知,,未归类
000786,北新建材,未知,,未归类
000788,北大医药,未知,,医药
000789,万年青,未知,,未归类
000790,华神科技,未知,,未归类
000791,甘肃能源,未知,,未归类
000792,盐湖股份,未知,,未归类
000795,英洛华,未知,,未归类
000796,凯撒旅业,未知,,未归类
000797,中国武夷,未知,,未归类
000798,中水渔业,未知,,未归类
000799,酒鬼酒,未知,,未归类
000800,一汽解放,未知,,未归类
000801,四川九洲,未知,,未归类
000802,北京文化,未知,,未归类
000803,山高环能,未知,,未归类
000807,云铝股份,未知,,有色金属
000809,和展能源,未知,,未归类
000810,创维数字,未知,,未归类
000811,冰轮环境,未知,,未归类
000812,陕西金叶,未知,,未归类
000813,德展健康,未知,,未归类
000815,美利云,未知,,未归类
000816,智慧农业,未知,,未归类
000818,航锦科技,未知,,未归类
000819,岳阳兴长,未知,,未归类
000822,山东海化,未知,,未归类
000823,超声电子,未知,,未归类
000825,太钢不锈,未知,,未归类
000828,东莞控股,未知,,未归类
000829,天音控股,未知,,未归类
000830,鲁西化工,未知,,化工
000831,中国稀土,未知,,有色金属
000833,粤桂股份,未知,,未归类
000837,秦川机床,未知,,未归类
000839,国安股份,未知,,未归类
000848,承德露露,未知,,未归类
000850,华茂股份,未知,,未归类
000852,石化机械,未知,,未归类
000856,冀东装备,未知,,未归类
000858,五 粮 液,未知,,未归类
000859,国风新材,未知,,未归类
000860,顺鑫农业,未知,,未归类
000862,银星能源,未知,,未归类
000863,三湘印象,未知,,未归类
000868,安凯客车,未知,,未归类
000869,张 裕Ａ,未知,,未归类
000875,电投绿能,未知,,未归类
000876,新 希 望,未知,,未归类
000877,天山股份,未知,,未归类
000878,云南铜业,未知,,有色金属
000880,潍柴重机,未知,,未归类
000881,中广核技,未知,,未归类
000882,华联股份,未知,,未归类
000883,湖北能源,未知,,未归类
000885,城发环境,未知,,未归类
000886,海南高速,未知,,未归类
000887,中鼎股份,未知,,未归类
000888,峨眉山Ａ,未知,,未归类
000889,中嘉博创,未知,,未归类
000890,法尔胜,未知,,未归类
000892,欢瑞世纪,未知,,未归类
000893,亚钾国际,未知,,未归类
000895,双汇发展,未知,,未归类
000897,津滨发展,未知,,未归类
000898,鞍钢股份,未知,,未归类
000899,赣能股份,未知,,未归类
000900,现代投资,未知,,未归类
000901,航天科技,未知,,军工
000902,新洋丰,未知,,未归类
000905,厦门港务,未知,,未归类
000906,浙商中拓,未知,,未归类
000910,大亚圣象,未知,,未归类
000912,泸天化,未知,,未归类
000913,钱江摩托,未知,,未归类
000915,华特达因,未知,,未归类
000917,电广传媒,未知,,传媒
000919,金陵药业,未知,,未归类
000920,沃顿科技,未知,,未归类
000921,海信家电,未知,,未归类
000922,佳电股份,未知,,未归类
000923,河钢资源,未知,,未归类
000925,众合科技,未知,,未归类
000926,福星股份,未知,,未归类
000927,中国铁物,未知,,未归类
000928,中钢国际,未知,,未归类
000930,中粮科技,未知,,未归类
000931,中 关 村,未知,,未归类
000932,华菱钢铁,未知,,未归类
000933,神火股份,未知,,未归类
000935,四川双马,未知,,未归类
000936,华西股份,未知,,未归类
000937,冀中能源,未知,,未归类
000938,紫光股份,未知,,未归类
000948,南天信息,未知,,未归类
000949,新乡化纤,未知,,未归类
000950,重药控股,未知,,未归类
000951,中国重汽,未知,,未归类
000952,广济药业,未知,,未归类
000953,河化股份,未知,,未归类
000955,欣龙控股,未知,,未归类
000957,中通客车,未知,,未归类
000958,电投产融,未知,,未归类
000959,首钢股份,未知,,未归类
000960,锡业股份,未知,,有色金属
000962,东方钽业,未知,,未归类
000963,华东医药,未知,,医药
000965,天保基建,未知,,未归类
000966,长源电力,未知,,电力
000967,盈峰环境,未知,,未归类
000968,蓝焰控股,未知,,未归类
000969,安泰科技,未知,,未归类
000970,中科三环,未知,,未归类
000973,佛塑科技,未知,,未归类
000975,山金国际,未知,,未归类
000977,浪潮信息,未知,,未归类
000978,桂林旅游,未知,,未归类
000980,众泰汽车,未知,,汽车
000981,山子高科,未知,,未归类
000983,山西焦煤,未知,,未归类
000985,大庆华科,未知,,未归类
000987,越秀资本,未知,,未归类
000988,华工科技,未知,,未归类
000989,九芝堂,未知,,未归类
000990,诚志股份,未知,,未归类
000993,闽东电力,未知,,电力
000995,皇台酒业,未知,,未归类
000997,新 大 陆,未知,,未归类
000998,隆平高科,未知,,未归类
000999,华润三九,未知,,未归类
001201,东瑞股份,未知,,未归类
001202,炬申股份,未知,,未归类
001203,大中矿业,未知,,未归类
001205,盛航股份,未知,,未归类
001206,依依股份,未知,,未归类
001207,联科科技,未知,,未归类
001208,华菱线缆,未知,,未归类
001209,洪兴股份,未知,,未归类
001210,金房能源,未知,,未归类
001211,双枪科技,未知,,未归类
001212,中旗新材,未知,,未归类
001213,中铁特货,未知,,未归类
001215,千味央厨,未知,,未归类
001216,华瓷股份,未知,,未归类
001217,华尔泰,未知,,未归类
001218,丽臣实业,未知,,未归类
001219,青岛食品,未知,,未归类
001220,世盟股份,未知,,未归类
001221,悍高集团,未知,,未归类
001222,源飞宠物,未知,,未归类
001223,欧克科技,未知,,未归类
001225,和泰机电,未知,,未归类
001226,拓山重工,未知,,未归类
001227,兰州银行,未知,,未归类
001228,永泰运,未知,,未归类
001229,魅视科技,未知,,未归类
001230,劲旅环境,未知,,未归类
001231,农心科技,未知,,未归类
001233,海安集团,未知,,未归类
001234,泰慕士,未知,,未归类
001236,弘业期货,未知,,未归类
001238,浙江正特,未知,,未归类
001239,永达股份,未知,,未归类
001255,博菲电气,未知,,未归类
001256,炜冈科技,未知,,未归类
001257,盛龙股份,未知,,未归类
001258,立新能源,未知,,新能源
001259,利仁科技,未知,,未归类
001260,坤泰股份,未知,,未归类
001266,宏英智能,未知,,未归类
001267,汇绿生态,未知,,未归类
001268,联合精密,未知,,未归类
001269,欧晶科技,未知,,未归类
001277,速达股份,未知,,未归类
001278,一彬科技,未知,,未归类
001279,强邦新材,未知,,未归类
001280,中国铀业,未知,,未归类
001282,三联锻造,未知,,未归类
001283,豪鹏科技,未知,,未归类
001285,瑞立科密,未知,,未归类
001286,陕西能源,未知,,未归类
001287,中电港,未知,,未归类
001288,运机集团,未知,,未归类
001289,龙源电力,未知,,电力
001296,长江材料,未知,,未归类
001298,好上好,未知,,未归类
001299,美能能源,未知,,未归类
001300,三柏硕,未知,,未归类
001301,尚太科技,未知,,未归类
001306,夏厦精密,未知,,未归类
001308,康冠科技,未知,,未归类
001309,德明利,未知,,未归类
001311,多利科技,未知,,未归类
001312,福恩股份,未知,,未归类
001313,粤海饲料,未知,,未归类
001314,亿道信息,未知,,未归类
001316,润贝航科,未知,,未归类
001317,三羊马,未知,,未归类
001318,阳光乳业,未知,,未归类
001319,铭科精技,未知,,未归类
001322,箭牌家居,未知,,未归类
001323,慕思股份,未知,,未归类
001324,长青科技,未知,,未归类
001325,元创股份,未知,,未归类
001326,联域股份,未知,,未归类
001328,登康口腔,未知,,未归类
001330,博纳影业,未知,,未归类
001331,胜通能源,未知,,未归类
001332,锡装股份,未知,,有色金属
001333,光华股份,未知,,未归类
001335,信凯科技,未知,,未归类
001336,楚环科技,未知,,未归类
001337,四川黄金,未知,,黄金
001338,永顺泰,未知,,未归类
001339,智微智能,未知,,未归类
001356,富岭股份,未知,,未归类
001358,兴欣新材,未知,,未归类
001359,平安电工,未知,,未归类
001360,南矿集团,未知,,未归类
001366,播恩集团,未知,,未归类
001367,海森药业,未知,,未归类
001368,通达创智,未知,,未归类
001369,双欣材料,未知,,未归类
001373,翔腾新材,未知,,未归类
001376,百通能源,未知,,未归类
001378,德冠新材,未知,,未归类
001379,腾达科技,未知,,未归类
001380,华纬科技,未知,,未归类
001382,新亚电缆,未知,,未归类
001386,马可波罗,未知,,未归类
001387,雪祺电气,未知,,未归类
001388,信通电子,未知,,未归类
001389,广合科技,未知,,未归类
001390,古麒绒材,未知,,未归类
001391,国货航,未知,,未归类
001395,亚联机械,未知,,未归类
001396,誉帆科技,未知,,未归类
001400,江顺科技,未知,,未归类
001696,宗申动力,未知,,未归类
001872,招商港口,未知,,未归类
001896,豫能控股,未知,,未归类
001914,招商积余,未知,,未归类
001965,招商公路,未知,,未归类
001979,招商蛇口,未知,,未归类
002001,新 和 成,未知,,未归类
002003,伟星股份,未知,,未归类
002004,华邦健康,未知,,未归类
002006,精工科技,未知,,未归类
002007,华兰生物,未知,,未归类
002008,大族激光,未知,,未归类
002009,天奇股份,未知,,未归类
002010,传化智联,未知,,未归类
002011,盾安环境,未知,,未归类
002012,凯恩股份,未知,,未归类
002014,永新股份,未知,,未归类
002015,协鑫能科,未知,,未归类
002016,世荣兆业,未知,,未归类
002017,东信和平,未知,,未归类
002019,亿帆医药,未知,,医药
002020,京新药业,未知,,未归类
002021,中捷资源,未知,,未归类
002022,科华生物,未知,,未归类
002023,海特高新,未知,,未归类
002025,航天电器,未知,,军工
002026,山东威达,未知,,未归类
002027,分众传媒,未知,,传媒
002028,思源电气,未知,,未归类
002029,七 匹 狼,未知,,未归类
002030,达安基因,未知,,未归类
002031,巨轮智能,未知,,未归类
002032,苏 泊 尔,未知,,未归类
002033,丽江股份,未知,,未归类
002034,旺能环境,未知,,未归类
002035,华帝股份,未知,,未归类
002036,联创电子,未知,,未归类
002037,保利联合,未知,,未归类
002038,双鹭药业,未知,,未归类
002039,黔源电力,未知,,电力
002040,南 京 港,未知,,未归类
002041,登海种业,未知,,未归类
002042,华孚时尚,未知,,未归类
002043,兔 宝 宝,未知,,未归类
002044,美年健康,未知,,未归类
002045,国光电器,未知,,未归类
002046,国机精工,未知,,未归类
002048,宁波华翔,未知,,未归类
002049,紫光国微,未知,,未归类
002050,三花智控,未知,,未归类
002051,中工国际,未知,,未归类
002052,同洲电子,未知,,未归类
002053,云南能投,未知,,未归类
002054,德美化工,未知,,化工
002056,横店东磁,未知,,未归类
002057,中钢天源,未知,,未归类
002059,云南旅游,未知,,未归类
002060,广东建工,未知,,未归类
002061,浙江交科,未知,,未归类
002062,宏润建设,未知,,未归类
002063,远光软件,未知,,软件
002064,华峰化学,未知,,化工
002065,东华软件,未知,,软件
002066,瑞泰科技,未知,,未归类
002067,景兴纸业,未知,,未归类
002068,黑猫股份,未知,,未归类
002069,獐子岛,未知,,未归类
002072,凯瑞德,未知,,未归类
002073,软控股份,未知,,未归类
002074,国轩高科,未知,,未归类
002075,沙钢股份,未知,,未归类
002077,大港股份,未知,,未归类
002078,太阳纸业,未知,,未归类
002079,苏州固锝,未知,,未归类
002080,中材科技,未知,,未归类
002081,金 螳 螂,未知,,未归类
002083,孚日股份,未知,,未归类
002084,海鸥住工,未知,,未归类
002085,万丰奥威,未知,,未归类
002086,东方海洋,未知,,未归类
002088,鲁阳节能,未知,,未归类
002090,金智科技,未知,,未归类
002091,江苏国泰,未知,,未归类
002092,中泰化学,未知,,化工
002093,国脉科技,未知,,未归类
002094,青岛金王,未知,,未归类
002095,生 意 宝,未知,,未归类
002096,易普力,未知,,未归类
002097,山河智能,未知,,未归类
002098,浔兴股份,未知,,未归类
002099,海翔药业,未知,,未归类
002100,天康生物,未知,,未归类
002101,广东鸿图,未知,,未归类
002103,广博股份,未知,,未归类
002104,恒宝股份,未知,,未归类
002105,信隆健康,未知,,未归类
002106,莱宝高科,未知,,未归类
002107,沃华医药,未知,,医药
002108,沧州明珠,未知,,未归类
002110,三钢闽光,未知,,未归类
002111,威海广泰,未知,,未归类
002112,三变科技,未知,,未归类
002114,罗平锌电,未知,,有色金属
002115,三维通信,未知,,通信
002116,中国海诚,未知,,未归类
002117,东港股份,未知,,未归类
002119,康强电子,未知,,未归类
002120,韵达股份,未知,,未归类
002121,科陆电子,未知,,未归类
002123,梦网科技,未知,,未归类
002124,天邦食品,未知,,未归类
002125,湘潭电化,未知,,未归类
002126,银轮股份,未知,,未归类
002127,南极电商,未知,,未归类
002128,电投能源,未知,,未归类
002129,TCL中环,未知,,未归类
002130,沃尔核材,未知,,未归类
002131,利欧股份,未知,,未归类
002132,恒星科技,未知,,未归类
002133,广宇集团,未知,,未归类
002134,天津普林,未知,,未归类
002135,东南网架,未知,,未归类
002136,安 纳 达,未知,,未归类
002137,实益达,未知,,未归类
002138,顺络电子,未知,,未归类
002139,拓邦股份,未知,,未归类
002140,东华科技,未知,,未归类
002141,贤丰控股,未知,,未归类
002142,宁波银行,未知,,未归类
002144,宏达高科,未知,,未归类
002145,钛能化学,未知,,化工
002146,荣盛发展,未知,,未归类
002148,北纬科技,未知,,未归类
002149,西部材料,未知,,未归类
002150,正泰电源,未知,,未归类
002151,北斗星通,未知,,军工
002152,广电运通,未知,,未归类
002153,石基信息,未知,,未归类
002154,报 喜 鸟,未知,,未归类
002155,湖南黄金,未知,,黄金
002156,通富微电,未知,,未归类
002157,正邦科技,未知,,未归类
002158,汉钟精机,未知,,未归类
002159,三特索道,未知,,未归类
002160,常铝股份,未知,,有色金属
002161,远 望 谷,未知,,未归类
002162,悦心健康,未知,,未归类
002163,海南发展,未知,,未归类
002164,宁波东力,未知,,未归类
002165,红 宝 丽,未知,,未归类
002166,莱茵生物,未知,,未归类
002167,东方锆业,未知,,未归类
002169,智光电气,未知,,未归类
002170,芭田股份,未知,,未归类
002171,楚江新材,未知,,未归类
002172,澳洋健康,未知,,未归类
002173,创新医疗,未知,,医药
002174,游族网络,未知,,未归类
002176,江特电机,未知,,机器人
002177,御银股份,未知,,未归类
002178,延华智能,未知,,未归类
002179,中航光电,未知,,未归类
002180,奔图科技,未知,,未归类
002181,粤 传 媒,未知,,未归类
002182,宝武镁业,未知,,未归类
002183,怡 亚 通,未知,,未归类
002184,海得控制,未知,,未归类
002185,华天科技,未知,,未归类
002186,全 聚 德,未知,,未归类
002187,广百股份,未知,,未归类
002188,中天服务,未知,,未归类
002189,中光学,未知,,未归类
002190,成飞集成,未知,,未归类
002191,劲嘉股份,未知,,未归类
002192,融捷股份,未知,,未归类
002194,武汉凡谷,未知,,未归类
002195,岩山科技,未知,,未归类
002196,方正电机,未知,,机器人
002197,证通电子,未知,,未归类
002201,九鼎新材,未知,,未归类
002202,金风科技,未知,,未归类
002203,海亮股份,未知,,未归类
002204,大连重工,未知,,未归类
002205,国统股份,未知,,未归类
002206,海 利 得,未知,,未归类
002208,合肥城建,未知,,未归类
002209,达 意 隆,未知,,未归类
002210,飞马国际,未知,,未归类
002212,天融信,未知,,未归类
002213,大为股份,未知,,未归类
002215,诺 普 信,未知,,未归类
002216,三全食品,未知,,未归类
002217,合力泰,未知,,未归类
002218,拓日新能,未知,,未归类
002219,新里程,未知,,未归类
002221,东华能源,未知,,未归类
002222,福晶科技,未知,,未归类
002223,鱼跃医疗,未知,,医药
002224,三 力 士,未知,,未归类
002225,濮耐股份,未知,,未归类
002226,江南化工,未知,,化工
002228,合兴包装,未知,,未归类
002229,鸿博股份,未知,,未归类
002230,科大讯飞,未知,,未归类
002232,启明信息,未知,,未归类
002233,塔牌集团,未知,,未归类
002234,民和股份,未知,,未归类
002235,安妮股份,未知,,未归类
002236,大华股份,未知,,未归类
002237,恒邦股份,未知,,未归类
002238,天威视讯,未知,,未归类
002239,奥特佳,未知,,未归类
002240,盛新锂能,未知,,未归类
002241,歌尔股份,未知,,未归类
002242,九阳股份,未知,,未归类
002243,力合科创,未知,,未归类
002244,滨江集团,未知,,未归类
002245,蔚蓝锂芯,未知,,未归类
002246,北化股份,未知,,未归类
002247,聚力文化,未知,,未归类
002248,华东数控,未知,,未归类
002249,大洋电机,未知,,机器人
002250,联化科技,未知,,未归类
002251,步步高,未知,,未归类
002252,上海莱士,未知,,未归类
002254,泰和新材,未知,,未归类
002255,海陆重工,未知,,未归类
002256,兆新股份,未知,,未归类
002258,利尔化学,未知,,化工
002259,升达林业,未知,,未归类
002261,拓维信息,未知,,未归类
002262,恩华药业,未知,,未归类
002263,大东南,未知,,未归类
002264,新 华 都,未知,,未归类
002265,建设工业,未知,,未归类
002266,浙富控股,未知,,未归类
002267,陕天然气,未知,,未归类
002268,电科网安,未知,,未归类
002269,美邦服饰,未知,,未归类
002270,华明装备,未知,,未归类
002271,东方雨虹,未知,,未归类
002272,川润股份,未知,,未归类
002273,水晶光电,未知,,未归类
002274,华昌化工,未知,,化工
002275,桂林三金,未知,,未归类
002276,万马股份,未知,,未归类
002277,友阿股份,未知,,未归类
002278,神开股份,未知,,未归类
002279,久其软件,未知,,软件
002281,光迅科技,未知,,未归类
002282,博深股份,未知,,未归类
002283,天润工业,未知,,未归类
002284,亚太股份,未知,,未归类
002285,世联行,未知,,未归类
002286,保龄宝,未知,,未归类
002287,奇正藏药,未知,,未归类
002290,禾盛新材,未知,,未归类
002291,遥望科技,未知,,未归类
002292,奥飞娱乐,未知,,未归类
002293,罗莱生活,未知,,未归类
002294,信立泰,未知,,未归类
002295,精艺股份,未知,,未归类
002296,辉煌科技,未知,,未归类
002297,博云新材,未知,,未归类
002298,中电鑫龙,未知,,未归类
002299,圣农发展,未知,,未归类
002300,太阳电缆,未知,,未归类
002301,齐心集团,未知,,未归类
002302,西部建设,未知,,未归类
002303,美盈森,未知,,未归类
002304,洋河股份,未知,,未归类
002307,北新路桥,未知,,未归类
002309,中利集团,未知,,未归类
002310,东方新能,未知,,未归类
002311,海大集团,未知,,未归类
002312,川发龙蟒,未知,,未归类
002313,日海智能,未知,,未归类
002314,南山控股,未知,,未归类
002315,焦点科技,未知,,未归类
002316,亚联发展,未知,,未归类
002317,众生药业,未知,,未归类
002318,久立特材,未知,,未归类
002319,乐通股份,未知,,未归类
002320,海峡股份,未知,,未归类
002321,华英农业,未知,,未归类
002322,理工能科,未知,,未归类
002324,普利特,未知,,未归类
002326,永太科技,未知,,未归类
002327,富安娜,未知,,未归类
002328,新朋股份,未知,,未归类
002329,皇氏集团,未知,,未归类
002330,得利斯,未知,,未归类
002331,皖通科技,未知,,未归类
002332,仙琚制药,未知,,未归类
002333,罗普斯金,未知,,未归类
002334,英威腾,未知,,未归类
002335,科华数据,未知,,未归类
002337,赛象科技,未知,,未归类
002338,奥普光电,未知,,未归类
002339,积成电子,未知,,未归类
002340,格林美,未知,,未归类
002342,巨力索具,未知,,未归类
002343,慈文传媒,未知,,传媒
002344,海宁皮城,未知,,未归类
002345,潮宏基,未知,,未归类
002346,柘中股份,未知,,未归类
002347,泰尔股份,未知,,未归类
002348,高乐股份,未知,,未归类
002349,精华制药,未知,,未归类
002350,北京科锐,未知,,未归类
002351,漫步者,未知,,未归类
002352,顺丰控股,未知,,未归类
002353,杰瑞股份,未知,,未归类
002354,天娱数科,未知,,未归类
002355,兴民智通,未知,,未归类
002356,赫美集团,未知,,未归类
002357,富临运业,未知,,未归类
002358,森源电气,未知,,未归类
002361,神剑股份,未知,,未归类
002362,汉王科技,未知,,未归类
002363,隆基机械,未知,,未归类
002364,中恒电气,未知,,未归类
002365,永安药业,未知,,未归类
002366,融发核电,未知,,电力
002367,康力电梯,未知,,未归类
002368,太极股份,未知,,未归类
002369,卓翼科技,未知,,未归类
002370,亚太药业,未知,,未归类
002371,北方华创,未知,,未归类
002372,伟星新材,未知,,未归类
002373,千方科技,未知,,未归类
002374,中锐股份,未知,,未归类
002375,亚厦股份,未知,,未归类
002376,新北洋,未知,,未归类
002377,国创高新,未知,,未归类
002378,章源钨业,未知,,有色金属
002379,宏桥控股,未知,,未归类
002380,科远智慧,未知,,未归类
002381,双箭股份,未知,,未归类
002382,蓝帆医疗,未知,,医药
002383,合众思壮,未知,,未归类
002384,东山精密,未知,,未归类
002385,大北农,未知,,未归类
002386,天原股份,未知,,未归类
002387,维信诺,未知,,未归类
002388,新亚制程,未知,,未归类
002389,航天彩虹,未知,,军工
002390,信邦制药,未知,,未归类
002391,长青股份,未知,,未归类
002392,北京利尔,未知,,未归类
002393,力生制药,未知,,未归类
002394,联发股份,未知,,未归类
002395,双象股份,未知,,未归类
002396,星网锐捷,未知,,未归类
002397,梦洁股份,未知,,未归类
002398,垒知集团,未知,,未归类
002399,海普瑞,未知,,未归类
002400,省广集团,未知,,未归类
002401,中远海科,未知,,未归类
002402,和而泰,未知,,未归类
002403,爱仕达,未知,,未归类
002404,嘉欣丝绸,未知,,未归类
002405,四维图新,未知,,未归类
002406,远东传动,未知,,未归类
002407,多氟多,未知,,未归类
002408,齐翔腾达,未知,,未归类
002409,雅克科技,未知,,未归类
002410,广联达,未知,,未归类
002412,汉森制药,未知,,未归类
002413,雷科防务,未知,,未归类
002414,高德红外,未知,,未归类
002415,海康威视,未知,,未归类
002416,爱施德,未知,,未归类
002418,康盛股份,未知,,未归类
002419,天虹股份,未知,,未归类
002420,毅昌科技,未知,,未归类
002421,达实智能,未知,,未归类
002422,科伦药业,未知,,未归类
002423,中粮资本,未知,,未归类
002425,凯撒文化,未知,,未归类
002426,胜利精密,未知,,未归类
002427,尤夫股份,未知,,未归类
002428,云南锗业,未知,,未归类
002429,兆驰股份,未知,,未归类
002430,杭氧股份,未知,,未归类
002432,九安医疗,未知,,医药
002434,万里扬,未知,,未归类
002436,兴森科技,未知,,未归类
002437,誉衡药业,未知,,未归类
002438,江苏神通,未知,,未归类
002439,启明星辰,未知,,未归类
002440,闰土股份,未知,,未归类
002441,众业达,未知,,未归类
002442,龙星科技,未知,,未归类
002443,金洲管道,未知,,未归类
002444,巨星科技,未知,,未归类
002445,中南文化,未知,,未归类
002446,盛路通信,未知,,通信
002448,中原内配,未知,,未归类
002449,国星光电,未知,,未归类
002451,摩恩电气,未知,,未归类
002452,长高电新,未知,,未归类
002453,华软科技,未知,,未归类
002454,松芝股份,未知,,未归类
002455,百川股份,未知,,未归类
002456,欧菲光,未知,,未归类
002457,青龙管业,未知,,未归类
002458,益生股份,未知,,未归类
002459,晶澳科技,未知,,未归类
002460,赣锋锂业,未知,,未归类
002461,珠江啤酒,未知,,未归类
002462,嘉事堂,未知,,未归类
002463,沪电股份,未知,,未归类
002465,海格通信,未知,,通信
002466,天齐锂业,未知,,未归类
002467,二六三,未知,,未归类
002468,申通快递,未知,,未归类
002469,三维化学,未知,,化工
002470,金正大,未知,,未归类
002471,中超控股,未知,,未归类
002472,双环传动,未知,,未归类
002474,榕基软件,未知,,软件
002475,立讯精密,未知,,未归类
002476,宝莫股份,未知,,未归类
002478,常宝股份,未知,,未归类
002479,富春环保,未知,,未归类
002480,新筑股份,未知,,未归类
002481,双塔食品,未知,,未归类
002482,广田集团,未知,,未归类
002483,润邦股份,未知,,未归类
002484,江海股份,未知,,未归类
002486,嘉麟杰,未知,,未归类
002487,大金重工,未知,,未归类
002488,金固股份,未知,,未归类
002489,浙江永强,未知,,未归类
002490,山东墨龙,未知,,未归类
002491,通鼎互联,未知,,未归类
002492,恒基达鑫,未知,,未归类
002493,荣盛石化,未知,,未归类
002494,华斯股份,未知,,未归类
002495,佳隆股份,未知,,未归类
002497,雅化集团,未知,,未归类
002498,汉缆股份,未知,,未归类
002500,山西证券,未知,,未归类
002506,协鑫集成,未知,,未归类
002507,涪陵榨菜,未知,,未归类
002508,老板电器,未知,,未归类
002510,天汽模,未知,,未归类
002511,中顺洁柔,未知,,未归类
002513,蓝丰生化,未知,,未归类
002515,金字火腿,未知,,未归类
002516,旷达科技,未知,,未归类
002517,恺英网络,未知,,未归类
002518,科士达,未知,,未归类
002519,银河电子,未知,,未归类
002520,日发精机,未知,,未归类
002521,齐峰新材,未知,,未归类
002522,浙江众成,未知,,未归类
002523,天桥起重,未知,,未归类
002524,光正眼科,未知,,未归类
002526,山东矿机,未知,,未归类
002527,新时达,未知,,未归类
002530,金财互联,未知,,未归类
002531,天顺风能,未知,,未归类
002532,天山铝业,未知,,有色金属
002533,金杯电工,未知,,未归类
002534,西子洁能,未知,,未归类
002535,林州重机,未知,,未归类
002536,飞龙股份,未知,,未归类
002537,海联金汇,未知,,未归类
002539,云图控股,未知,,未归类
002540,亚太科技,未知,,未归类
002541,鸿路钢构,未知,,未归类
002543,万和电气,未知,,未归类
002544,普天科技,未知,,未归类
002545,东方铁塔,未知,,未归类
002546,新联电子,未知,,未归类
002548,金新农,未知,,未归类
002549,凯美特气,未知,,未归类
002550,千红制药,未知,,未归类
002551,尚荣医疗,未知,,医药
002552,宝鼎科技,未知,,未归类
002553,南方精工,未知,,未归类
002554,惠博普,未知,,未归类
002555,三七互娱,未知,,未归类
002556,辉隆股份,未知,,未归类
002557,洽洽食品,未知,,未归类
002558,巨人网络,未知,,未归类
002559,亚威股份,未知,,未归类
002560,通达股份,未知,,未归类
002561,徐家汇,未知,,未归类
002562,兄弟科技,未知,,未归类
002563,森马服饰,未知,,未归类
002564,天沃科技,未知,,未归类
002565,顺灏股份,未知,,未归类
002566,益盛药业,未知,,未归类
002567,唐人神,未知,,未归类
002568,百润股份,未知,,未归类
002570,贝因美,未知,,未归类
002571,德力股份,未知,,未归类
002572,索菲亚,未知,,未归类
002573,清新环境,未知,,未归类
002574,明牌珠宝,未知,,未归类
002575,群兴玩具,未知,,未归类
002576,通达动力,未知,,未归类
002577,雷柏科技,未知,,未归类
002578,闽发铝业,未知,,有色金属
002579,中京电子,未知,,未归类
002580,圣阳股份,未知,,未归类
002582,好想你,未知,,未归类
002583,海能达,未知,,未归类
002584,西陇科学,未知,,未归类
002585,双星新材,未知,,未归类
002587,奥拓电子,未知,,未归类
002588,史丹利,未知,,未归类
002589,瑞康医药,未知,,医药
002590,万安科技,未知,,未归类
002591,恒大高新,未知,,未归类
002593,日上集团,未知,,未归类
002594,比亚迪,未知,,未归类
002595,豪迈科技,未知,,未归类
002596,海南瑞泽,未知,,未归类
002597,金禾实业,未知,,未归类
002599,盛通股份,未知,,未归类
002600,领益智造,未知,,未归类
002601,龙佰集团,未知,,未归类
002602,世纪华通,未知,,未归类
002603,以岭药业,未知,,未归类
002605,姚记科技,未知,,未归类
002606,大连电瓷,未知,,未归类
002607,中公教育,未知,,未归类
002608,江苏国信,未知,,未归类
002609,捷顺科技,未知,,未归类
002611,东方精工,未知,,未归类
002612,朗姿股份,未知,,未归类
002613,北玻股份,未知,,未归类
002614,奥佳华,未知,,未归类
002615,哈尔斯,未知,,未归类
002616,长青集团,未知,,未归类
002617,露笑科技,未知,,未归类
002622,皓宸医疗,未知,,医药
002623,亚玛顿,未知,,未归类
002624,完美世界,未知,,未归类
002625,光启技术,未知,,未归类
002626,金达威,未知,,未归类
002627,三峡旅游,未知,,未归类
002628,成都路桥,未知,,未归类
002629,仁智股份,未知,,未归类
002631,德尔未来,未知,,未归类
002632,道明光学,未知,,未归类
002633,申科股份,未知,,未归类
002635,安洁科技,未知,,未归类
002636,金安国纪,未知,,未归类
002637,赞宇科技,未知,,未归类
002638,勤上股份,未知,,未归类
002639,雪人集团,未知,,未归类
002640,跨境通,未知,,未归类
002641,公元股份,未知,,未归类
002642,荣联科技,未知,,未归类
002643,万润股份,未知,,未归类
002644,佛慈制药,未知,,未归类
002645,华宏科技,未知,,未归类
002646,天佑德酒,未知,,未归类
002647,仁东控股,未知,,未归类
002648,卫星化学,未知,,化工
002649,博彦科技,未知,,未归类
002651,利君股份,未知,,未归类
002652,扬子新材,未知,,未归类
002653,海思科,未知,,未归类
002654,万润科技,未知,,未归类
002655,共达电声,未知,,未归类
002657,中科金财,未知,,未归类
002658,雪迪龙,未知,,未归类
002659,凯文教育,未知,,未归类
002660,茂硕电源,未知,,未归类
002661,克明食品,未知,,未归类
002662,峰璟股份,未知,,未归类
002663,普邦股份,未知,,未归类
002664,信质集团,未知,,未归类
002666,德联集团,未知,,未归类
002668,TCL智家,未知,,未归类
002669,康达新材,未知,,未归类
002670,国盛证券,未知,,未归类
002671,龙泉股份,未知,,未归类
002672,东江环保,未知,,未归类
002673,西部证券,未知,,未归类
002674,兴业科技,未知,,未归类
002675,东诚药业,未知,,未归类
002676,顺威股份,未知,,未归类
002677,浙江美大,未知,,未归类
002678,珠江钢琴,未知,,未归类
002679,福建金森,未知,,未归类
002681,奋达科技,未知,,未归类
002682,龙洲股份,未知,,未归类
002683,广东宏大,未知,,未归类
002685,华东重机,未知,,未归类
002686,亿利达,未知,,未归类
002687,乔治白,未知,,未归类
002688,金河生物,未知,,未归类
002690,美亚光电,未知,,未归类
002692,远程股份,未知,,未归类
002695,煌上煌,未知,,未归类
002696,百洋股份,未知,,未归类
002697,红旗连锁,未知,,未归类
002698,博实股份,未知,,未归类
002700,万憬能源,未知,,未归类
002701,奥瑞金,未知,,未归类
002702,海欣食品,未知,,未归类
002703,浙江世宝,未知,,未归类
002705,新宝股份,未知,,未归类
002706,良信股份,未知,,未归类
002707,众信旅游,未知,,未归类
002708,光洋股份,未知,,未归类
002709,天赐材料,未知,,未归类
002712,思美传媒,未知,,传媒
002714,牧原股份,未知,,未归类
002715,登云股份,未知,,未归类
002716,湖南白银,未知,,黄金
002718,友邦吊顶,未知,,未归类
002721,金一文化,未知,,未归类
002722,物产金轮,未知,,未归类
002723,小崧股份,未知,,未归类
002724,海洋王,未知,,未归类
002725,跃岭股份,未知,,未归类
002727,一心堂,未知,,未归类
002728,特一药业,未知,,未归类
002729,好利科技,未知,,未归类
002730,电光科技,未知,,未归类
002732,燕塘乳业,未知,,未归类
002733,雄韬股份,未知,,未归类
002734,利民股份,未知,,未归类
002735,王子新材,未知,,未归类
002736,国信证券,未知,,未归类
002737,葵花药业,未知,,未归类
002738,中矿资源,未知,,未归类
002739,儒意电影,未知,,未归类
002741,光华科技,未知,,未归类
002742,三圣股份,未知,,未归类
002743,富煌钢构,未知,,未归类
002745,木林森,未知,,未归类
002746,仙坛股份,未知,,未归类
002747,埃斯顿,未知,,未归类
002748,世龙实业,未知,,未归类
002749,国光股份,未知,,未归类
002752,昇兴股份,未知,,未归类
002753,永东股份,未知,,未归类
002755,奥赛康,未知,,未归类
002756,永兴材料,未知,,未归类
002757,南兴股份,未知,,未归类
002758,浙农股份,未知,,未归类
002759,天际股份,未知,,未归类
002760,凤形股份,未知,,未归类
002761,浙江建投,未知,,未归类
002763,汇洁股份,未知,,未归类
002765,蓝黛科技,未知,,未归类
002766,索菱股份,未知,,未归类
002767,先锋电子,未知,,未归类
002768,国恩股份,未知,,未归类
002769,普路通,未知,,未归类
002771,真视通,未知,,未归类
002772,众兴菌业,未知,,未归类
002773,康弘药业,未知,,未归类
002774,快意电梯,未知,,未归类
002775,文科股份,未知,,未归类
002777,久远银海,未知,,未归类
002778,中晟高科,未知,,未归类
002779,中坚科技,未知,,未归类
002780,三夫户外,未知,,未归类
002782,可立克,未知,,未归类
002783,凯龙股份,未知,,未归类
002785,万里石,未知,,未归类
002786,银宝山新,未知,,未归类
002787,华源控股,未知,,未归类
002788,鹭燕医药,未知,,医药
002790,瑞尔特,未知,,未归类
002791,坚朗五金,未知,,未归类
002792,通宇通讯,未知,,未归类
002793,罗欣药业,未知,,未归类
002795,永和智控,未知,,未归类
002796,世嘉科技,未知,,未归类
002797,第一创业,未知,,未归类
002798,帝欧水华,未知,,未归类
002799,环球印务,未知,,未归类
002800,天顺股份,未知,,未归类
002801,微光股份,未知,,未归类
002802,洪汇新材,未知,,未归类
002803,吉宏股份,未知,,未归类
002805,丰元股份,未知,,未归类
002806,华锋股份,未知,,未归类
002807,江阴银行,未知,,未归类
002809,红墙股份,未知,,未归类
002810,山东赫达,未知,,未归类
002811,郑中设计,未知,,未归类
002812,恩捷股份,未知,,未归类
002813,路畅科技,未知,,未归类
002815,崇达技术,未知,,未归类
002817,黄山胶囊,未知,,未归类
002818,富森美,未知,,未归类
002819,东方中科,未知,,未归类
002820,桂发祥,未知,,未归类
002821,凯莱英,未知,,未归类
002823,凯中精密,未知,,未归类
002824,和胜股份,未知,,未归类
002825,纳尔股份,未知,,未归类
002826,易明医药,未知,,医药
002827,高争民爆,未知,,未归类
002828,贝肯能源,未知,,未归类
002829,星网宇达,未知,,未归类
002830,名雕股份,未知,,未归类
002831,裕同科技,未知,,未归类
002832,比音勒芬,未知,,未归类
002833,弘亚数控,未知,,未归类
002835,同为股份,未知,,未归类
002836,新宏泽,未知,,未归类
002837,英维克,未知,,未归类
002838,道恩股份,未知,,未归类
002839,张家港行,未知,,未归类
002840,华统股份,未知,,未归类
002841,视源股份,未知,,未归类
002842,翔鹭钨业,未知,,有色金属
002843,泰嘉股份,未知,,未归类
002845,同兴达,未知,,未归类
002846,英联股份,未知,,未归类
002847,盐津铺子,未知,,未归类
002849,威星智能,未知,,未归类
002850,科达利,未知,,未归类
002851,麦格米特,未知,,未归类
002852,道道全,未知,,未归类
002853,皮阿诺,未知,,未归类
002855,捷荣技术,未知,,未归类
002857,三晖电气,未知,,未归类
002858,力盛体育,未知,,未归类
002859,洁美科技,未知,,未归类
002860,星帅尔,未知,,未归类
002861,瀛通通讯,未知,,未归类
002862,实丰文化,未知,,未归类
002863,今飞凯达,未知,,未归类
002864,盘龙药业,未知,,未归类
002865,钧达股份,未知,,未归类
002866,传艺科技,未知,,未归类
002867,周大生,未知,,未归类
002869,金溢科技,未知,,未归类
002870,香山股份,未知,,未归类
002871,伟隆股份,未知,,未归类
002873,新天药业,未知,,未归类
002875,安奈儿,未知,,未归类
002876,三利谱,未知,,未归类
002877,智能自控,未知,,未归类
002878,元隆雅图,未知,,未归类
002879,长缆科技,未知,,未归类
002880,卫光生物,未知,,未归类
002881,美格智能,未知,,未归类
002882,金龙羽,未知,,未归类
002884,凌霄泵业,未知,,未归类
002885,京泉华,未知,,未归类
002886,沃特股份,未知,,未归类
002887,绿茵生态,未知,,未归类
002888,惠威科技,未知,,未归类
002889,东方嘉盛,未知,,未归类
002890,弘宇股份,未知,,未归类
002891,中宠股份,未知,,未归类
002892,科力尔,未知,,未归类
002893,京能热力,未知,,未归类
002895,川恒股份,未知,,未归类
002896,中大力德,未知,,未归类
002897,意华股份,未知,,未归类
002899,英派斯,未知,,未归类
002900,哈三联,未知,,未归类
002901,大博医疗,未知,,医药
002902,铭普光磁,未知,,未归类
002903,宇环数控,未知,,未归类
002905,金逸影视,未知,,传媒
002906,华阳集团,未知,,未归类
002907,华森制药,未知,,未归类
002908,德生科技,未知,,未归类
002909,集泰股份,未知,,未归类
002910,庄园牧场,未知,,未归类
002911,佛燃能源,未知,,未归类
002912,中新赛克,未知,,未归类
002913,奥士康,未知,,未归类
002915,中欣氟材,未知,,未归类
002916,深南电路,未知,,未归类
002917,金奥博,未知,,未归类
002918,蒙娜丽莎,未知,,未归类
002919,名臣健康,未知,,未归类
002920,德赛西威,未知,,未归类
002921,联诚精密,未知,,未归类
002922,伊戈尔,未知,,未归类
002923,润都股份,未知,,未归类
002925,盈趣科技,未知,,未归类
002926,华西证券,未知,,未归类
002927,泰永长征,未知,,未归类
002928,华夏航空,未知,,军工
002929,润建股份,未知,,未归类
002930,宏川智慧,未知,,未归类
002931,锋龙股份,未知,,未归类
002933,新兴装备,未知,,未归类
002935,天奥电子,未知,,未归类
002936,郑州银行,未知,,未归类
002937,兴瑞科技,未知,,未归类
002938,鹏鼎控股,未知,,未归类
002939,长城证券,未知,,未归类
002940,昂利康,未知,,未归类
002941,新疆交建,未知,,未归类
002942,新农股份,未知,,未归类
002943,宇晶股份,未知,,未归类
002945,华林证券,未知,,未归类
002946,新乳业,未知,,未归类
002947,恒铭达,未知,,未归类
002948,青岛银行,未知,,未归类
002949,华阳国际,未知,,未归类
002950,奥美医疗,未知,,医药
002951,金时科技,未知,,未归类
002952,亚世光电,未知,,未归类
002953,日丰股份,未知,,未归类
002955,鸿合科技,未知,,未归类
002956,西麦食品,未知,,未归类
002957,科瑞技术,未知,,未归类
002958,青农商行,未知,,未归类
002959,小熊电器,未知,,未归类
002960,青鸟智控,未知,,未归类
002961,瑞达期货,未知,,未归类
002962,五方光电,未知,,未归类
002963,豪尔赛,未知,,未归类
002965,祥鑫科技,未知,,未归类
002966,苏州银行,未知,,未归类
002967,广电计量,未知,,未归类
002968,新大正,未知,,未归类
002969,嘉美包装,未知,,未归类
002970,锐明技术,未知,,未归类
002971,和远气体,未知,,未归类
002972,科安达,未知,,未归类
002973,侨银股份,未知,,未归类
002975,博杰股份,未知,,未归类
002976,瑞玛精密,未知,,未归类
002978,安宁股份,未知,,未归类
002979,雷赛智能,未知,,未归类
002980,华盛昌,未知,,未归类
002981,朝阳科技,未知,,未归类
002982,湘佳股份,未知,,未归类
002983,芯瑞达,未知,,未归类
002984,森麒麟,未知,,未归类
002985,北摩高科,未知,,未归类
002986,宇新股份,未知,,未归类
002987,京北方,未知,,未归类
002988,豪美新材,未知,,未归类
002989,中天精装,未知,,未归类
002990,盛视科技,未知,,未归类
002991,甘源食品,未知,,未归类
002992,宝明科技,未知,,未归类
002993,奥海科技,未知,,未归类
002995,天地在线,未知,,未归类
002996,顺博合金,未知,,未归类
002997,瑞鹄模具,未知,,未归类
002998,优彩资源,未知,,未归类
002999,天禾股份,未知,,未归类
003000,劲仔食品,未知,,未归类
003001,中岩大地,未知,,未归类
003002,壶化股份,未知,,未归类
003003,天元股份,未知,,未归类
003005,竞业达,未知,,未归类
003006,百亚股份,未知,,未归类
003007,直真科技,未知,,未归类
003008,开普检测,未知,,未归类
003009,中天火箭,未知,,未归类
003010,若羽臣,未知,,未归类
003011,海象新材,未知,,未归类
003012,东鹏控股,未知,,未归类
003013,地铁设计,未知,,未归类
003015,日久光电,未知,,未归类
003016,欣贺股份,未知,,未归类
003017,大洋生物,未知,,未归类
003018,金富科技,未知,,未归类
003019,宸展光电,未知,,未归类
003020,立方制药,未知,,未归类
003021,兆威机电,未知,,未归类
003022,联泓新科,未知,,未归类
003023,彩虹集团,未知,,未归类
003025,思进智能,未知,,未归类
003026,中晶科技,未知,,未归类
003027,同兴科技,未知,,未归类
003028,振邦智能,未知,,未归类
003029,吉大正元,未知,,未归类
003030,祖名股份,未知,,未归类
003031,中瓷电子,未知,,未归类
003033,征和工业,未知,,未归类
003035,南网能源,未知,,未归类
003036,泰坦股份,未知,,未归类
003037,三和管桩,未知,,未归类
003038,鑫铂股份,未知,,未归类
003039,顺控发展,未知,,未归类
003040,楚天龙,未知,,未归类
003041,真爱美家,未知,,未归类
003042,中农联合,未知,,未归类
003043,华亚智能,未知,,未归类
003816,中国广核,未知,,未归类
300001,特锐德,未知,,未归类
300002,神州泰岳,未知,,未归类
300003,乐普医疗,未知,,医药
300004,南风股份,未知,,未归类
300005,探路者,未知,,未归类
300006,莱美药业,未知,,未归类
300007,汉威科技,未知,,未归类
300008,天海防务,未知,,未归类
300009,安科生物,未知,,未归类
300011,鼎汉技术,未知,,未归类
300012,华测检测,未知,,未归类
300013,新宁物流,未知,,未归类
300014,亿纬锂能,未知,,未归类
300015,爱尔眼科,未知,,未归类
300016,北陆药业,未知,,未归类
300017,网宿科技,未知,,未归类
300018,中元股份,未知,,未归类
300019,硅宝科技,未知,,未归类
300021,大禹节水,未知,,未归类
300022,吉峰科技,未知,,未归类
300024,机器人,未知,,机器人
300025,华星创业,未知,,未归类
300026,红日药业,未知,,未归类
300030,阳普医疗,未知,,医药
300031,宝通科技,未知,,未归类
300032,金龙机电,未知,,未归类
300033,同花顺,未知,,未归类
300034,钢研高纳,未知,,未归类
300035,中科电气,未知,,未归类
300036,超图软件,未知,,软件
300037,新宙邦,未知,,未归类
300039,上海凯宝,未知,,未归类
300040,九洲集团,未知,,未归类
300041,回天新材,未知,,未归类
300042,朗科科技,未知,,未归类
300043,星辉娱乐,未知,,未归类
300045,华力创通,未知,,未归类
300046,台基股份,未知,,未归类
300047,天源迪科,未知,,未归类
300048,合康新能,未知,,未归类
300049,福瑞医科,未知,,未归类
300050,世纪鼎利,未知,,未归类
300051,琏升科技,未知,,未归类
300052,中青宝,未知,,未归类
300053,航宇微,未知,,未归类
300054,鼎龙股份,未知,,未归类
300055,万邦达,未知,,未归类
300056,中创环保,未知,,未归类
300057,万顺新材,未知,,未归类
300058,蓝色光标,未知,,未归类
300059,东方财富,未知,,未归类
300061,旗天科技,未知,,未归类
300062,中能电气,未知,,未归类
300063,天龙集团,未知,,未归类
300065,海兰信,未知,,未归类
300066,三川智慧,未知,,未归类
300067,安诺其,未知,,未归类
300069,金利华电,未知,,未归类
300070,碧水源,未知,,未归类
300071,福石控股,未知,,未归类
300072,海新能科,未知,,未归类
300073,当升科技,未知,,未归类
300074,华平股份,未知,,未归类
300075,数字政通,未知,,未归类
300077,国民技术,未知,,未归类
300078,思创智联,未知,,未归类
300079,数码视讯,未知,,未归类
300080,易成新能,未知,,未归类
300082,奥克股份,未知,,未归类
300083,创世纪,未知,,未归类
300084,海默科技,未知,,未归类
300085,银之杰,未知,,未归类
300086,康芝药业,未知,,未归类
300087,荃银高科,未知,,未归类
300088,长信科技,未知,,未归类
300092,科新机电,未知,,未归类
300094,国联水产,未知,,未归类
300095,华伍股份,未知,,未归类
300097,智云股份,未知,,未归类
300098,高新兴,未知,,未归类
300099,尤洛卡,未知,,未归类
300100,双林股份,未知,,未归类
300101,振芯科技,未知,,未归类
300102,乾照光电,未知,,未归类
300103,达刚控股,未知,,未归类
300105,龙源技术,未知,,未归类
300106,西部牧业,未知,,未归类
300107,建新股份,未知,,未归类
300109,新开源,未知,,未归类
300110,华仁药业,未知,,未归类
300111,向日葵,未知,,未归类
300112,万讯自控,未知,,未归类
300113,顺网科技,未知,,未归类
300115,长盈精密,未知,,未归类
300118,东方日升,未知,,未归类
300119,瑞普生物,未知,,未归类
300120,经纬辉开,未知,,未归类
300121,阳谷华泰,未知,,未归类
300122,智飞生物,未知,,未归类
300124,汇川技术,未知,,未归类
300126,锐奇股份,未知,,未归类
300127,银河磁体,未知,,未归类
300128,锦富技术,未知,,未归类
300129,泰胜风能,未知,,未归类
300130,新国都,未知,,未归类
300131,英唐智控,未知,,未归类
300132,青松股份,未知,,未归类
300133,华策影视,未知,,传媒
300134,大富科技,未知,,未归类
300135,宝利国际,未知,,未归类
300136,信维通信,未知,,通信
300137,先河环保,未知,,未归类
300138,晨光生物,未知,,未归类
300139,晓程科技,未知,,未归类
300140,节能环境,未知,,未归类
300141,和顺电气,未知,,未归类
300142,沃森生物,未知,,未归类
300143,盈康生命,未知,,未归类
300144,宋城演艺,未知,,未归类
300145,南方泵业,未知,,未归类
300146,汤臣倍健,未知,,未归类
300148,天舟文化,未知,,未归类
300149,睿智医药,未知,,医药
300150,世纪瑞尔,未知,,未归类
300151,昌红科技,未知,,未归类
300153,科泰电源,未知,,未归类
300154,瑞凌股份,未知,,未归类
300155,安居宝,未知,,未归类
300157,新锦动力,未知,,未归类
300158,振东制药,未知,,未归类
300160,秀强股份,未知,,未归类
300161,华中数控,未知,,未归类
300162,雷曼光电,未知,,未归类
300163,先锋新材,未知,,未归类
300164,通源石油,未知,,未归类
300165,天瑞仪器,未知,,未归类
300166,东方国信,未知,,未归类
300168,万达信息,未知,,未归类
300169,天晟新材,未知,,未归类
300170,汉得信息,未知,,未归类
300171,东富龙,未知,,未归类
300172,中电环保,未知,,未归类
300174,元力股份,未知,,未归类
300176,鸿特科技,未知,,未归类
300177,中海达,未知,,未归类
300179,四方达,未知,,未归类
300180,华峰超纤,未知,,未归类
300181,佐力药业,未知,,未归类
300182,捷成股份,未知,,未归类
300183,东软载波,未知,,未归类
300184,力源信息,未知,,未归类
300185,通裕重工,未知,,未归类
300187,永清环保,未知,,未归类
300188,国投智能,未知,,未归类
300189,神农种业,未知,,未归类
300190,维尔利,未知,,未归类
300191,潜能恒信,未知,,未归类
300192,科德教育,未知,,未归类
300193,佳士科技,未知,,未归类
300194,福安药业,未知,,未归类
300195,长荣股份,未知,,未归类
300196,长海股份,未知,,未归类
300197,节能铁汉,未知,,未归类
300199,翰宇药业,未知,,未归类
300200,高盟新材,未知,,未归类
300201,海伦哲,未知,,未归类
300203,聚光科技,未知,,未归类
300204,舒泰神,未知,,未归类
300206,理邦仪器,未知,,未归类
300207,欣旺达,未知,,未归类
300209,行云科技,未知,,未归类
300210,森远股份,未知,,未归类
300213,佳讯飞鸿,未知,,未归类
300214,日科化学,未知,,化工
300215,电科院,未知,,未归类
300217,东方电热,未知,,未归类
300218,安利股份,未知,,未归类
300219,鸿利智汇,未知,,未归类
300220,金运激光,未知,,未归类
300221,银禧科技,未知,,未归类
300222,科大智能,未知,,未归类
300223,北京君正,未知,,未归类
300224,正海磁材,未知,,未归类
300226,上海钢联,未知,,未归类
300227,光韵达,未知,,未归类
300228,富瑞特装,未知,,未归类
300229,拓尔思,未知,,未归类
300230,永利股份,未知,,未归类
300231,银信科技,未知,,未归类
300232,洲明科技,未知,,未归类
300233,金城医药,未知,,医药
300234,开尔新材,未知,,未归类
300235,方直科技,未知,,未归类
300236,上海新阳,未知,,未归类
300238,冠昊生物,未知,,未归类
300239,东宝生物,未知,,未归类
300240,飞力达,未知,,未归类
300241,瑞丰光电,未知,,未归类
300242,佳云科技,未知,,未归类
300243,瑞丰高材,未知,,未归类
300244,迪安诊断,未知,,未归类
300246,宝莱特,未知,,未归类
300247,融捷健康,未知,,未归类
300248,新开普,未知,,未归类
300249,依米康,未知,,未归类
300250,初灵信息,未知,,未归类
300251,光线传媒,未知,,传媒
300252,金信诺,未知,,未归类
300253,卫宁健康,未知,,未归类
300254,仟源医药,未知,,医药
300255,常山药业,未知,,未归类
300256,星星科技,未知,,未归类
300257,开山股份,未知,,未归类
300258,精锻科技,未知,,未归类
300259,新天科技,未知,,未归类
300260,新莱应材,未知,,未归类
300261,雅本化学,未知,,化工
300263,隆华科技,未知,,未归类
300264,佳创视讯,未知,,未归类
300265,通光线缆,未知,,未归类
300266,兴源环境,未知,,未归类
300267,尔康制药,未知,,未归类
300269,联建光电,未知,,未归类
300270,中威电子,未知,,未归类
300271,华宇软件,未知,,软件
300272,开能健康,未知,,未归类
300274,阳光电源,未知,,未归类
300275,梅安森,未知,,未归类
300276,三丰智能,未知,,未归类
300277,汽轮科技,未知,,未归类
300278,华昌达,未知,,未归类
300279,和晶科技,未知,,未归类
300281,金明精机,未知,,未归类
300283,温州宏丰,未知,,未归类
300284,苏交科,未知,,未归类
300285,国瓷材料,未知,,未归类
300286,安科瑞,未知,,未归类
300287,飞利信,未知,,未归类
300288,朗玛信息,未知,,未归类
300289,利德曼,未知,,未归类
300290,荣科科技,未知,,未归类
300291,百纳千成,未知,,未归类
300292,吴通控股,未知,,未归类
300293,蓝英装备,未知,,未归类
300294,博雅生物,未知,,未归类
300296,利亚德,未知,,未归类
300298,三诺生物,未知,,未归类
300299,富春股份,未知,,未归类
300300,海峡创新,未知,,未归类
300302,同有科技,未知,,未归类
300303,聚飞光电,未知,,未归类
300304,云意电气,未知,,未归类
300305,裕兴股份,未知,,未归类
300306,远方信息,未知,,未归类
300307,慈星股份,未知,,未归类
300308,中际旭创,未知,,未归类
300310,宜通世纪,未知,,未归类
300314,戴维医疗,未知,,医药
300315,掌趣科技,未知,,未归类
300316,晶盛机电,未知,,未归类
300317,珈伟新能,未知,,未归类
300318,博晖创新,未知,,未归类
300319,麦捷科技,未知,,未归类
300320,海达股份,未知,,未归类
300321,同大股份,未知,,未归类
300322,硕贝德,未知,,未归类
300323,华灿光电,未知,,未归类
300324,旋极信息,未知,,未归类
300327,中颖电子,未知,,未归类
300328,宜安科技,未知,,未归类
300329,海伦钢琴,未知,,未归类
300331,苏大维格,未知,,未归类
300332,天壕能源,未知,,未归类
300333,兆日科技,未知,,未归类
300334,津膜科技,未知,,未归类
300335,迪森股份,未知,,未归类
300337,银邦股份,未知,,未归类
300339,润和软件,未知,,软件
300340,科恒股份,未知,,未归类
300341,麦克奥迪,未知,,未归类
300342,天银机电,未知,,未归类
300345,华民股份,未知,,未归类
300346,南大光电,未知,,未归类
300347,泰格医药,未知,,医药
300348,长亮科技,未知,,未归类
300349,金卡智能,未知,,未归类
300350,华鹏飞,未知,,未归类
300351,永贵电器,未知,,未归类
300353,东土科技,未知,,未归类
300354,东华测试,未知,,未归类
300355,蒙草生态,未知,,未归类
300357,我武生物,未知,,未归类
300358,楚天科技,未知,,未归类
300359,全通教育,未知,,未归类
300360,炬华科技,未知,,未归类
300363,博腾股份,未知,,未归类
300364,中文在线,未知,,未归类
300365,恒华科技,未知,,未归类
300368,汇金股份,未知,,未归类
300369,绿盟科技,未知,,未归类
300370,安控科技,未知,,未归类
300371,汇中股份,未知,,未归类
300373,扬杰科技,未知,,未归类
300374,中铁装配,未知,,未归类
300375,鹏翎股份,未知,,未归类
300376,易事特,未知,,未归类
300377,赢时胜,未知,,未归类
300378,鼎捷数智,未知,,未归类
300380,安硕信息,未知,,未归类
300381,溢多利,未知,,未归类
300382,斯莱克,未知,,未归类
300383,光环新网,未知,,未归类
300384,三联虹普,未知,,未归类
300386,飞天诚信,未知,,未归类
300387,富邦科技,未知,,未归类
300388,节能国祯,未知,,未归类
300389,艾比森,未知,,未归类
300390,天华新能,未知,,未归类
300393,中来股份,未知,,未归类
300394,天孚通信,未知,,通信
300395,菲利华,未知,,未归类
300397,天和防务,未知,,未归类
300398,飞凯材料,未知,,未归类
300399,天利科技,未知,,未归类
300400,劲拓股份,未知,,未归类
300401,花园生物,未知,,未归类
300402,宝色股份,未知,,未归类
300403,汉宇集团,未知,,未归类
300404,博济医药,未知,,医药
300405,科隆股份,未知,,未归类
300406,九强生物,未知,,未归类
300407,凯发电气,未知,,未归类
300408,三环集团,未知,,未归类
300409,道氏技术,未知,,未归类
300410,正业科技,未知,,未归类
300411,金盾股份,未知,,未归类
300412,迦南科技,未知,,未归类
300413,芒果超媒,未知,,未归类
300414,中光防雷,未知,,未归类
300415,伊之密,未知,,未归类
300416,苏试试验,未知,,未归类
300417,南华仪器,未知,,未归类
300418,昆仑万维,未知,,未归类
300420,五洋自控,未知,,未归类
300421,力星股份,未知,,未归类
300422,博世科,未知,,未归类
300423,昇辉科技,未知,,未归类
300424,航新科技,未知,,未归类
300425,中建环能,未知,,未归类
300426,华智数媒,未知,,未归类
300427,红相股份,未知,,未归类
300428,立中集团,未知,,未归类
300429,强力新材,未知,,未归类
300432,富临精工,未知,,未归类
300433,蓝思科技,未知,,未归类
300434,金石亚药,未知,,未归类
300435,中泰股份,未知,,未归类
300436,广生堂,未知,,未归类
300437,清水源,未知,,未归类
300438,鹏辉能源,未知,,未归类
300439,美康生物,未知,,未归类
300440,运达科技,未知,,未归类
300441,鲍斯股份,未知,,未归类
300442,润泽科技,未知,,未归类
300443,金雷股份,未知,,未归类
300444,双杰电气,未知,,未归类
300445,康斯特,未知,,未归类
300446,航天智造,未知,,军工
300447,全信股份,未知,,未归类
300448,浩云科技,未知,,未归类
300449,汉邦高科,未知,,未归类
300450,先导智能,未知,,未归类
300451,创业慧康,未知,,未归类
300452,山河药辅,未知,,未归类
300453,三鑫医疗,未知,,医药
300454,深信服,未知,,未归类
300455,航天智装,未知,,军工
300456,赛微电子,未知,,未归类
300457,赢合科技,未知,,未归类
300458,全志科技,未知,,未归类
300459,汤姆猫,未知,,未归类
300461,田中精机,未知,,未归类
300463,迈克生物,未知,,未归类
300464,星徽股份,未知,,未归类
300465,高伟达,未知,,未归类
300466,赛摩智能,未知,,未归类
300467,迅游科技,未知,,未归类
300468,四方精创,未知,,未归类
300469,信息发展,未知,,未归类
300470,中密控股,未知,,未归类
300471,厚普股份,未知,,未归类
300473,德尔股份,未知,,未归类
300474,景嘉微,未知,,未归类
300475,香农芯创,未知,,未归类
300476,胜宏科技,未知,,未归类
300478,杭州高新,未知,,未归类
300479,神思电子,未知,,未归类
300480,光力科技,未知,,未归类
300481,濮阳惠成,未知,,未归类
300482,万孚生物,未知,,未归类
300483,首华燃气,未知,,未归类
300484,蓝海华腾,未知,,未归类
300485,赛升药业,未知,,未归类
300486,东杰智能,未知,,未归类
300487,蓝晓科技,未知,,未归类
300488,恒锋工具,未知,,未归类
300489,光智科技,未知,,未归类
300490,华自科技,未知,,未归类
300491,通合科技,未知,,未归类
300492,华图山鼎,未知,,未归类
300493,润欣科技,未知,,未归类
300494,盛天网络,未知,,未归类
300496,中科创达,未知,,未归类
300497,富祥药业,未知,,未归类
300498,温氏股份,未知,,未归类
300499,高澜股份,未知,,未归类
300500,启迪设计,未知,,未归类
300501,海顺新材,未知,,未归类
300502,新易盛,未知,,未归类
300503,昊志机电,未知,,未归类
300504,天邑股份,未知,,未归类
300505,川金诺,未知,,未归类
300507,苏奥传感,未知,,未归类
300508,维宏股份,未知,,未归类
300509,新美星,未知,,未归类
300510,金冠股份,未知,,未归类
300511,雪榕生物,未知,,未归类
300512,中亚股份,未知,,未归类
300513,恒实科技,未知,,未归类
300514,友讯达,未知,,未归类
300515,三德科技,未知,,未归类
300516,久之洋,未知,,未归类
300517,海波重科,未知,,未归类
300518,新迅达,未知,,未归类
300519,新光药业,未知,,未归类
300520,科大国创,未知,,未归类
300521,爱司凯,未知,,未归类
300522,世名科技,未知,,未归类
300523,辰安科技,未知,,未归类
300525,博思软件,未知,,软件
300528,幸福蓝海,未知,,未归类
300529,健帆生物,未知,,未归类
300530,领湃科技,未知,,未归类
300531,优博讯,未知,,未归类
300532,今天国际,未知,,未归类
300533,冰川网络,未知,,未归类
300534,陇神戎发,未知,,未归类
300535,达威股份,未知,,未归类
300536,农尚环境,未知,,未归类
300537,广信材料,未知,,未归类
300538,同益股份,未知,,未归类
300539,横河精密,未知,,未归类
300540,蜀道装备,未知,,未归类
300541,先进数通,未知,,未归类
300542,新晨科技,未知,,未归类
300543,朗科智能,未知,,未归类
300545,联得装备,未知,,未归类
300546,雄帝科技,未知,,未归类
300547,川环科技,未知,,未归类
300548,长芯博创,未知,,未归类
300549,优德精密,未知,,未归类
300550,和仁科技,未知,,未归类
300551,古鳌科技,未知,,未归类
300552,万集科技,未知,,未归类
300553,集智股份,未知,,未归类
300554,三超新材,未知,,未归类
300556,丝路视觉,未知,,未归类
300557,理工光科,未知,,未归类
300558,贝达药业,未知,,未归类
300559,佳发教育,未知,,未归类
300560,中富通,未知,,未归类
300562,乐心医疗,未知,,医药
300563,神宇股份,未知,,未归类
300564,筑博设计,未知,,未归类
300565,科信技术,未知,,未归类
300566,激智科技,未知,,未归类
300567,精测电子,未知,,未归类
300568,星源材质,未知,,未归类
300569,天能重工,未知,,未归类
300570,太辰光,未知,,未归类
300571,平治信息,未知,,未归类
300572,安车检测,未知,,未归类
300573,兴齐眼药,未知,,未归类
300575,中旗股份,未知,,未归类
300576,容大感光,未知,,未归类
300577,开润股份,未知,,未归类
300578,会畅科技,未知,,未归类
300579,数字认证,未知,,未归类
300580,贝斯特,未知,,未归类
300581,晨曦航空,未知,,军工
300582,英飞特,未知,,未归类
300583,赛托生物,未知,,未归类
300584,海辰药业,未知,,未归类
300585,奥联电子,未知,,未归类
300586,美联新材,未知,,未归类
300587,天铁科技,未知,,未归类
300588,熙菱信息,未知,,未归类
300589,江龙船艇,未知,,未归类
300590,移为通信,未知,,通信
300591,万里马,未知,,未归类
300592,华凯易佰,未知,,未归类
300593,新雷能,未知,,未归类
300595,欧普康视,未知,,未归类
300596,利安隆,未知,,未归类
300597,吉大通信,未知,,通信
300598,诚迈科技,未知,,未归类
300599,雄塑科技,未知,,未归类
300600,国瑞科技,未知,,未归类
300601,康泰生物,未知,,未归类
300602,飞荣达,未知,,未归类
300603,立昂技术,未知,,未归类
300604,长川科技,未知,,未归类
300605,恒锋信息,未知,,未归类
300606,金太阳,未知,,未归类
300607,拓斯达,未知,,未归类
300608,思特奇,未知,,未归类
300609,汇纳科技,未知,,未归类
300610,晨化股份,未知,,未归类
300611,美力科技,未知,,未归类
300612,宣亚国际,未知,,未归类
300613,富瀚微,未知,,未归类
300614,百川畅银,未知,,未归类
300615,欣天科技,未知,,未归类
300616,尚品宅配,未知,,未归类
300617,安靠智电,未知,,未归类
300618,寒锐钴业,未知,,有色金属
300619,金银河,未知,,未归类
300620,光库科技,未知,,未归类
300621,维业股份,未知,,未归类
300622,博士眼镜,未知,,未归类
300623,捷捷微电,未知,,未归类
300624,万兴科技,未知,,未归类
300625,三雄极光,未知,,未归类
300626,华瑞股份,未知,,未归类
300627,华测导航,未知,,未归类
300628,亿联网络,未知,,未归类
300629,新劲刚,未知,,未归类
300631,久吾高科,未知,,未归类
300632,光莆股份,未知,,未归类
300633,开立医疗,未知,,医药
300634,彩讯股份,未知,,未归类
300635,中达安,未知,,未归类
300636,同和药业,未知,,未归类
300637,扬帆新材,未知,,未归类
300638,广和通,未知,,未归类
300639,凯普生物,未知,,未归类
300640,德艺文创,未知,,未归类
300641,正丹股份,未知,,未归类
300642,透景生命,未知,,未归类
300643,万通智控,未知,,未归类
300644,南京聚隆,未知,,未归类
300645,正元智慧,未知,,未归类
300647,超频三,未知,,未归类
300648,星云股份,未知,,未归类
300649,杭州园林,未知,,未归类
300650,太龙股份,未知,,未归类
300651,金陵体育,未知,,未归类
300652,雷迪克,未知,,未归类
300653,正海生物,未知,,未归类
300654,世纪天鸿,未知,,未归类
300655,晶瑞电材,未知,,未归类
300656,民德电子,未知,,未归类
300657,弘信电子,未知,,未归类
300658,延江股份,未知,,未归类
300659,中孚信息,未知,,未归类
300660,江苏雷利,未知,,未归类
300661,圣邦股份,未知,,未归类
300662,科锐国际,未知,,未归类
300663,科蓝软件,未知,,软件
300664,鹏鹞环保,未知,,未归类
300665,飞鹿股份,未知,,未归类
300666,江丰电子,未知,,未归类
300667,必创科技,未知,,未归类
300668,杰恩股份,未知,,未归类
300669,沪宁股份,未知,,未归类
300670,大烨智能,未知,,未归类
300671,富满微,未知,,未归类
300672,国科微,未知,,未归类
300673,佩蒂股份,未知,,未归类
300674,宇信科技,未知,,未归类
300675,建科院,未知,,未归类
300676,华大基因,未知,,未归类
300677,英科医疗,未知,,医药
300678,中科信息,未知,,未归类
300679,电连技术,未知,,未归类
300680,隆盛科技,未知,,未归类
300681,英搏尔,未知,,未归类
300682,朗新科技,未知,,未归类
300683,海特生物,未知,,未归类
300684,中石科技,未知,,未归类
300685,艾德生物,未知,,未归类
300686,智动力,未知,,未归类
300687,赛意信息,未知,,未归类
300688,创业黑马,未知,,未归类
300689,澄天伟业,未知,,未归类
300690,双一科技,未知,,未归类
300691,联合光电,未知,,未归类
300692,中赋科技,未知,,未归类
300693,盛弘股份,未知,,未归类
300694,蠡湖股份,未知,,未归类
300695,兆丰股份,未知,,未归类
300696,爱乐达,未知,,未归类
300697,电工合金,未知,,未归类
300698,万马科技,未知,,未归类
300699,光威复材,未知,,未归类
300700,岱勒新材,未知,,未归类
300701,森霸传感,未知,,未归类
300702,天宇股份,未知,,未归类
300703,创源股份,未知,,未归类
300705,九典制药,未知,,未归类
300706,阿石创,未知,,未归类
300707,威唐工业,未知,,未归类
300708,聚灿光电,未知,,未归类
300709,精研科技,未知,,未归类
300710,万隆光电,未知,,未归类
300711,广哈通信,未知,,通信
300712,永福股份,未知,,未归类
300713,英可瑞,未知,,未归类
300715,凯伦股份,未知,,未归类
300717,华信新材,未知,,未归类
300718,长盛轴承,未知,,未归类
300719,安达维尔,未知,,未归类
300720,海川智能,未知,,未归类
300721,怡达股份,未知,,未归类
300722,新余国科,未知,,未归类
300723,一品红,未知,,未归类
300724,捷佳伟创,未知,,未归类
300725,药石科技,未知,,未归类
300726,宏达电子,未知,,未归类
300727,润禾材料,未知,,未归类
300729,乐歌股份,未知,,未归类
300730,科创信息,未知,,未归类
300731,科创新源,未知,,未归类
300732,设研院,未知,,未归类
300733,西菱动力,未知,,未归类
300735,光弘科技,未知,,未归类
300736,百邦科技,未知,,未归类
300737,科顺股份,未知,,未归类
300738,奥飞数据,未知,,未归类
300739,明阳电路,未知,,未归类
300740,水羊股份,未知,,未归类
300741,华宝股份,未知,,未归类
300743,天地数码,未知,,未归类
300745,欣锐科技,未知,,未归类
300746,汉嘉数智,未知,,未归类
300747,锐科激光,未知,,未归类
300748,金力永磁,未知,,未归类
300749,顶固集创,未知,,未归类
300750,宁德时代,未知,,未归类
300751,迈为股份,未知,,未归类
300752,隆利科技,未知,,未归类
300753,爱朋医疗,未知,,医药
300755,华致酒行,未知,,未归类
300756,金马游乐,未知,,未归类
300757,罗博特科,未知,,未归类
300758,七彩化学,未知,,化工
300759,康龙化成,未知,,未归类
300760,迈瑞医疗,未知,,医药
300761,立华股份,未知,,未归类
300762,上海瀚讯,未知,,未归类
300763,锦浪科技,未知,,未归类
300765,新诺威,未知,,未归类
300766,每日互动,未知,,未归类
300767,震安科技,未知,,未归类
300768,迪普科技,未知,,未归类
300769,德方纳米,未知,,未归类
300770,新媒股份,未知,,未归类
300771,智莱科技,未知,,未归类
300772,运达股份,未知,,未归类
300773,拉卡拉,未知,,未归类
300774,倍杰特,未知,,未归类
300775,三角防务,未知,,未归类
300776,帝尔激光,未知,,未归类
300777,中简科技,未知,,未归类
300778,新城市,未知,,未归类
300779,惠城环保,未知,,未归类
300780,德恩精工,未知,,未归类
300781,因赛集团,未知,,未归类
300782,卓胜微,未知,,未归类
300783,三只松鼠,未知,,未归类
300784,利安科技,未知,,未归类
300785,值得买,未知,,未归类
300786,国林科技,未知,,未归类
300787,海能实业,未知,,未归类
300788,中信出版,未知,,传媒
300789,唐源电气,未知,,未归类
300790,宇瞳光学,未知,,未归类
300791,仙乐健康,未知,,未归类
300792,壹网壹创,未知,,未归类
300793,佳禾智能,未知,,未归类
300795,米奥会展,未知,,未归类
300796,贝斯美,未知,,未归类
300797,钢研纳克,未知,,未归类
300798,锦鸡股份,未知,,未归类
300800,力合科技,未知,,未归类
300801,泰和科技,未知,,未归类
300802,矩子科技,未知,,未归类
300803,指南针,未知,,未归类
300804,广康生化,未知,,未归类
300805,电声股份,未知,,未归类
300806,斯迪克,未知,,未归类
300807,天迈科技,未知,,未归类
300808,久量股份,未知,,未归类
300809,华辰装备,未知,,未归类
300810,中科海讯,未知,,未归类
300811,铂科新材,未知,,未归类
300812,易天股份,未知,,未归类
300813,泰林生物,未知,,未归类
300814,中富电路,未知,,未归类
300815,玉禾田,未知,,未归类
300816,艾可蓝,未知,,未归类
300817,双飞集团,未知,,未归类
300818,耐普矿机,未知,,未归类
300819,聚杰微纤,未知,,未归类
300820,英杰电气,未知,,未归类
300821,东岳硅材,未知,,未归类
300822,贝仕达克,未知,,未归类
300823,建科智能,未知,,未归类
300824,北鼎股份,未知,,未归类
300825,阿尔特,未知,,未归类
300826,测绘股份,未知,,未归类
300827,上能电气,未知,,未归类
300828,锐新科技,未知,,未归类
300829,金丹科技,未知,,未归类
300830,金现代,未知,,未归类
300831,派瑞股份,未知,,未归类
300832,新产业,未知,,未归类
300833,浩洋股份,未知,,未归类
300834,星辉环材,未知,,未归类
300835,龙磁科技,未知,,未归类
300836,佰奥智能,未知,,未归类
300837,浙矿股份,未知,,未归类
300838,浙江力诺,未知,,未归类
300839,博汇股份,未知,,未归类
300840,酷特智能,未知,,未归类
300841,康华生物,未知,,未归类
300842,帝科股份,未知,,未归类
300843,胜蓝股份,未知,,未归类
300844,山水比德,未知,,未归类
300845,捷安高科,未知,,未归类
300846,首都在线,未知,,未归类
300847,中船汉光,未知,,未归类
300848,美瑞新材,未知,,未归类
300849,锦盛新材,未知,,未归类
300850,新强联,未知,,未归类
300851,交大思诺,未知,,未归类
300852,四会富仕,未知,,未归类
300853,申昊科技,未知,,未归类
300854,中兰环保,未知,,未归类
300855,图南股份,未知,,未归类
300856,科思股份,未知,,未归类
300857,协创数据,未知,,未归类
300858,科拓生物,未知,,未归类
300859,西域旅游,未知,,未归类
300860,锋尚文化,未知,,未归类
300861,美畅股份,未知,,未归类
300862,蓝盾光电,未知,,未归类
300863,卡倍亿,未知,,未归类
300864,南大环境,未知,,未归类
300865,大宏立,未知,,未归类
300866,安克创新,未知,,未归类
300867,圣元环保,未知,,未归类
300868,杰美特,未知,,未归类
300869,康泰医学,未知,,未归类
300870,欧陆通,未知,,未归类
300871,回盛生物,未知,,未归类
300872,天阳科技,未知,,未归类
300873,海晨股份,未知,,未归类
300875,捷强装备,未知,,未归类
300876,蒙泰高新,未知,,未归类
300877,金春股份,未知,,未归类
300878,维康药业,未知,,未归类
300879,大叶股份,未知,,未归类
300880,迦南智能,未知,,未归类
300881,盛德鑫泰,未知,,未归类
300882,万胜智能,未知,,未归类
300883,龙利得,未知,,未归类
300884,狄耐克,未知,,未归类
300885,海昌新材,未知,,未归类
300886,华业香料,未知,,未归类
300887,谱尼测试,未知,,未归类
300888,稳健医疗,未知,,医药
300889,爱克股份,未知,,未归类
300890,翔丰华,未知,,未归类
300891,惠云钛业,未知,,未归类
300892,品渥食品,未知,,未归类
300893,松原安全,未知,,未归类
300894,火星人,未知,,未归类
300895,铜牛信息,未知,,有色金属
300896,爱美客,未知,,未归类
300897,山科智能,未知,,未归类
300898,熊猫乳品,未知,,未归类
300900,广联航空,未知,,军工
300901,中胤时尚,未知,,未归类
300902,国安达,未知,,未归类
300903,科翔股份,未知,,未归类
300904,威力传动,未知,,未归类
300905,宝丽迪,未知,,未归类
300906,日月明,未知,,未归类
300907,康平科技,未知,,未归类
300908,仲景食品,未知,,未归类
300909,汇创达,未知,,未归类
300910,瑞丰新材,未知,,未归类
300911,亿田智能,未知,,未归类
300912,凯龙高科,未知,,未归类
300913,兆龙互连,未知,,未归类
300915,海融科技,未知,,未归类
300916,朗特智能,未知,,未归类
300917,特发服务,未知,,未归类
300918,南山智尚,未知,,未归类
300919,中伟新材,未知,,未归类
300920,润阳科技,未知,,未归类
300921,南凌科技,未知,,未归类
300922,天秦装备,未知,,未归类
300923,研奥股份,未知,,未归类
300925,法本信息,未知,,未归类
300926,博俊科技,未知,,未归类
300927,江天化学,未知,,化工
300928,华安鑫创,未知,,未归类
300929,华骐环保,未知,,未归类
300930,屹通新材,未知,,未归类
300931,通用电梯,未知,,未归类
300932,三友联众,未知,,未归类
300933,中辰股份,未知,,未归类
300935,盈建科,未知,,未归类
300936,中英科技,未知,,未归类
300937,药易购,未知,,未归类
300938,信测标准,未知,,未归类
300939,秋田微,未知,,未归类
300940,南极光,未知,,未归类
300941,创识科技,未知,,未归类
300942,易瑞生物,未知,,未归类
300943,春晖智控,未知,,未归类
300945,曼卡龙,未知,,未归类
300946,恒而达,未知,,未归类
300947,德必集团,未知,,未归类
300948,冠中生态,未知,,未归类
300949,奥雅股份,未知,,未归类
300950,德固特,未知,,未归类
300951,博硕科技,未知,,未归类
300952,恒辉安防,未知,,未归类
300953,震裕科技,未知,,未归类
300955,嘉亨家化,未知,,未归类
300956,英力股份,未知,,未归类
300957,贝泰妮,未知,,未归类
300958,建工修复,未知,,未归类
300959,线上线下,未知,,未归类
300960,通业科技,未知,,未归类
300961,深水海纳,未知,,未归类
300962,中金辐照,未知,,未归类
300963,中洲特材,未知,,未归类
300964,本川智能,未知,,未归类
300965,恒宇信通,未知,,未归类
300966,共同药业,未知,,未归类
300967,晓鸣股份,未知,,未归类
300968,格林精密,未知,,未归类
300969,恒帅股份,未知,,未归类
300970,华绿生物,未知,,未归类
300971,博亚精工,未知,,未归类
300972,万辰集团,未知,,未归类
300973,立高食品,未知,,未归类
300975,商络电子,未知,,未归类
300976,达瑞电子,未知,,未归类
300977,深圳瑞捷,未知,,未归类
300978,东箭科技,未知,,未归类
300979,华利集团,未知,,未归类
300980,祥源新材,未知,,未归类
300981,中红医疗,未知,,医药
300982,苏文电能,未知,,未归类
300983,尤安设计,未知,,未归类
300984,金沃股份,未知,,未归类
300985,致远新能,未知,,未归类
300986,志特新材,未知,,未归类
300987,川网传媒,未知,,传媒
300988,津荣天宇,未知,,未归类
300989,蕾奥规划,未知,,未归类
300990,同飞股份,未知,,未归类
300991,创益通,未知,,未归类
300992,泰福泵业,未知,,未归类
300993,玉马科技,未知,,未归类
300994,久祺股份,未知,,未归类
300995,奇德新材,未知,,未归类
300996,普联软件,未知,,软件
300997,欢乐家,未知,,未归类
300998,宁波方正,未知,,未归类
300999,金龙鱼,未知,,未归类
301000,肇民科技,未知,,未归类
301001,凯淳股份,未知,,未归类
301002,崧盛股份,未知,,未归类
301003,江苏博云,未知,,未归类
301004,嘉益股份,未知,,未归类
301005,超捷股份,未知,,未归类
301006,迈拓股份,未知,,未归类
301007,德迈仕,未知,,未归类
301008,宏昌科技,未知,,未归类
301009,可靠股份,未知,,未归类
301010,晶雪节能,未知,,未归类
301011,华立科技,未知,,未归类
301012,扬电科技,未知,,未归类
301013,利和兴,未知,,未归类
301015,百洋医药,未知,,医药
301016,雷尔伟,未知,,未归类
301017,漱玉平民,未知,,未归类
301018,申菱环境,未知,,未归类
301019,宁波色母,未知,,未归类
301020,密封科技,未知,,未归类
301021,英诺激光,未知,,未归类
301022,海泰科,未知,,未归类
301023,奕帆传动,未知,,未归类
301024,霍普股份,未知,,未归类
301025,读客文化,未知,,未归类
301026,浩通科技,未知,,未归类
301027,华蓝集团,未知,,未归类
301028,鼎熔岩,未知,,未归类
301029,怡合达,未知,,未归类
301031,中熔电气,未知,,未归类
301032,新柴股份,未知,,未归类
301033,迈普医学,未知,,未归类
301035,润丰股份,未知,,未归类
301036,双乐股份,未知,,未归类
301037,保立佳,未知,,未归类
301038,深水规院,未知,,未归类
301039,中集车辆,未知,,未归类
301040,中环海陆,未知,,未归类
301041,金百泽,未知,,未归类
301042,安联锐视,未知,,未归类
301043,绿岛风,未知,,未归类
301045,天禄科技,未知,,未归类
301046,能辉科技,未知,,未归类
301047,义翘神州,未知,,未归类
301048,金鹰重工,未知,,未归类
301049,超越科技,未知,,未归类
301050,雷电微力,未知,,未归类
301051,信濠光电,未知,,未归类
301052,果麦文化,未知,,未归类
301053,远信工业,未知,,未归类
301055,张小泉,未知,,未归类
301056,森赫股份,未知,,未归类
301057,汇隆新材,未知,,未归类
301058,中粮科工,未知,,未归类
301059,金三江,未知,,未归类
301060,兰卫医学,未知,,未归类
301061,匠心家居,未知,,未归类
301062,上海艾录,未知,,未归类
301063,海锅股份,未知,,未归类
301065,本立科技,未知,,未归类
301066,万事利,未知,,未归类
301067,显盈科技,未知,,未归类
301068,大地海洋,未知,,未归类
301069,凯盛新材,未知,,未归类
301070,开勒股份,未知,,未归类
301071,力量钻石,未知,,未归类
301072,中捷精工,未知,,未归类
301073,君亭酒店,未知,,未归类
301075,多瑞医药,未知,,医药
301076,新瀚新材,未知,,未归类
301077,星华新材,未知,,未归类
301078,孩子王,未知,,未归类
301079,邵阳液压,未知,,未归类
301080,百普赛斯,未知,,未归类
301081,严牌股份,未知,,未归类
301082,久盛电气,未知,,未归类
301083,百胜智能,未知,,未归类
301085,亚康股份,未知,,未归类
301086,鸿富瀚,未知,,未归类
301087,可孚医疗,未知,,医药
301088,戎美股份,未知,,未归类
301089,拓新药业,未知,,未归类
301090,华润材料,未知,,未归类
301091,深城交,未知,,未归类
301092,争光股份,未知,,未归类
301093,华兰股份,未知,,未归类
301095,广立微,未知,,未归类
301096,百诚医药,未知,,医药
301097,天益医疗,未知,,医药
301098,金埔园林,未知,,未归类
301099,雅创电子,未知,,未归类
301100,风光股份,未知,,未归类
301101,明月镜片,未知,,未归类
301102,兆讯传媒,未知,,传媒
301103,何氏眼科,未知,,未归类
301105,鸿铭股份,未知,,未归类
301106,骏成科技,未知,,未归类
301107,瑜欣电子,未知,,未归类
301108,洁雅股份,未知,,未归类
301109,军信股份,未知,,未归类
301110,青木科技,未知,,未归类
301111,粤万年青,未知,,未归类
301112,信邦智能,未知,,未归类
301113,雅艺科技,未知,,未归类
301115,联检科技,未知,,未归类
301116,益客食品,未知,,未归类
301117,佳缘科技,未知,,未归类
301118,恒光股份,未知,,未归类
301119,正强股份,未知,,未归类
301120,新特电气,未知,,未归类
301121,紫建电子,未知,,未归类
301122,采纳股份,未知,,未归类
301123,奕东电子,未知,,未归类
301125,腾亚精工,未知,,未归类
301126,达嘉维康,未知,,未归类
301127,武汉天源,未知,,未归类
301128,强瑞技术,未知,,未归类
301129,瑞纳智能,未知,,未归类
301130,西点药业,未知,,未归类
301131,聚赛龙,未知,,未归类
301132,满坤科技,未知,,未归类
301133,金钟股份,未知,,未归类
301135,瑞德智能,未知,,未归类
301136,招标股份,未知,,未归类
301137,哈焊华通,未知,,未归类
301138,华研精机,未知,,未归类
301139,元道通信,未知,,通信
301141,中科磁业,未知,,未归类
301148,嘉戎技术,未知,,未归类
301149,隆华新材,未知,,未归类
301150,中一科技,未知,,未归类
301151,冠龙节能,未知,,未归类
301152,天力锂能,未知,,未归类
301153,中科江南,未知,,未归类
301155,海力风电,未知,,新能源
301156,美农生物,未知,,未归类
301157,华塑科技,未知,,未归类
301158,德石股份,未知,,未归类
301159,三维天地,未知,,未归类
301160,翔楼新材,未知,,未归类
301161,唯万密封,未知,,未归类
301162,国能日新,未知,,未归类
301163,宏德股份,未知,,未归类
301165,锐捷网络,未知,,未归类
301166,优宁维,未知,,未归类
301167,建研设计,未知,,未归类
301168,通灵股份,未知,,未归类
301169,零点有数,未知,,未归类
301170,锡南科技,未知,,有色金属
301171,易点天下,未知,,未归类
301172,君逸数码,未知,,未归类
301173,毓恬冠佳,未知,,未归类
301175,中科环保,未知,,未归类
301176,逸豪新材,未知,,未归类
301177,迪阿股份,未知,,未归类
301178,天亿马,未知,,未归类
301179,泽宇智能,未知,,未归类
301180,万祥科技,未知,,未归类
301181,标榜股份,未知,,未归类
301182,凯旺科技,未知,,未归类
301183,东田微,未知,,未归类
301185,鸥玛软件,未知,,软件
301186,超达装备,未知,,未归类
301187,欧圣电气,未知,,未归类
301188,力诺药包,未知,,未归类
301189,奥尼电子,未知,,未归类
301190,善水科技,未知,,未归类
301191,菲菱科思,未知,,未归类
301192,泰祥股份,未知,,未归类
301193,家联科技,未知,,未归类
301195,北路智控,未知,,未归类
301196,唯科科技,未知,,未归类
301197,工大科雅,未知,,未归类
301198,喜悦智行,未知,,未归类
301199,迈赫股份,未知,,未归类
301200,大族数控,未知,,未归类
301201,诚达药业,未知,,未归类
301202,朗威股份,未知,,未归类
301203,国泰环保,未知,,未归类
301205,联特科技,未知,,未归类
301206,三元生物,未知,,未归类
301207,华兰疫苗,未知,,医药
301208,中亦科技,未知,,未归类
301209,联合化学,未知,,化工
301210,金杨精密,未知,,未归类
301211,亨迪药业,未知,,未归类
301212,联盛化学,未知,,化工
301213,观想科技,未知,,未归类
301215,中汽股份,未知,,未归类
301216,万凯新材,未知,,未归类
301217,铜冠铜箔,未知,,有色金属
301218,华是科技,未知,,未归类
301219,腾远钴业,未知,,有色金属
301220,亚香股份,未知,,未归类
301221,光庭信息,未知,,未归类
301222,浙江恒威,未知,,未归类
301223,中荣股份,未知,,未归类
301225,恒勃股份,未知,,未归类
301226,祥明智能,未知,,未归类
301227,森鹰窗业,未知,,未归类
301228,实朴检测,未知,,未归类
301229,纽泰格,未知,,未归类
301230,泓博医药,未知,,医药
301231,荣信文化,未知,,未归类
301232,飞沃科技,未知,,未归类
301233,盛帮股份,未知,,未归类
301234,五洲医疗,未知,,医药
301235,华康洁净,未知,,未归类
301236,软通动力,未知,,未归类
301237,和顺科技,未知,,未归类
301238,瑞泰新材,未知,,未归类
301239,普瑞眼科,未知,,未归类
301246,宏源药业,未知,,未归类
301248,杰创智能,未知,,未归类
301251,威尔高,未知,,未归类
301252,同星科技,未知,,未归类
301255,通力科技,未知,,未归类
301256,华融化学,未知,,化工
301257,普蕊斯,未知,,未归类
301258,富士莱,未知,,未归类
301259,艾布鲁,未知,,未归类
301260,格力博,未知,,未归类
301261,恒工精密,未知,,未归类
301262,海看股份,未知,,未归类
301263,泰恩康,未知,,未归类
301265,华新科技,未知,,未归类
301266,宇邦新材,未知,,未归类
301267,华厦眼科,未知,,未归类
301268,铭利达,未知,,未归类
301269,华大九天,未知,,未归类
301270,汉仪股份,未知,,未归类
301272,英华特,未知,,未归类
301273,瑞晨环保,未知,,未归类
301275,汉朔科技,未知,,未归类
301276,嘉曼服饰,未知,,未归类
301277,新天地,未知,,未归类
301278,快可电子,未知,,未归类
301279,金道科技,未知,,未归类
301280,珠城科技,未知,,未归类
301281,科源制药,未知,,未归类
301282,金禄电子,未知,,未归类
301283,聚胶股份,未知,,未归类
301285,鸿日达,未知,,未归类
301286,侨源股份,未知,,未归类
301287,康力源,未知,,未归类
301289,国缆检测,未知,,未归类
301290,东星医疗,未知,,医药
301291,明阳电气,未知,,未归类
301292,海科新源,未知,,未归类
301293,三博脑科,未知,,未归类
301295,美硕科技,未知,,未归类
301296,新巨丰,未知,,未归类
301297,富乐德,未知,,未归类
301298,东利机械,未知,,未归类
301299,卓创资讯,未知,,未归类
301300,远翔新材,未知,,未归类
301301,川宁生物,未知,,未归类
301302,华如科技,未知,,未归类
301303,真兰仪表,未知,,未归类
301305,朗坤科技,未知,,未归类
301306,西测测试,未知,,未归类
301307,美利信,未知,,未归类
301308,江波龙,未知,,未归类
301309,万得凯,未知,,未归类
301310,鑫宏业,未知,,未归类
301311,昆船智能,未知,,未归类
301312,智立方,未知,,未归类
301313,凡拓数创,未知,,未归类
301314,科瑞思,未知,,未归类
301315,威士顿,未知,,未归类
301316,慧博云通,未知,,未归类
301317,鑫磊股份,未知,,未归类
301318,维海德,未知,,未归类
301319,唯特偶,未知,,未归类
301320,豪江智能,未知,,未归类
301321,翰博高新,未知,,未归类
301322,绿通科技,未知,,未归类
301323,新莱福,未知,,未归类
301325,曼恩斯特,未知,,未归类
301326,捷邦科技,未知,,未归类
301327,华宝新能,未知,,未归类
301328,维峰电子,未知,,未归类
301329,信音电子,未知,,未归类
301330,熵基科技,未知,,未归类
301331,恩威医药,未知,,医药
301332,德尔玛,未知,,未归类
301333,诺思格,未知,,未归类
301335,天元宠物,未知,,未归类
301336,趣睡科技,未知,,未归类
301337,亚华电子,未知,,未归类
301338,凯格精机,未知,,未归类
301339,通行宝,未知,,未归类
301345,涛涛车业,未知,,未归类
301348,蓝箭电子,未知,,未归类
301349,信德新材,未知,,未归类
301353,普莱得,未知,,未归类
301355,南王科技,未知,,未归类
301356,天振股份,未知,,未归类
301357,北方长龙,未知,,未归类
301358,湖南裕能,未知,,未归类
301359,东南电子,未知,,未归类
301360,荣旗科技,未知,,未归类
301361,众智科技,未知,,未归类
301362,民爆光电,未知,,未归类
301363,美好医疗,未知,,医药
301365,矩阵股份,未知,,未归类
301366,一博科技,未知,,未归类
301367,瑞迈特,未知,,未归类
301368,丰立智能,未知,,未归类
301369,联动科技,未知,,未归类
301370,国科恒泰,未知,,未归类
301371,敷尔佳,未知,,未归类
301372,科净源,未知,,未归类
301373,凌玮科技,未知,,未归类
301376,致欧科技,未知,,未归类
301377,鼎泰高科,未知,,未归类
301378,通达海,未知,,未归类
301379,天山电子,未知,,未归类
301380,挖金客,未知,,未归类
301381,赛维时代,未知,,未归类
301382,蜂助手,未知,,未归类
301383,天键股份,未知,,未归类
301386,未来电器,未知,,未归类
301387,光大同创,未知,,未归类
301388,欣灵电气,未知,,未归类
301389,隆扬电子,未知,,未归类
301390,经纬股份,未知,,未归类
301391,卡莱特,未知,,未归类
301392,汇成真空,未知,,未归类
301393,昊帆生物,未知,,未归类
301395,仁信新材,未知,,未归类
301396,宏景科技,未知,,未归类
301397,溯联股份,未知,,未归类
301398,星源卓镁,未知,,未归类
301399,英特科技,未知,,未归类
301408,华人健康,未知,,未归类
301413,安培龙,未知,,未归类
301418,协昌科技,未知,,未归类
301419,阿莱德,未知,,未归类
301421,波长光电,未知,,未归类
301428,世纪恒通,未知,,未归类
301429,森泰股份,未知,,未归类
301439,泓淋电力,未知,,电力
301446,福事特,未知,,未归类
301448,开创电气,未知,,未归类
301449,天溯计量,未知,,未归类
301456,盘古智能,未知,,未归类
301458,钧崴电子,未知,,未归类
301459,丰茂股份,未知,,未归类
301468,博盈特焊,未知,,未归类
301469,恒达新材,未知,,未归类
301479,弘景光电,未知,,未归类
301486,致尚科技,未知,,未归类
301487,盟固利,未知,,未归类
301488,豪恩汽电,未知,,未归类
301489,思泉新材,未知,,未归类
301491,汉桑科技,未知,,未归类
301498,乖宝宠物,未知,,未归类
301499,维科精密,未知,,未归类
301500,飞南资源,未知,,未归类
301501,恒鑫生活,未知,,未归类
301502,华阳智能,未知,,未归类
301503,智迪科技,未知,,未归类
301505,苏州规划,未知,,未归类
301507,民生健康,未知,,未归类
301508,中机认检,未知,,未归类
301509,金凯生科,未知,,未归类
301510,固高科技,未知,,未归类
301511,德福科技,未知,,未归类
301512,智信精密,未知,,未归类
301513,尚水智能,未知,,未归类
301515,港通医疗,未知,,医药
301516,中远通,未知,,未归类
301517,陕西华达,未知,,未归类
301518,长华化学,未知,,化工
301519,舜禹股份,未知,,未归类
301520,万邦医药,未知,,医药
301522,上大股份,未知,,未归类
301525,儒竞科技,未知,,未归类
301526,国际复材,未知,,未归类
301528,多浦乐,未知,,未归类
301529,福赛科技,未知,,未归类
301531,N春光集,未知,,未归类
301533,威马农机,未知,,未归类
301535,浙江华远,未知,,未归类
301536,星宸科技,未知,,未归类
301538,骏鼎达,未知,,未归类
301539,宏鑫科技,未知,,未归类
301548,崇德科技,未知,,未归类
301550,斯菱智驱,未知,,未归类
301551,无线传媒,未知,,传媒
301552,科力装备,未知,,未归类
301555,惠柏新材,未知,,未归类
301556,托普云农,未知,,未归类
301557,常友科技,未知,,未归类
301558,三态股份,未知,,未归类
301559,中集环科,未知,,未归类
301560,众捷汽车,未知,,汽车
301563,云汉芯城,未知,,未归类
301565,中仑新材,未知,,未归类
301566,达利凯普,未知,,未归类
301567,贝隆精密,未知,,未归类
301568,思泰克,未知,,未归类
301571,国科天成,未知,,未归类
301575,艾芬达,未知,,未归类
301577,美信科技,未知,,未归类
301578,辰奕智能,未知,,未归类
301580,爱迪特,未知,,未归类
301581,黄山谷捷,未知,,未归类
301584,建发致新,未知,,未归类
301585,蓝宇股份,未知,,未归类
301586,佳力奇,未知,,未归类
301587,中瑞股份,未知,,未归类
301588,美新科技,未知,,未归类
301589,诺瓦星云,未知,,未归类
301590,优优绿能,未知,,未归类
301591,肯特股份,未知,,未归类
301592,六九一二,未知,,未归类
301595,太力科技,未知,,未归类
301596,瑞迪智驱,未知,,未归类
301598,博科测试,未知,,未归类
301599,C理奇,未知,,未归类
301600,慧翰股份,未知,,未归类
301601,惠通科技,未知,,未归类
301602,超研股份,未知,,未归类
301603,乔锋智能,未知,,未归类
301606,绿联科技,未知,,未归类
301607,富特科技,未知,,未归类
301608,博实结,未知,,未归类
301609,山大电力,未知,,电力
301611,珂玛科技,未知,,未归类
301613,新铝时代,未知,,有色金属
301616,浙江华业,未知,,未归类
301617,博苑股份,未知,,未归类
301618,长联科技,未知,,未归类
301622,英思特,未知,,未归类
301626,苏州天脉,未知,,未归类
301628,强达电路,未知,,未归类
301629,矽电股份,未知,,未归类
301630,同宇新材,未知,,未归类
301631,壹连科技,未知,,未归类
301632,广东建科,未知,,未归类
301633,港迪技术,未知,,未归类
301636,泽润新能,未知,,未归类
301638,南网数字,未知,,未归类
301656,联合动力,未知,,未归类
301658,首航新能,未知,,未归类
301662,宏工科技,未知,,未归类
301665,泰禾股份,未知,,未归类
301666,大普微,未知,,未归类
301667,纳百川,未知,,未归类
301668,昊创瑞通,未知,,未归类
301678,新恒汇,未知,,未归类
301680,固德电材,未知,,未归类
301682,宏明电子,未知,,未归类
301683,慧谷新材,未知,,未归类
301687,新广益,未知,,未归类
301696,三瑞智能,未知,,未归类
302132,中航成飞,未知,,未归类
