股票代码,股票名称,热点标签,综合评分,所属市场,所属板块,最新收盘价,MA5,可买股数,预计占用资金,最近5日振幅,最近5日涨幅,最近5日平均成交额,昨收,今日开盘,上午最高,上午最低,午盘价,今日最高,今日最低,收盘价,今日成交额
002484,江海股份,未归类,153.37,深市主板,未标记,44.35,43.61,600,26610.0,21.69,9.7,2173794467.51,,,,,,,,,
301171,易点天下,未归类,153.0,创业板,未标记,42.72,41.47,700,29904.0,36.16,19.23,3744023778.38,,,,,,,,,
002580,圣阳股份,未归类,148.0,深市主板,未标记,34.17,32.21,800,27336.0,31.6,14.74,4111290958.39,,,,,,,,,
300085,银之杰,未归类,147.55,创业板,未标记,42.42,41.43,700,29694.0,18.78,7.72,2177772215.41,,,,,,,,,
000960,锡业股份,有色金属,146.63,深市主板,未标记,40.7,40.15,700,28490.0,18.31,5.82,3667709721.41,,,,,,,,,
603881,数据港,AI；算力,145.59,沪市主板,未标记,40.23,40.16,700,28161.0,17.79,4.49,3220818567.05,,,,,,,,,
002902,铭普光磁,未归类,143.7,深市主板,未标记,37.18,35.21,800,29744.0,30.03,16.96,1689970975.68,,,,,,,,,
300900,广联航空,军工；低空经济,140.73,创业板,未标记,47.42,47.04,600,28452.0,15.37,4.43,2027465213.41,,,,,,,,,
300748,金力永磁,未归类,140.66,创业板,未标记,35.73,35.43,800,28584.0,15.5,2.67,1988478088.15,,,,,,,,,
300846,首都在线,未归类,140.49,创业板,未标记,31.41,30.81,900,28269.0,20.69,6.66,1636881301.92,,,,,,,,,
300762,上海瀚讯,未归类,139.95,创业板,未标记,46.5,46.26,600,27900.0,14.98,3.49,2830387148.28,,,,,,,,,
000034,神州数码,未归类,139.54,深市主板,未标记,41.79,41.05,700,29253.0,14.77,5.99,2170504733.23,,,,,,,,,
000062,深圳华强,未归类,138.01,深市主板,未标记,37.39,37.27,800,29912.0,14.01,1.38,3951599398.98,,,,,,,,,
601208,东材科技,软件,137.19,沪市主板,未标记,47.25,45.07,600,28350.0,22.09,15.1,4358415794.92,,,,,,,,,
601168,西部矿业,未归类,137.11,沪市主板,未标记,33.42,32.13,800,26736.0,16.06,8.12,2462239261.92,,,,,,,,,
002273,水晶光电,半导体；消费电子,137.02,深市主板,未标记,37.99,36.03,700,26593.0,22.01,14.46,3178970093.68,,,,,,,,,
600176,中国巨石,未归类,136.59,沪市主板,未标记,37.82,37.75,700,26474.0,13.3,2.22,5331371583.56,,,,,,,,,
603067,振华股份,未归类,136.05,沪市主板,未标记,40.52,39.63,700,28364.0,19.6,9.51,1562104894.17,,,,,,,,,
002179,中航光电,半导体；军工；消费电子,135.46,深市主板,未标记,40.85,38.43,700,28595.0,17.73,9.93,2941244937.72,,,,,,,,,
002885,京泉华,未归类,134.99,深市主板,未标记,38.67,37.09,700,27069.0,31.16,15.33,1399613057.35,,,,,,,,,
300433,蓝思科技,消费电子；软件,133.62,创业板,未标记,30.48,28.82,900,27432.0,20.31,14.5,3660451663.56,,,,,,,,,
600580,卧龙电驱,未归类,133.15,沪市主板,未标记,40.48,40.04,700,28336.0,11.57,5.12,2380197718.41,,,,,,,,,
300115,长盈精密,消费电子,132.89,创业板,未标记,35.87,35.51,800,28696.0,11.44,5.66,2377138180.61,,,,,,,,,
600362,江西铜业,有色金属,132.48,沪市主板,未标记,49.14,48.14,600,29484.0,11.24,4.71,3232999771.48,,,,,,,,,
300285,国瓷材料,化工,132.3,创业板,未标记,41.01,38.82,700,28707.0,13.65,9.56,2283963260.53,,,,,,,,,
600961,株冶集团,未归类,131.73,沪市主板,未标记,30.33,29.51,900,27297.0,16.87,10.25,2499904653.52,,,,,,,,,
600206,有研新材,化工,131.6,沪市主板,未标记,31.92,30.52,900,28728.0,19.3,13.68,3286292863.08,,,,,,,,,
605090,九丰能源,电力,131.59,沪市主板,未标记,45.6,45.03,600,27360.0,14.2,1.69,1773146856.41,,,,,,,,,
601231,环旭电子,半导体；消费电子,130.2,沪市主板,未标记,42.76,41.29,700,29932.0,12.6,9.7,2055545180.82,,,,,,,,,
688249,晶合集成,未归类,129.31,科创板,未标记,35.75,34.49,800,28600.0,13.16,7.33,1933120994.82,,,,,,,,,
600343,航天动力,军工；低空经济；汽车,128.87,沪市主板,未标记,38.5,36.99,700,26950.0,17.94,10.7,2241877080.8,,,,,,,,,
300499,高澜股份,未归类,128.62,创业板,未标记,43.74,43.37,600,26244.0,13.34,8.05,1731213452.91,,,,,,,,,
002213,大为股份,未归类,127.62,深市主板,未标记,43.51,42.17,600,26106.0,22.16,11.28,1676509667.95,,,,,,,,,
603031,安孚科技,软件,127.6,沪市主板,未标记,48.56,47.1,600,29136.0,29.32,14.56,1198738082.71,,,,,,,,,
002436,兴森科技,软件,127.59,深市主板,未标记,33.45,32.1,800,26760.0,17.29,13.51,5252647611.13,,,,,,,,,
300316,晶盛机电,机器人,124.11,创业板,未标记,47.89,46.46,600,28734.0,13.86,7.35,1713224026.69,,,,,,,,,
002396,星网锐捷,未归类,123.26,深市主板,未标记,32.1,29.41,900,28890.0,27.12,19.29,1367146123.77,,,,,,,,,
688102,斯瑞新材,化工,123.06,科创板,未标记,45.81,45.22,600,27486.0,13.88,8.04,1510138308.44,,,,,,,,,
002158,汉钟精机,机器人,120.1,深市主板,未标记,32.69,31.94,900,29421.0,22.54,7.64,834200028.34,,,,,,,,,
600536,中国软件,软件,118.16,沪市主板,未标记,41.59,41.13,700,29113.0,14.4,7.11,1312071244.43,,,,,,,,,
300790,宇瞳光学,未归类,117.89,创业板,未标记,34.61,32.33,800,27688.0,24.85,19.72,1339641929.92,,,,,,,,,
605111,新洁能,未归类,116.83,沪市主板,未标记,48.15,44.58,600,28890.0,21.88,16.47,1502302086.79,,,,,,,,,
300322,硕贝德,未归类,116.45,创业板,未标记,32.3,32.17,900,29070.0,14.52,4.7,1246927809.99,,,,,,,,,
600141,兴发集团,未归类,115.57,沪市主板,未标记,33.73,32.86,800,26984.0,11.01,1.78,1451379408.66,,,,,,,,,
002138,顺络电子,半导体；消费电子,113.57,深市主板,未标记,37.2,36.57,800,29760.0,12.04,7.48,1316517839.0,,,,,,,,,
300911,亿田智能,AI,113.5,创业板,未标记,35.69,35.45,800,28552.0,33.57,10.15,516820845.1,,,,,,,,,
603978,深圳新星,未归类,113.27,沪市主板,未标记,31.43,30.15,900,28287.0,21.05,6.07,872352053.56,,,,,,,,,
000603,盛达资源,未归类,112.63,深市主板,未标记,39.1,39.09,700,27370.0,13.55,3.47,1184113154.67,,,,,,,,,
301363,美好医疗,医药,112.4,创业板,未标记,34.1,31.16,800,27280.0,28.86,12.65,889510987.74,,,,,,,,,
300161,华中数控,未归类,112.34,创业板,未标记,38.23,37.92,700,26761.0,26.84,13.01,688931404.31,,,,,,,,,
002903,宇环数控,未归类,112.01,深市主板,未标记,48.6,45.36,600,29160.0,30.84,18.22,800254747.94,,,,,,,,,
300480,光力科技,软件,111.47,创业板,未标记,37.99,37.86,700,26593.0,15.7,4.83,1002016175.79,,,,,,,,,
605222,起帆电缆,未归类,110.22,沪市主板,未标记,41.0,37.98,700,28700.0,25.85,17.88,1017237699.48,,,,,,,,,
300699,光威复材,未归类,108.12,创业板,未标记,36.06,35.46,800,28848.0,12.12,5.56,1129308732.72,,,,,,,,,
688381,帝奥微,未归类,107.12,科创板,未标记,34.2,33.57,800,27360.0,17.5,2.06,737454234.77,,,,,,,,,
301297,富乐德,未归类,106.19,创业板,未标记,48.82,46.83,600,29292.0,17.51,11.97,1272527916.29,,,,,,,,,
300745,欣锐科技,软件,105.9,创业板,未标记,45.63,42.54,600,27378.0,29.36,15.55,639272828.48,,,,,,,,,
603392,万泰生物,医药,105.23,沪市主板,未标记,43.31,42.56,600,25986.0,19.97,8.71,509614489.69,,,,,,,,,
301246,宏源药业,医药,104.8,创业板,未标记,32.3,31.61,900,29070.0,16.64,-0.22,1050834382.18,,,,,,,,,
603156,养元饮品,未归类,103.43,沪市主板,未标记,43.02,41.84,600,25812.0,16.33,4.14,692474887.36,,,,,,,,,
300257,开山股份,未归类,103.27,创业板,未标记,36.31,34.6,800,29048.0,23.9,11.65,749352264.94,,,,,,,,,
301382,蜂助手,未归类,102.85,创业板,未标记,48.88,47.61,600,29328.0,13.44,7.05,866037713.02,,,,,,,,,
000962,东方钽业,未归类,102.8,深市主板,未标记,48.51,48.2,600,29106.0,11.69,4.71,980513282.09,,,,,,,,,
600391,航发科技,软件,101.42,沪市主板,未标记,42.75,41.22,700,29925.0,20.34,12.35,924881691.69,,,,,,,,,
300780,德恩精工,未归类,100.73,创业板,未标记,31.45,29.05,900,28305.0,28.55,17.44,521208186.4,,,,,,,,,
300777,中简科技,软件,100.53,创业板,未标记,41.39,40.23,700,28973.0,12.82,8.44,829453131.33,,,,,,,,,
688593,新相微,未归类,100.43,科创板,未标记,38.86,38.15,700,27202.0,21.5,13.16,647649632.48,,,,,,,,,
300001,特锐德,未归类,99.1,创业板,未标记,32.85,30.87,900,29565.0,12.53,7.6,1134876286.68,,,,,,,,,
688484,南芯科技,软件,98.24,科创板,未标记,45.42,43.62,600,27252.0,21.33,15.69,752952489.36,,,,,,,,,
002831,裕同科技,软件,96.65,深市主板,未标记,44.01,40.47,600,26406.0,23.81,17.2,701052323.11,,,,,,,,,
300676,华大基因,未归类,95.7,创业板,未标记,42.59,42.46,700,29813.0,14.94,5.29,527549477.66,,,,,,,,,
688107,安路科技,软件,95.44,科创板,未标记,38.77,37.51,700,27139.0,15.87,9.12,623567755.12,,,,,,,,,
300539,横河精密,消费电子,94.17,创业板,未标记,33.96,31.76,800,27168.0,24.22,14.27,590901058.36,,,,,,,,,
300739,明阳电路,未归类,93.81,创业板,未标记,30.3,29.51,900,27270.0,10.43,8.21,765017259.58,,,,,,,,,
601606,长城军工,军工,93.56,沪市主板,未标记,40.88,39.05,700,28616.0,11.97,7.95,820458192.33,,,,,,,,,
688172,燕东微,未归类,93.31,科创板,未标记,49.36,47.43,600,29616.0,14.98,13.71,1011749326.56,,,,,,,,,
301079,邵阳液压,未归类,93.23,创业板,未标记,46.23,45.81,600,27738.0,13.13,5.26,565700119.61,,,,,,,,,
688180,君实生物,医药,92.51,科创板,未标记,41.41,40.64,700,28987.0,10.1,3.86,743767302.28,,,,,,,,,
003018,金富科技,软件,92.3,深市主板,未标记,49.46,49.08,600,29676.0,15.26,-0.72,726088294.48,,,,,,,,,
300607,拓斯达,未归类,92.2,创业板,未标记,33.13,31.26,900,29817.0,15.09,12.12,967393433.04,,,,,,,,,
605133,嵘泰股份,未归类,91.38,沪市主板,未标记,38.96,37.31,700,27272.0,20.33,11.47,590634084.67,,,,,,,,,
300619,金银河,未归类,89.39,创业板,未标记,49.07,46.17,600,29442.0,21.66,11.22,602321071.0,,,,,,,,,
300812,易天股份,未归类,88.84,创业板,未标记,40.45,39.6,700,28315.0,16.99,10.94,562222969.9,,,,,,,,,
603341,龙旗科技,软件,88.65,沪市主板,未标记,39.46,38.68,700,27622.0,11.46,7.23,524638228.54,,,,,,,,,
002683,广东宏大,未归类,87.51,深市主板,未标记,40.77,39.34,700,28539.0,17.09,11.03,678033692.21,,,,,,,,,
603931,格林达,未归类,84.86,沪市主板,未标记,44.4,42.86,600,26640.0,18.26,10.83,511345714.77,,,,,,,,,
688319,欧林生物,医药,84.74,科创板,未标记,38.04,35.72,700,26628.0,20.4,10.2,531456553.92,,,,,,,,,
688208,道通科技,软件,82.99,科创板,未标记,38.52,35.79,700,26964.0,15.91,11.33,772670815.11,,,,,,,,,
002940,昂利康,未归类,78.07,深市主板,未标记,33.12,33.05,900,29808.0,10.28,-0.09,583377017.89,,,,,,,,,
