记录ID,记录时间,交易日期,交易类型,股票代码,股票名称,方向,买入价格,卖出价格,数量,买入手续费,卖出手续费,卖出印花税,手续费合计,到手利润,收益率,闭环状态,策略来源,是否按计划执行,备注
20260907100254_002192_隔日T_买入并卖出,2026-09-07 10:02:54,2026-09-07,隔日T,002192,融捷股份,买入并卖出,64.86,65.45,100,5.0,5.0,3.27,13.27,45.73,0.71,已闭环,系统候选,是,
20260907095443_002192_日内T_买入并卖出,2026-09-07 09:54:43,2026-09-07,日内T,002192,融捷股份,买入并卖出,64.68,65.45,100,5.0,5.0,3.27,13.27,63.73,0.99,已闭环,系统候选,是,
20260907094337_002192_日内T_买入并卖出,2026-09-07 09:43:37,2026-09-07,日内T,002192,融捷股份,买入并卖出,64.68,65.3,100,5.0,5.0,3.27,13.27,48.73,0.75,已闭环,系统候选,是,
20260904113008_002213_日内T_买入并卖出,2026-09-04 11:30:08,2026-09-04,日内T,002213,大为股份,买入并卖出,28.69,29.16,100,5.0,5.0,1.46,11.46,35.54,1.24,已闭环,系统候选,是,
20260904102101_300623_隔日T_买入并卖出,2026-09-04 10:21:01,2026-09-04,隔日T,300623,捷捷微电,买入并卖出,29.5,30.1,200,5.0,5.0,3.01,13.01,106.99,1.81,已闭环,系统候选,是,
20260904094534_300623_日内T_买入并卖出,2026-09-04 09:45:34,2026-09-04,日内T,300623,捷捷微电,买入并卖出,29.8,30.04,300,5.0,5.0,4.51,14.51,57.49,0.64,已闭环,系统候选,是,
20260903102928_300623_日内T_买入并卖出,2026-09-03 10:29:28,2026-09-03,日内T,300623,捷捷微电,买入并卖出,29.48,29.3,200,5.0,5.0,2.93,12.93,-48.93,-0.83,已闭环,系统候选,是,
20260903102741_002192_隔日T_买入并卖出,2026-09-03 10:27:41,2026-09-03,日内T,002192,融捷股份,买入并卖出,69.76,70.3,100,5.0,5.0,3.52,13.52,40.48,0.58,已闭环,系统候选,是,
20260903100313_002192_日内T_买入并卖出,2026-09-03 10:03:13,2026-09-03,日内T,002192,融捷股份,买入并卖出,69.94,70.6,100,5.0,5.0,3.53,13.53,52.47,0.75,已闭环,系统候选,是,
20260903095842_300623_隔日T_买入并卖出,2026-09-03 09:58:42,2026-09-03,隔日T,300623,捷捷微电,买入并卖出,29.48,29.65,200,5.0,5.0,2.96,12.96,21.04,0.36,已闭环,系统候选,是,
20260902141158_002213_日内T_买入并卖出,2026-09-02 14:11:58,2026-09-02,日内T,002213,大为股份,买入并卖出,28.88,29.23,100,5.0,5.0,1.46,11.46,23.54,0.82,已闭环,系统候选,是,
20260902135158_603799_日内T_买入并卖出,2026-09-02 13:51:58,2026-09-02,日内T,603799,华友钴业,买入并卖出,68.88,69.32,100,5.0,5.0,3.47,13.47,30.53,0.44,已闭环,系统候选,是,
20260902101350_002213_日内T_买入并卖出,2026-09-02 10:13:50,2026-09-02,日内T,002213,大为股份,买入并卖出,28.99,29.19,100,5.0,5.0,1.46,11.46,8.54,0.29,已闭环,系统候选,是,
20260902101308_300623_日内T_买入并卖出,2026-09-02 10:13:08,2026-09-01,日内T,300623,捷捷微电,买入并卖出,29.3,29.6,300,5.0,5.0,4.44,14.44,75.56,0.86,已闭环,系统候选,是,
20260901102238_603799_隔日T_买入并卖出,2026-09-01 10:22:38,2026-09-01,隔日T,603799,华友钴业,买入并卖出,72.32,73.4,100,5.0,5.0,3.67,13.67,94.33,1.3,已闭环,系统候选,是,
20260901100038_002213_隔日T_买入并卖出,2026-09-01 10:00:38,2026-09-01,隔日T,002213,大为股份,买入并卖出,29.66,30.53,200,5.0,5.0,3.05,13.05,160.95,2.71,已闭环,系统候选,是,
20260901095410_002213_隔日T_买入并卖出,2026-09-01 09:54:10,2026-09-01,隔日T,002213,大为股份,买入并卖出,29.57,30.53,200,5.0,5.0,3.05,13.05,178.95,3.03,已闭环,系统候选,是,
20260901094956_300623_隔日T_买入并卖出,2026-09-01 09:49:56,2026-09-01,隔日T,300623,捷捷微电,买入并卖出,29.94,30.1,400,5.0,5.0,6.02,16.02,47.98,0.4,已闭环,系统候选,是,
20260901094342_002213_隔日T_买入并卖出,2026-09-01 09:43:42,2026-09-01,隔日T,002213,大为股份,买入并卖出,29.8,30.53,200,5.0,5.0,3.05,13.05,132.95,2.23,已闭环,系统候选,是,
20260831094207_603799_隔日T_买入并卖出,2026-08-31 09:42:07,2026-08-31,隔日T,603799,华友钴业,买入并卖出,39.27,39.98,300,5.0,5.0,6.0,16.0,197.0,1.67,已闭环,系统候选,是,
20260828103316_603799_隔日T_买入并卖出,2026-08-28 10:33:16,2026-08-28,隔日T,603799,华友钴业,买入并卖出,39.5,39.98,200,5.0,5.0,4.0,14.0,82.0,1.04,已闭环,系统候选,是,
20260828102409_002213_日内T_买入并卖出,2026-08-28 10:24:09,2026-08-28,日内T,002213,大为股份,买入并卖出,31.35,31.85,200,5.0,5.0,3.19,13.19,86.81,1.38,已闭环,系统候选,是,
20260828095934_002213_隔日T_买入并卖出,2026-08-28 09:59:34,2026-08-28,隔日T,002213,大为股份,买入并卖出,31.25,31.85,200,5.0,5.0,3.19,13.19,106.81,1.71,已闭环,系统候选,是,
20260828093705_002213_隔日T_买入并卖出,2026-08-28 09:37:05,2026-08-28,隔日T,002213,大为股份,买入并卖出,30.93,31.42,300,5.0,5.0,4.71,14.71,132.29,1.43,已闭环,系统候选,是,
20260827133511_002213_日内T_买入并卖出,2026-08-27 13:35:11,2026-08-27,日内T,002213,大为股份,买入并卖出,31.0,31.4,200,5.0,5.0,3.14,13.14,66.86,1.08,已闭环,系统候选,是,
20260827125843_603799_日内T_买入并卖出,2026-08-27 12:58:43,2026-08-27,日内T,603799,华友钴业,买入并卖出,39.55,40.06,100,5.0,5.0,2.0,12.0,39.0,0.99,已闭环,系统候选,是,
20260827125725_002213_日内T_买入并卖出,2026-08-27 12:57:25,2026-08-27,日内T,002213,大为股份,买入并卖出,30.8,31.5,100,5.0,5.0,1.57,11.57,58.43,1.9,已闭环,系统候选,是,
20260827102653_300623_隔日T_买入并卖出,2026-08-27 10:26:53,2026-08-27,隔日T,300623,捷捷微电,买入并卖出,29.9,30.2,300,5.0,5.0,4.53,14.53,75.47,0.84,已闭环,系统候选,是,
20260826110350_300623_日内T_买入并卖出,2026-08-26 11:03:50,2026-08-26,日内T,300623,捷捷微电,买入并卖出,30.08,30.4,200,5.0,5.0,3.04,13.04,50.96,0.85,已闭环,系统候选,是,
20260826110236_002213_日内T_买入并卖出,2026-08-26 11:02:36,2026-08-26,日内T,002213,大为股份,买入并卖出,31.28,31.4,200,5.0,5.0,3.14,13.14,10.86,0.17,已闭环,系统候选,是,
20260826105028_300623_隔日T_买入并卖出,2026-08-26 10:50:28,2026-08-26,隔日T,300623,捷捷微电,买入并卖出,28.93,30.4,200,5.0,5.0,3.04,13.04,280.96,4.86,已闭环,系统候选,是,
20260826104503_300623_隔日T_买入并卖出,2026-08-26 10:45:03,2026-08-26,隔日T,300623,捷捷微电,买入并卖出,28.93,30.15,200,5.0,5.0,3.02,13.02,230.98,3.99,已闭环,系统候选,是,
20260826104310_002213_日内T_买入并卖出,2026-08-26 10:43:10,2026-08-26,日内T,002213,大为股份,买入并卖出,30.88,31.4,200,5.0,5.0,3.14,13.14,90.86,1.47,已闭环,系统候选,是,
20260826104126_NO_CODE_日内T_买入并卖出,2026-08-26 10:41:26,2026-08-26,日内T,,京东方,买入并卖出,5.73,5.77,200,5.0,5.0,0.58,10.58,-2.58,-0.23,已闭环,系统候选,是,
20260826103854_300623_隔日T_买入并卖出,2026-08-26 10:38:54,2026-08-26,隔日T,300623,捷捷微电,买入并卖出,28.93,29.8,300,5.0,5.0,4.47,14.47,246.53,2.84,已闭环,系统候选,是,
20260826094657_603799_隔日T_买入并卖出,2026-08-26 09:46:57,2026-08-26,隔日T,603799,华友钴业,买入并卖出,39.17,39.38,200,5.0,5.0,3.94,13.94,28.06,0.36,已闭环,系统候选,是,
20260825103902_NO_CODE_隔日T_买入并卖出,2026-08-25 10:39:02,2026-08-25,日内T,,捷捷微电,买入并卖出,28.85,29.25,100,5.0,5.0,1.46,11.46,28.54,0.99,已闭环,盘中机会,是,
20260825101824_002213_日内T_买入并卖出,2026-08-25 10:18:24,2026-08-24,日内T,002213,大为股份,买入并卖出,31.18,29.68,500,5.0,5.0,7.42,17.42,-767.42,-4.92,已闭环,复盘补录,是,
20260825101236_NO_CODE_隔日T_买入并卖出,2026-08-25 10:12:36,2026-08-24,隔日T,,捷捷微电,买入并卖出,28.75,29.25,300,5.0,5.0,4.39,14.39,135.61,1.57,已闭环,盘中机会,是,
20260824110758_002213_日内T_买入并卖出,2026-08-24 11:07:58,2026-08-24,日内T,002213,大为股份,买入并卖出,30.9,31.5,200,5.0,5.0,3.15,13.15,106.85,1.73,已闭环,盘中机会,是,
20260824103610_002213_隔日T_买入并卖出,2026-08-24 10:36:10,2026-08-24,隔日T,002213,大为股份,买入并卖出,29.6,31.4,400,5.0,5.0,6.28,16.28,703.72,5.94,已闭环,盘中机会,是,
20260824102540_002213_隔日T_买入并卖出,2026-08-24 10:25:40,2026-08-24,隔日T,002213,大为股份,买入并卖出,29.7,30.13,400,5.0,5.0,6.03,16.03,155.97,1.31,已闭环,盘中机会,是,
20260824102426_NO_CODE_日内T_买入并卖出,2026-08-24 10:24:26,2026-08-24,日内T,,捷捷微电,买入并卖出,29.95,30.3,200,5.0,5.0,3.03,13.03,56.97,0.95,已闭环,系统候选,是,
20260824095516_NO_CODE_隔日T_买入并卖出,2026-08-24 09:55:16,2026-08-24,隔日T,,捷捷微电,买入并卖出,30.06,30.3,200,5.0,5.0,3.03,13.03,34.97,0.58,已闭环,盘中机会,是,
20260824095239_NO_CODE_隔日T_买入并卖出,2026-08-24 09:52:39,2026-08-24,隔日T,,华友钴业,买入并卖出,41.2,41.45,200,5.0,5.0,4.15,14.15,35.85,0.44,已闭环,盘中机会,是,
20260824094934_NO_CODE_日内T_买入并卖出,2026-08-24 09:49:34,2026-08-24,日内T,,捷捷微电,买入并卖出,29.55,29.9,200,5.0,5.0,2.99,12.99,57.01,0.96,已闭环,盘中机会,是,
20260821110122_002213_隔日T_买入并卖出,2026-08-21 11:01:22,2026-08-21,隔日T,002213,大为股份,买入并卖出,29.47,29.7,300,5.0,5.0,4.46,14.46,54.54,0.62,已闭环,盘中机会,是,
20260821104105_002213_隔日T_买入并卖出,2026-08-21 10:41:05,2026-08-21,隔日T,002213,大为股份,买入并卖出,29.47,29.78,300,5.0,5.0,4.47,14.47,78.53,0.89,已闭环,盘中机会,是,
20260821102847_002213_日内T_买入并卖出,2026-08-21 10:28:47,2026-08-21,日内T,002213,大为股份,买入并卖出,29.59,29.88,200,5.0,5.0,2.99,12.99,45.01,0.76,已闭环,盘中机会,是,
20260821101359_002213_隔日T_买入并卖出,2026-08-21 10:13:59,2026-08-21,隔日T,002213,大为股份,买入并卖出,29.5,29.78,300,5.0,5.0,4.47,14.47,69.53,0.79,已闭环,盘中机会,是,
20260820143742_NO_CODE_隔日T_买入并卖出,2026-08-20 14:37:42,2026-08-20,隔日T,,大唐电信,买入并卖出,7.58,7.63,600,5.0,5.0,2.29,12.29,17.71,0.39,已闭环,系统候选,是,
20260820103016_NO_CODE_隔日T_买入并卖出,2026-08-20 10:30:16,2026-08-20,隔日T,,华友钴业,买入并卖出,39.9,40.14,300,5.0,5.0,6.02,16.02,55.98,0.47,已闭环,盘中机会,是,
20260820102755_NO_CODE_隔日T_买入并卖出,2026-08-20 10:27:55,2026-08-20,隔日T,,大唐电信,买入并卖出,7.41,7.43,1000,5.0,5.0,3.71,13.71,6.29,0.08,已闭环,盘中机会,是,
20260820101355_002213_日内T_买入并卖出,2026-08-20 10:13:55,2026-08-20,日内T,002213,大为股份,买入并卖出,30.55,31.0,300,5.0,5.0,4.65,14.65,120.35,1.31,已闭环,系统候选,是,
20260820100724_002213_日内T_买入并卖出,2026-08-20 10:07:24,2026-08-20,日内T,002213,大为股份,买入并卖出,30.12,31.0,300,5.0,5.0,4.65,14.65,249.35,2.76,已闭环,盘中机会,是,
20260820100014_NO_CODE_日内T_买入并卖出,2026-08-20 10:00:14,2026-08-20,日内T,,京东方,买入并卖出,5.91,6.02,300,5.0,5.0,0.9,10.9,22.1,1.25,已闭环,盘中机会,是,
20260820095735_002213_隔日T_买入并卖出,2026-08-20 09:57:35,2026-08-20,隔日T,002213,大为股份,买入并卖出,29.74,30.27,300,5.0,5.0,4.54,14.54,144.46,1.62,已闭环,系统候选,是,
20260820095615_002213_隔日T_买入并卖出,2026-08-20 09:56:15,2026-08-20,隔日T,002213,大为股份,买入并卖出,30.12,30.27,300,5.0,5.0,4.54,14.54,30.46,0.34,已闭环,系统候选,是,
20260820093931_NO_CODE_隔日T_买入并卖出,2026-08-20 09:39:31,2026-08-20,隔日T,,京东方,买入并卖出,5.91,6.29,300,5.0,5.0,0.94,10.94,103.06,5.81,已闭环,盘中机会,是,
20260819143645_NO_CODE_隔日T_买入并卖出,2026-08-19 14:36:45,2026-08-19,隔日T,,京东方,买入并卖出,5.97,6.42,700,5.0,5.0,2.25,12.25,302.75,7.24,已闭环,盘中机会,是,
20260819142738_NO_CODE_隔日T_买入并卖出,2026-08-19 14:27:38,2026-08-19,隔日T,,京东方,买入并卖出,6.1,6.21,800,5.0,5.0,2.48,12.48,75.52,1.55,已闭环,盘中机会,是,
20260819142458_NO_CODE_隔日T_买入并卖出,2026-08-19 14:24:58,2026-08-19,隔日T,,大唐电信,买入并卖出,7.41,7.54,1000,5.0,5.0,3.77,13.77,116.23,1.57,已闭环,盘中机会,是,
20260819095635_002213_隔日T_买入并卖出,2026-08-19 09:56:35,2026-08-19,隔日T,002213,大为股份,买入并卖出,30.04,30.4,300,5.0,5.0,4.56,14.56,93.44,1.04,已闭环,盘中机会,是,
20260819095337_002466_日内T_买入并卖出,2026-08-19 09:53:37,2026-08-19,日内T,002466,天齐锂业,买入并卖出,47.0,47.5,100,5.0,5.0,2.38,12.38,37.62,0.8,已闭环,盘中机会,是,
20260819093203_NO_CODE_隔日T_买入并卖出,2026-08-19 09:32:03,2026-08-18,隔日T,,京东方,买入并卖出,5.85,6.21,800,5.0,5.0,2.48,12.48,275.52,5.89,已闭环,盘中机会,是,
20260819092556_NO_CODE_隔日T_买入并卖出,2026-08-19 09:25:56,2026-08-18,隔日T,,京东方,买入并卖出,5.85,6.28,1000,5.0,5.0,3.14,13.14,416.86,7.13,已闭环,盘中机会,是,
20260818104349_NO_CODE_日内T_买入并卖出,2026-08-18 10:43:49,2026-08-18,日内T,,京东方,买入并卖出,6.28,6.42,300,5.0,5.0,0.96,10.96,31.04,1.65,已闭环,盘中机会,是,
20260818102240_NO_CODE_日内T_买入并卖出,2026-08-18 10:22:40,2026-08-18,日内T,,京东方,买入并卖出,6.35,6.42,700,5.0,5.0,2.25,12.25,36.75,0.83,已闭环,盘中机会,是,
20260818100957_NO_CODE_隔日T_买入并卖出,2026-08-18 10:09:57,2026-08-18,隔日T,,京东方,买入并卖出,5.85,6.42,700,5.0,5.0,2.25,12.25,386.75,9.44,已闭环,盘中机会,是,
20260818100712_000933_隔日T_买入并卖出,2026-08-18 10:07:12,2026-08-18,隔日T,000933,神火股份,买入并卖出,26.26,26.41,300,5.0,5.0,3.96,13.96,31.04,0.39,已闭环,盘中机会,是,
20260818095730_NO_CODE_隔日T_买入并卖出,2026-08-18 09:57:30,2026-08-18,隔日T,,京东方,买入并卖出,5.85,6.16,600,5.0,5.0,1.85,11.85,174.15,4.96,已闭环,盘中机会,是,
20260817102306_NO_CODE_日内T_买入并卖出,2026-08-17 10:23:06,2026-08-17,日内T,,华友钴业,买入并卖出,42.38,42.55,100,5.0,5.0,2.13,12.13,4.87,0.11,已闭环,手动观察,是,
20260817101047_NO_CODE_日内T_买入并卖出,2026-08-17 10:10:47,2026-08-17,日内T,,华友钴业,买入并卖出,41.88,42.55,100,5.0,5.0,2.13,12.13,54.87,1.31,已闭环,盘中机会,是,
20260814141111_000933_日内T_买入并卖出,2026-08-14 14:11:11,2026-08-14,日内T,000933,神火股份,买入并卖出,26.57,26.66,300,5.0,5.0,4.0,14.0,13.0,0.16,已闭环,盘中机会,是,
20260814141013_002213_日内T_买入并卖出,2026-08-14 14:10:13,2026-08-14,日内T,002213,大为股份,买入并卖出,29.47,30.05,300,5.0,5.0,4.51,14.51,159.49,1.8,已闭环,系统候选,是,
20260814112311_002213_日内T_买入并卖出,2026-08-14 11:23:11,2026-08-14,日内T,002213,大为股份,买入并卖出,29.55,30.2,100,5.0,5.0,1.51,11.51,53.49,1.81,已闭环,盘中机会,是,
20260814103830_NO_CODE_隔日T_买入并卖出,2026-08-14 10:38:30,2026-08-14,隔日T,,华友钴业,买入并卖出,42.11,42.45,100,5.0,5.0,2.12,12.12,21.88,0.52,已闭环,盘中机会,是,
20260814094550_002213_隔日T_买入并卖出,2026-08-14 09:45:50,2026-08-14,隔日T,002213,大为股份,买入并卖出,29.89,30.2,400,5.0,5.0,6.04,16.04,107.96,0.9,已闭环,盘中机会,是,
20260813144708_002213_隔日T_买入并卖出,2026-08-13 14:47:08,2026-08-13,隔日T,002213,大为股份,买入并卖出,29.89,30.1,500,5.0,5.0,7.53,17.53,87.47,0.59,已闭环,盘中机会,是,
20260813144559_002466_日内T_买入并卖出,2026-08-13 14:45:59,2026-08-13,日内T,002466,天齐锂业,买入并卖出,47.96,48.4,100,5.0,5.0,2.42,12.42,31.58,0.66,已闭环,盘中机会,是,
20260813140217_002466_隔日T_买入并卖出,2026-08-13 14:02:17,2026-08-13,隔日T,002466,天齐锂业,买入并卖出,47.28,48.4,100,5.0,5.0,2.42,12.42,99.58,2.11,已闭环,盘中机会,是,
20260812111910_NO_CODE_日内T_买入并卖出,2026-08-12 11:19:10,2026-08-12,日内T,,华友钴业,买入并卖出,43.42,43.81,100,5.0,5.0,2.19,12.19,26.81,0.62,已闭环,盘中机会,是,
20260812102315_600096_日内T_买入并卖出,2026-08-12 10:23:15,2026-08-12,日内T,600096,云天化,买入并卖出,29.92,30.1,300,5.0,5.0,4.51,14.51,39.49,0.44,已闭环,盘中机会,是,
20260812101655_000933_日内T_买入并卖出,2026-08-12 10:16:55,2026-08-12,日内T,000933,神火股份,买入并卖出,27.54,27.74,300,5.0,5.0,4.16,14.16,45.84,0.55,已闭环,盘中机会,是,
20260811143221_600096_隔日T_买入并卖出,2026-08-11 14:32:21,2026-08-11,隔日T,600096,云天化,买入并卖出,29.87,30.45,100,5.0,5.0,1.52,11.52,46.48,1.56,已闭环,盘中机会,是,
20260811133759_002213_日内T_买入并卖出,2026-08-11 13:37:59,2026-08-11,日内T,002213,大为股份,买入并卖出,29.92,30.09,200,5.0,5.0,3.01,13.01,20.99,0.35,已闭环,盘中机会,是,
20260811133634_600096_隔日T_买入并卖出,2026-08-11 13:36:34,2026-08-11,隔日T,600096,云天化,买入并卖出,30.17,30.45,200,5.0,5.0,3.04,13.04,42.96,0.71,已闭环,盘中机会,是,
20260811133528_002213_隔日T_买入并卖出,2026-08-11 13:35:28,2026-08-11,隔日T,002213,大为股份,买入并卖出,29.72,29.95,300,5.0,5.0,4.49,14.49,54.51,0.61,已闭环,盘中机会,是,
20260811133411_000933_日内T_买入并卖出,2026-08-11 13:34:11,2026-08-11,日内T,000933,神火股份,买入并卖出,27.11,27.7,300,5.0,5.0,4.16,14.16,162.84,2.0,已闭环,盘中机会,是,
20260811094716_603799_隔日T_买入并卖出,2026-08-11 09:47:16,2026-08-11,隔日T,603799,华友钴业,买入并卖出,44.61,45.38,100,5.0,5.0,2.27,12.27,64.73,1.45,已闭环,盘中机会,是,
20260811094336_600096_隔日T_买入并卖出,2026-08-11 09:43:36,2026-08-11,隔日T,600096,云天化,买入并卖出,30.14,30.45,300,5.0,5.0,4.57,14.57,78.43,0.87,已闭环,盘中机会,是,
20260811093547_603799_隔日T_买入并卖出,2026-08-11 09:35:47,2026-08-11,隔日T,603799,华友钴业,买入并卖出,44.72,45.38,100,5.0,5.0,2.27,12.27,53.73,1.2,已闭环,盘中机会,是,
20260807111653_NO_CODE_隔日T_买入并卖出,2026-08-07 11:16:53,2026-08-07,隔日T,,雅化集团,买入并卖出,18.2,18.4,300,5.0,5.0,2.76,12.76,47.24,0.87,已闭环,手动观察,是,
20260807111611_600096_日内T_买入并卖出,2026-08-07 11:16:11,2026-08-07,日内T,600096,云天化,买入并卖出,29.99,30.21,100,5.0,5.0,1.51,11.51,10.49,0.35,已闭环,盘中机会,是,
20260807100810_603799_隔日T_买入并卖出,2026-08-07 10:08:10,2026-08-07,隔日T,603799,华友钴业,买入并卖出,41.93,43.47,100,5.0,5.0,2.17,12.17,141.83,3.38,已闭环,手动观察,是,
20260807095934_000933_日内T_买入并卖出,2026-08-07 09:59:34,2026-08-07,日内T,000933,神火股份,买入并卖出,26.98,27.11,300,5.0,5.0,4.07,14.07,24.93,0.31,已闭环,盘中机会,是,
20260807094146_603799_隔日T_买入并卖出,2026-08-07 09:41:46,2026-08-06,隔日T,603799,华友钴业,买入并卖出,41.93,43.33,200,5.0,5.0,4.33,14.33,265.67,3.17,已闭环,手动观察,是,
20260807094052_603799_日内T_买入并卖出,2026-08-07 09:40:52,2026-08-06,日内T,603799,华友钴业,买入并卖出,42.87,43.33,200,5.0,5.0,4.33,14.33,77.67,0.91,已闭环,手动观察,是,
20260806111952_002213_隔日T_买入并卖出,2026-08-06 11:19:52,2026-08-06,隔日T,002213,大为股份,买入并卖出,28.86,29.37,100,5.0,5.0,1.47,11.47,39.53,1.37,已闭环,盘中机会,是,
20260805104355_002213_日内T_买入并卖出,2026-08-05 10:43:55,2026-08-05,日内T,002213,大为股份,买入并卖出,28.04,28.86,100,5.0,5.0,1.44,11.44,70.56,2.52,已闭环,盘中机会,是,
20260805104306_000933_隔日T_买入并卖出,2026-08-05 10:43:06,2026-08-05,隔日T,000933,神火股份,买入并卖出,25.5,26.05,200,5.0,5.0,2.6,12.6,97.4,1.91,已闭环,盘中机会,是,
20260804100532_002213_隔日T_买入并卖出,2026-08-04 10:05:32,2026-08-04,隔日T,002213,大为股份,买入并卖出,25.38,25.74,300,5.0,5.0,3.86,13.86,94.14,1.24,已闭环,手动观察,是,
20260804100421_600096_隔日T_买入并卖出,2026-08-04 10:04:21,2026-08-04,隔日T,600096,云天化,买入并卖出,29.17,29.5,200,5.0,5.0,2.95,12.95,53.05,0.91,已闭环,手动观察,是,
20260803105615_NO_CODE_日内T_买入并卖出,2026-08-03 10:56:15,2026-08-03,日内T,,雅化集团,买入并卖出,17.96,18.1,300,5.0,5.0,2.71,12.71,29.29,0.54,已闭环,盘中机会,是,
20260803102455_NO_CODE_隔日T_买入并卖出,2026-08-03 10:24:55,2026-08-03,隔日T,,雅化集团,买入并卖出,17.49,18.1,300,5.0,5.0,2.71,12.71,170.29,3.25,已闭环,盘中机会,是,
20260803101146_002466_隔日T_买入并卖出,2026-08-03 10:11:46,2026-08-03,隔日T,002466,天齐锂业,买入并卖出,44.43,45.56,100,5.0,5.0,2.28,12.28,100.72,2.27,已闭环,盘中机会,是,
20260803095341_002213_隔日T_买入并卖出,2026-08-03 09:53:41,2026-08-03,隔日T,002213,大为股份,买入并卖出,25.63,27.49,200,5.0,5.0,2.75,12.75,359.25,7.01,已闭环,盘中机会,是,
20260728104733_NO_CODE_隔日T_买入并卖出,2026-07-28 10:47:33,2026-07-28,隔日T,,雅化集团,买入并卖出,17.58,17.82,300,5.0,5.0,2.67,12.67,59.33,1.12,已闭环,系统候选,是,
20260728104654_002213_日内T_买入并卖出,2026-07-28 10:46:54,2026-07-27,日内T,002213,大为股份,买入并卖出,27.35,27.7,300,5.0,5.0,4.16,14.16,90.84,1.11,已闭环,手动观察,是,
20260728104620_002192_日内T_买入并卖出,2026-07-28 10:46:20,2026-07-27,日内T,002192,融捷股份,买入并卖出,66.52,67.4,100,5.0,5.0,3.37,13.37,74.63,1.12,已闭环,盘中机会,是,
20260727143139_NO_CODE_隔日T_买入并卖出,2026-07-27 14:31:39,2026-07-27,隔日T,,雅化集团,买入并卖出,17.3,17.64,200,5.0,5.0,1.76,11.76,56.24,1.63,已闭环,盘中机会,是,
20260727134139_002466_日内T_买入并卖出,2026-07-27 13:41:39,2026-07-27,日内T,002466,天齐锂业,买入并卖出,44.76,45.24,100,5.0,5.0,2.26,12.26,35.74,0.8,已闭环,盘中机会,是,
20260727134044_002192_日内T_买入并卖出,2026-07-27 13:40:44,2026-07-27,日内T,002192,融捷股份,买入并卖出,63.7,64.24,100,5.0,5.0,3.21,13.21,40.79,0.64,已闭环,盘中机会,是,
20260727105329_002466_隔日T_买入并卖出,2026-07-27 10:53:29,2026-07-27,隔日T,002466,天齐锂业,买入并卖出,44.51,45.24,100,5.0,5.0,2.26,12.26,60.74,1.36,已闭环,盘中机会,是,
20260727104102_NO_CODE_隔日T_买入并卖出,2026-07-27 10:41:02,2026-07-27,隔日T,,雅化集团,买入并卖出,17.3,17.51,300,5.0,5.0,2.63,12.63,50.37,0.97,已闭环,系统候选,是,
20260727103918_002192_日内T_买入并卖出,2026-07-27 10:39:18,2026-07-27,日内T,002192,融捷股份,买入并卖出,63.37,64.24,100,5.0,5.0,3.21,13.21,73.79,1.16,已闭环,盘中机会,是,
20260727101631_002213_日内T_买入并卖出,2026-07-27 10:16:31,2026-07-27,日内T,002213,大为股份,买入并卖出,27.2,27.5,300,5.0,5.0,4.12,14.12,75.88,0.93,已闭环,系统候选,是,
20260727094847_600096_日内T_买入并卖出,2026-07-27 09:48:47,2026-07-27,日内T,600096,云天化,买入并卖出,28.57,29.01,200,5.0,5.0,2.9,12.9,75.1,1.31,已闭环,盘中机会,是,
